player_id,player_name,country,player_url
4,crashies,us,/player/4/crashies
7,bonkar,se,/player/7/bonkar
9,TenZ,ca,/player/9/tenz
10,rhyme,no,/player/10/rhyme
11,Zyppan,se,/player/11/zyppan
19,jammyz,us,/player/19/jammyz
36,YaBoiDre,us,/player/36/yaboidre
45,SicK,us,/player/45/sick
46,ShahZaM,us,/player/46/shahzam
47,zombs,us,/player/47/zombs
53,Inspire,us,/player/53/inspire
56,shroud,ca,/player/56/shroud
57,Hiko,us,/player/57/hiko
62,HUYNH,vn,/player/62/huynh
63,MkaeL,ca,/player/63/mkael
64,gMd,ca,/player/64/gmd
65,effys,ca,/player/65/effys
69,thief,us,/player/69/thief
72,WARDELL,ca,/player/72/wardell
74,hazed,us,/player/74/hazed
75,Subroza,ca,/player/75/subroza
78,kaboose,us,/player/78/kaboose
87,Ex6TenZ,be,/player/87/ex6tenz
92,ScreaM,be,/player/92/scream
93,Mixwell,es,/player/93/mixwell
97,Kryptix,gb,/player/97/kryptix
98,ardiis,lv,/player/98/ardiis
99,L1NK,gb,/player/99/l1nk
100,ec1s,gb,/player/100/ec1s
101,soulcas,gb,/player/101/soulcas
108,leakeN,lt,/player/108/leaken
109,ANGE1,ua,/player/109/ange1
111,dinkzj,ru,/player/111/dinkzj
114,Enzo,fr,/player/114/enzo
115,CREA,fr,/player/115/crea
122,luckeRRR,de,/player/122/luckerrr
129,hype,lt,/player/129/hype
156,Temperature,us,/player/156/temperature
172,vakk,lt,/player/172/vakk
194,Yacine,se,/player/194/yacine
195,Desmo,dk,/player/195/desmo
217,SEIDER,dk,/player/217/seider
220,beyAz,fr,/player/220/beyaz
226,rodeN,fr,/player/226/roden
233,pyth,se,/player/233/pyth
252,d3ffo,ru,/player/252/d3ffo
253,Sp1ke,un,/player/253/sp1ke
259,arch,ua,/player/259/arch
260,corey,us,/player/260/corey
261,Victor,us,/player/261/victor
262,Shanks,ca,/player/262/shanks
263,Marved,ca,/player/263/marved
274,hoppY,fr,/player/274/hoppy
279,draken,se,/player/279/draken
283,Davidp,be,/player/283/davidp
292,Fit1nho,es,/player/292/fit1nho
298,Lightning,un,/player/298/lightning
299,Lee,ru,/player/299/lee
301,TakaS,fr,/player/301/takas
302,ZE1SH,eg,/player/302/ze1sh
309,paTiTek,pl,/player/309/patitek
312,Sayf,se,/player/312/sayf
314,Ambi,cz,/player/314/ambi
320,dimasick,kz,/player/320/dimasick
321,chiwa,ru,/player/321/chiwa
322,Duno,un,/player/322/duno
331,KQC3x,ru,/player/331/kqc3x
339,koldamenta,es,/player/339/koldamenta
362,Tian,ru,/player/362/tian
363,7ssk7,by,/player/363/7ssk7
365,Art1st,un,/player/365/art1st
381,sharyk,lv,/player/381/sharyk
384,Shao,un,/player/384/shao
402,Insider,ru,/player/402/insider
419,jcStani,us,/player/419/jcstani
421,Genghsta,mn,/player/421/genghsta
424,Dep,jp,/player/424/dep
425,HaReeee,jp,/player/425/hareeee
426,Kaminari,jp,/player/426/kaminari
427,Feez,jp,/player/427/feez
438,Boaster,gb,/player/438/boaster
440,AKUMAAAAA,fr,/player/440/akumaaaaa
442,Coffee,by,/player/442/coffee
443,zeddy,by,/player/443/zeddy
448,Meddo,se,/player/448/meddo
451,ShadoW,se,/player/451/shadow
454,dapr,us,/player/454/dapr
456,NLaaeR,ru,/player/456/nlaaer
457,nAts,ru,/player/457/nats
458,Chronicle,ru,/player/458/chronicle
461,Gray,ru,/player/461/gray
468,ZachaREEE,us,/player/468/zachareee
471,fiveK,kr,/player/471/fivek
473,zunba,kr,/player/473/zunba
474,xeta,kr,/player/474/xeta
476,exy,kr,/player/476/exy
482,iNTRO,kr,/player/482/intro
483,RyZzi,kr,/player/483/ryzzi
485,stax,kr,/player/485/stax
486,Jinx,kr,/player/486/jinx
488,Rb,kr,/player/488/rb
542,gob b,de,/player/542/gob-b
556,SouhcNi,tr,/player/556/souhcni
557,Mavera,tr,/player/557/mavera
558,Toronto,tr,/player/558/toronto
562,zeek,pl,/player/562/zeek
565,starxo,pl,/player/565/starxo
568,Turko,tr,/player/568/turko
569,pAura,tr,/player/569/paura
570,m1tez,tr,/player/570/m1tez
572,legoo,tr,/player/572/legoo
573,cNed,tr,/player/573/cned
575,kero,tr,/player/575/kero
582,Dcop,mx,/player/582/dcop
584,Gonnak,mx,/player/584/gonnak
586,sickLy,co,/player/586/sickly
588,Alejo,co,/player/588/alejo
589,AztKk,mx,/player/589/aztkk
594,BetrayerN,mx,/player/594/betrayern
601,Asuna,us,/player/601/asuna
604,Boostio,us,/player/604/boostio
612,mitch,us,/player/612/mitch
619,C0M,us,/player/619/c0m
625,thwifo,us,/player/625/thwifo
650,akemy,br,/player/650/akemy
651,frz,br,/player/651/frz
659,Sacy,br,/player/659/sacy
662,pryze,br,/player/662/pryze
664,BRNWOWZK1,br,/player/664/brnwowzk1
667,pepa,br,/player/667/pepa
673,DiMAS,br,/player/673/dimas
681,xand,br,/player/681/xand
683,pANcada,br,/player/683/pancada
686,Tonbo,jp,/player/686/tonbo
687,zepher,jp,/player/687/zepher
706,Norisen,jp,/player/706/norisen
713,akz,cl,/player/713/akz
723,guishorro,ar,/player/723/guishorro
725,nzr,ar,/player/725/nzr
726,Pule,ar,/player/726/pule
727,saadhak,ar,/player/727/saadhak
728,leobas,ar,/player/728/leobas
729,Zellsis,us,/player/729/zellsis
733,stellar,us,/player/733/stellar
740,aproto,us,/player/740/aproto
754,nerve,us,/player/754/nerve
761,pho,us,/player/761/pho
769,TiGG,us,/player/769/tigg
770,glow,kr,/player/770/glow
771,k1Ng,kr,/player/771/k1ng
772,Zest,kr,/player/772/zest
773,Lakia,kr,/player/773/lakia
783,murizzz,br,/player/783/murizzz
796,eeiu,ca,/player/796/eeiu
804,BuZz,kr,/player/804/buzz
805,Bazzi,kr,/player/805/bazzi
806,Moothie,kr,/player/806/moothie
817,FiNESSE,ca,/player/817/finesse
818,mummAy,us,/player/818/mummay
824,AYRIN,ca,/player/824/ayrin
826,supamen,us,/player/826/supamen
828,Reformed,ca,/player/828/reformed
844,bdog,us,/player/844/bdog
848,Kanpeki,us,/player/848/kanpeki
849,POISED,ca,/player/849/poised
861,Poach,us,/player/861/poach
862,b0i,us,/player/862/b0i
864,BcJ,us,/player/864/bcj
868,logaN,fr,/player/868/logan
871,pl1xx,au,/player/871/pl1xx
872,Autumn,au,/player/872/autumn
875,Texta,au,/player/875/texta
881,yay,us,/player/881/yay
882,dephh,gb,/player/882/dephh
916,vice,us,/player/916/vice
935,Nyang,br,/player/935/nyang
936,fznnn,br,/player/936/fznnn
937,JhoW,br,/player/937/jhow
938,Jonn,br,/player/938/jonn
939,mwzera,br,/player/939/mwzera
941,TxoziN,br,/player/941/txozin
950,fra,br,/player/950/fra
951,bld,br,/player/951/bld
953,rst,br,/player/953/rst
981,CoSa,kr,/player/981/cosa
982,GODLIKE,kr,/player/982/godlike
983,TS,kr,/player/983/ts
985,Efina,kr,/player/985/efina
991,Skeeyy,jp,/player/991/skeeyy
992,rion,jp,/player/992/rion
993,Medusa,kr,/player/993/medusa
998,mittiii,jp,/player/998/mittiii
999,Laz,jp,/player/999/laz
1000,crow,jp,/player/1000/crow
1001,barce,jp,/player/1001/barce
1002,takej,jp,/player/1002/takej
1003,Reita,jp,/player/1003/reita
1005,2zzy,jp,/player/1005/2zzy
1006,Flax,jp,/player/1006/flax
1008,KuuKai,jp,/player/1008/kuukai
1010,Zerost,jp,/player/1010/zerost
1014,Pepper,jp,/player/1014/pepper
1023,XXiF,ca,/player/1023/xxif
1026,ade,jp,/player/1026/ade
1027,marin,jp,/player/1027/marin
1030,ryota-,jp,/player/1030/ryota
1045,SylFy,jp,/player/1045/sylfy
1046,Fisker,jp,/player/1046/fisker
1048,NeruFi,jp,/player/1048/nerufi
1077,SamuraiDeeper,jp,/player/1077/samuraideeper
1113,dicey,us,/player/1113/dicey
1129,Rossy,us,/player/1129/rossy
1137,Twisten,cz,/player/1137/twisten
1139,qRaxs,tr,/player/1139/qraxs
1144,Boo,lt,/player/1144/boo
1155,Buld,pl,/player/1155/buld
1157,AslaN,de,/player/1157/aslan
1160,nieSoW,de,/player/1160/niesow
1162,Russ,gb,/player/1162/russ
1175,signed,nz,/player/1175/signed
1209,SWERL,au,/player/1209/swerl
1219,v1xen,br,/player/1219/v1xen
1220,delevingne,br,/player/1220/delevingne
1221,krain,br,/player/1221/krain
1222,fzkk,br,/player/1222/fzkk
1223,drago,br,/player/1223/drago
1231,fuzari,br,/player/1231/fuzari
1265,johnqt,ma,/player/1265/johnqt
1281,MOLSI,pl,/player/1281/molsi
1287,Capi,ar,/player/1287/capi
1288,Ar4n,ar,/player/1288/ar4n
1289,BEAST,ar,/player/1289/beast
1291,bnj,ar,/player/1291/bnj
1292,raizen,es,/player/1292/raizen
1293,D1E,cl,/player/1293/d1e
1294,NagZ,cl,/player/1294/nagz
1296,WKN,cl,/player/1296/wkn
1308,rochet,cl,/player/1308/rochet
1309,Tio,cl,/player/1309/tio
1311,Melser,cl,/player/1311/melser
1313,kraizzzz,cl,/player/1313/kraizzzz
1321,Leazo,ar,/player/1321/leazo
1323,RAINMAKER,gt,/player/1323/rainmaker
1348,hvoya,ru,/player/1348/hvoya
1369,doma,hr,/player/1369/doma
1378,Addicted,pt,/player/1378/addicted
1380,Leo,se,/player/1380/leo
1395,TENNN,jp,/player/1395/tennn
1398,mag0o,tr,/player/1398/mag0o
1399,sterben,tr,/player/1399/sterben
1401,SasuKe,tr,/player/1401/sasuke
1411,Will,ca,/player/1411/will
1426,minse,ru,/player/1426/minse
1427,Redgar,ru,/player/1427/redgar
1428,sheydos,ru,/player/1428/sheydos
1429,d0rf,vn,/player/1429/d0rf
1430,crazyguy,vn,/player/1430/crazyguy
1431,P1nA,vn,/player/1431/p1na
1432,nTK,vn,/player/1432/ntk
1433,Hyzee,vn,/player/1433/hyzee
1437,YESicaN,vn,/player/1437/yesican
1445,Muramasa,mx,/player/1445/muramasa
1451,Sancho,mx,/player/1451/sancho
1457,Mistic,gb,/player/1457/mistic
1470,SimonD4rk,by,/player/1470/simond4rk
1471,yuudai,ru,/player/1471/yuudai
1475,kamyk,pl,/player/1475/kamyk
1478,Vlady,ru,/player/1478/vlady
1480,aimDLL,tr,/player/1480/aimdll
1481,AsLanM4shadoW,tr,/player/1481/aslanm4shadow
1507,AvovA,dk,/player/1507/avova
1524,H1ber,fi,/player/1524/h1ber
1533,Derrek,us,/player/1533/derrek
1564,rhz,br,/player/1564/rhz
1565,light,br,/player/1565/light
1566,prozin,br,/player/1566/prozin
1567,bezn1,br,/player/1567/bezn1
1575,qck,br,/player/1575/qck
1576,pleets,br,/player/1576/pleets
1578,shion,br,/player/1578/shion
1584,leonzhet,ar,/player/1584/leonzhet
1585,gtn,br,/player/1585/gtn
1586,v1nny,br,/player/1586/v1nny
1595,Myssen,br,/player/1595/myssen
1607,ntk,br,/player/1607/ntk
1613,spellfull,kz,/player/1613/spellfull
1615,Destrian,lt,/player/1615/destrian
1640,zakkv,br,/player/1640/zakkv
1658,NANZIN,br,/player/1658/nanzin
1670,matheuzin,br,/player/1670/matheuzin
1671,kon4n,br,/player/1671/kon4n
1684,deNaro,br,/player/1684/denaro
1687,ableJ,br,/player/1687/ablej
1711,Khalil,br,/player/1711/khalil
1740,flainzz,br,/player/1740/flainzz
1742,Asteriskk,id,/player/1742/asteriskk
1743,blaZek1ng,id,/player/1743/blazek1ng
1745,adrnking,id,/player/1745/adrnking
1792,disk0,au,/player/1792/disk0
1818,tex,de,/player/1818/tex
1828,XiSTOU,tr,/player/1828/xistou
1839,Polvi,fi,/player/1839/polvi
1850,ShoT_UP,us,/player/1850/shot-up
1851,oderus,us,/player/1851/oderus
1856,wedid,pl,/player/1856/wedid
1857,PureR,us,/player/1857/purer
1874,steady,ru,/player/1874/steady
1882,Mixmeha,ru,/player/1882/mixmeha
1885,purp0,ru,/player/1885/purp0
1897,Bgg,ru,/player/1897/bgg
1904,Iyo,tw,/player/1904/iyo
1906,Ra1ny,tw,/player/1906/ra1ny
1908,kongared,th,/player/1908/kongared
1912,wannafly,th,/player/1912/wannafly
1916,free1ng,kr,/player/1916/free1ng
1920,Kant,tw,/player/1920/kant
1924,Ace,hk,/player/1924/ace
1932,maxie,se,/player/1932/maxie
1948,Halbae,kr,/player/1948/halbae
1952,Esperanza,kr,/player/1952/esperanza
1953,10X,kr,/player/1953/10x
1960,eKo,kr,/player/1960/eko
1963,Hate,kr,/player/1963/hate
1970,neth,jp,/player/1970/neth
1971,oitaN,jp,/player/1971/oitan
1972,poem,jp,/player/1972/poem
1973,RIPablo,jp,/player/1973/ripablo
1983,H1yaA,kr,/player/1983/h1yaa
1985,Kelly,kr,/player/1985/kelly
1986,IDG,kr,/player/1986/idg
1994,Evilkyk,br,/player/1994/evilkyk
1999,RND,br,/player/1999/rnd
2006,glym,br,/player/2006/glym
2021,axeddy,br,/player/2021/axeddy
2035,gustt1nha,br,/player/2035/gustt1nha
2038,weber,gb,/player/2038/weber
2041,akaone,kr,/player/2041/akaone
2094,hugeon,ru,/player/2094/hugeon
2107,russ,tr,/player/2107/russ
2126,Shawn12590,us,/player/2126/shawn12590
2134,Derialy,jp,/player/2134/derialy
2135,hyouka,jp,/player/2135/hyouka
2139,neptune,us,/player/2139/neptune
2140,Rawkus,us,/player/2140/rawkus
2142,climax,kr,/player/2142/climax
2147,Harry,kr,/player/2147/harry
2149,C1ndeR,kr,/player/2149/c1nder
2164,Paincakes,us,/player/2164/paincakes
2168,trexx,ru,/player/2168/trexx
2170,BABYBAY,us,/player/2170/babybay
2172,brawk,us,/player/2172/brawk
2173,MAGNUM,cz,/player/2173/magnum
2186,MORFAN,pl,/player/2186/morfan
2189,qxv,pl,/player/2189/qxv
2190,baddyG,pl,/player/2190/baddyg
2256,Jady,ru,/player/2256/jady
2285,braveaf,ru,/player/2285/braveaf
2313,feqew,lt,/player/2313/feqew
2316,Dreamas,lt,/player/2316/dreamas
2331,Anaks,kr,/player/2331/anaks
2332,ParkJJong,kr,/player/2332/parkjjong
2333,BORKUM,ph,/player/2333/borkum
2334,JessieVash,ph,/player/2334/jessievash
2335,dispenser,ph,/player/2335/dispenser
2336,whoME,ph,/player/2336/whome
2348,Famouz,id,/player/2348/famouz
2349,Fat Penguin,id,/player/2349/fat-penguin
2361,Retla,sg,/player/2361/retla
2362,Egoist,sg,/player/2362/egoist
2364,JdFaker,sg,/player/2364/jdfaker
2366,aLerT,th,/player/2366/alert
2368,b3ta,th,/player/2368/b3ta
2380,ZesBeeW,sg,/player/2380/zesbeew
2382,falfalfal,sg,/player/2382/falfalfal
2383,LEXY,sg,/player/2383/lexy
2388,THEELOVEFAMILY,th,/player/2388/theelovefamily
2389,newgen,th,/player/2389/newgen
2395,debout,cl,/player/2395/debout
2400,Brofeld,jp,/player/2400/brofeld
2402,l4cerr,ar,/player/2402/l4cerr
2403,mizu,ar,/player/2403/mizu
2405,UNNSTO,ar,/player/2405/unnsto
2408,tuyz,br,/player/2408/tuyz
2415,Veroneze,br,/player/2415/veroneze
2442,nitr0,us,/player/2442/nitr0
2445,Dhimoruto,jp,/player/2445/dhimoruto
2451,tockers,br,/player/2451/tockers
2452,Patiphan,th,/player/2452/patiphan
2460,byrf,cl,/player/2460/byrf
2461,DOGAO,cl,/player/2461/dogao
2462,keznit,cl,/player/2462/keznit
2463,MT1,cl,/player/2463/mt1
2464,suther,cl,/player/2464/suther
2468,delz1k,cl,/player/2468/delz1k
2469,gessito,cl,/player/2469/gessito
2470,olzerr,cl,/player/2470/olzerr
2471,wait,cl,/player/2471/wait
2475,cukijAs,ar,/player/2475/cukijas
2486,pollo,br,/player/2486/pollo
2489,Munchkin,kr,/player/2489/munchkin
2490,jfoeN,co,/player/2490/jfoen
2491,nolan,co,/player/2491/nolan
2494,Simple,mx,/player/2494/simple
2496,Caz,pr,/player/2496/caz
2497,Dobsha,do,/player/2497/dobsha
2498,Eldogor,co,/player/2498/eldogor
2499,HellFull,co,/player/2499/hellfull
2502,Sam,mx,/player/2502/sam
2503,Sh0ckwave,mx,/player/2503/sh0ckwave
2507,ANDROID,ca,/player/2507/android
2511,TENSAI,kr,/player/2511/tensai
2534,lowel,es,/player/2534/lowel
2554,Anker,jp,/player/2554/anker
2567,liazzi,br,/player/2567/liazzi
2586,HANLING,ar,/player/2586/hanling
2610,Klaus,ar,/player/2610/klaus
2615,CLZ,jp,/player/2615/clz
2622,Newzera,fr,/player/2622/newzera
2625,sh1n,fr,/player/2625/sh1n
2653,Jesse,cz,/player/2653/jesse
2670,steel,ca,/player/2670/steel
2671,popogachi,jp,/player/2671/popogachi
2679,DubsteP,ph,/player/2679/dubstep
2680,Ching,ph,/player/2680/ching
2690,hoody,fi,/player/2690/hoody
2753,BandiCoot,co,/player/2753/bandicoot
2764,DaveeyS,co,/player/2764/daveeys
2769,DemiGod,hn,/player/2769/demigod
2773,Smasher,hn,/player/2773/smasher
2783,Fablo,co,/player/2783/fablo
2786,xander,co,/player/2786/xander
2790,Danielesflo,co,/player/2790/danielesflo
2791,Zakren,cl,/player/2791/zakren
2798,tehx,cl,/player/2798/tehx
2806,delusion,cl,/player/2806/delusion
2819,lucasvade,cl,/player/2819/lucasvade
2827,Wyz,co,/player/2827/wyz
2858,SUYGETSU,un,/player/2858/suygetsu
2881,LohaN,pt,/player/2881/lohan
2894,Kiles,ua,/player/2894/kiles
2900,Klauss,cl,/player/2900/klauss
2909,alca,cl,/player/2909/alca
2910,vickt0r,cl,/player/2910/vickt0r
2911,adi,cl,/player/2911/adi
2931,vaiZ,cl,/player/2931/vaiz
2938,TwoPotz,co,/player/2938/twopotz
2965,GWASA,co,/player/2965/gwasa
2990,Hastad,ar,/player/2990/hastad
2993,rDeeW,au,/player/2993/rdeew
2995,Maka,mx,/player/2995/maka
3016,Miracle,cn,/player/3016/miracle
3017,nobody,cn,/player/3017/nobody
3020,coldfish,cn,/player/3020/coldfish
3021,Biank,cn,/player/3021/biank
3024,DK,cn,/player/3024/dk
3025,Zero1,cn,/player/3025/zero1
3027,Cyah,hk,/player/3027/cyah
3028,Life,cn,/player/3028/life
3031,Septem7,cn,/player/3031/septem7
3045,LuoK1ng,cn,/player/3045/luok1ng
3049,sword9,cn,/player/3049/sword9
3070,nukkye,lt,/player/3070/nukkye
3124,Core,cn,/player/3124/core
3127,MONSTEERR,cz,/player/3127/monsteerr
3132,Kehmicals,ca,/player/3132/kehmicals
3156,chase,br,/player/3156/chase
3157,gaabxx,br,/player/3157/gaabxx
3169,Zap,br,/player/3169/zap
3176,Porkys,co,/player/3176/porkys
3180,Frosty,us,/player/3180/frosty
3342,Sushiboys,th,/player/3342/sushiboys
3387,Biscoit1n,br,/player/3387/biscoit1n
3400,Pooh1Tap,th,/player/3400/pooh1tap
3401,PTC,th,/player/3401/ptc
3429,Magic,br,/player/3429/magic
3433,CTC,br,/player/3433/ctc
3455,Zanatsu,br,/player/3455/zanatsu
3514,JL,cn,/player/3514/jl
3517,maizi,cn,/player/3517/maizi
3519,jkuro,cn,/player/3519/jkuro
3520,ZmjjKK,cn,/player/3520/zmjjkk
3547,Ninebody,cn,/player/3547/ninebody
3582,keloqz,fr,/player/3582/keloqz
3589,Yato,tr,/player/3589/yato
3590,ST0MPiN,tr,/player/3590/st0mpin
3604,MOJJ,tr,/player/3604/mojj
3607,Brasco,tr,/player/3607/brasco
3622,HellrangeR,in,/player/3622/hellranger
3626,Lightningfast,in,/player/3626/lightningfast
3629,KappA,in,/player/3629/kappa
3630,skillZ,in,/player/3630/skillz
3672,BONECOLD,fi,/player/3672/bonecold
3674,iluri,fi,/player/3674/iluri
3677,Fross,cl,/player/3677/fross
3678,seb,us,/player/3678/seb
3685,flyuh,us,/player/3685/flyuh
3722,koalanoob,ca,/player/3722/koalanoob
3741,vo0kashu,ru,/player/3741/vo0kashu
3753,Obnoks,de,/player/3753/obnoks
3757,dazzLe,us,/player/3757/dazzle
3805,flammable,ru,/player/3805/flammable
3806,xenon,ru,/player/3806/xenon
3807,Winteryrook,by,/player/3807/winteryrook
3826,adverso,cl,/player/3826/adverso
3828,Tacolilla,cl,/player/3828/tacolilla
3880,bang,us,/player/3880/bang
3885,valyn,us,/player/3885/valyn
3901,cuppycake,vn,/player/3901/cuppycake
3908,Akashi,vn,/player/3908/akashi
3922,KEREME,pl,/player/3922/kereme
3943,Ichiro,by,/player/3943/ichiro
3945,end7my,ua,/player/3945/end7my
3948,Circle5,ru,/player/3948/circle5
3977,Crws,th,/player/3977/crws
3980,Governor,kr,/player/3980/governor
3983,Virtyy,do,/player/3983/virtyy
3993,jawgemo,kh,/player/3993/jawgemo
4004,zekken,us,/player/4004/zekken
4011,daps,ca,/player/4011/daps
4038,Bangnan,kr,/player/4038/bangnan
4048,Xpp,kr,/player/4048/xpp
4049,iRdy,kr,/player/4049/irdy
4051,HANN,kr,/player/4051/hann
4052,Jinboong,kr,/player/4052/jinboong
4054,Secret,kr,/player/4054/secret
4055,Eugene,kr,/player/4055/eugene
4056,Sylvan,kr,/player/4056/sylvan
4057,Chibab,kr,/player/4057/chibab
4060,DaeGi,kr,/player/4060/daegi
4062,Wavy,kr,/player/4062/wavy
4095,SkRossi,in,/player/4095/skrossi
4121,GwangUh,kr,/player/4121/gwanguh
4122,Persia,kr,/player/4122/persia
4127,Felix,kr,/player/4127/felix
4128,Fantasy,kr,/player/4128/fantasy
4130,Rain,kr,/player/4130/rain
4133,Lawrence,kr,/player/4133/lawrence
4135,Slash,kr,/player/4135/slash
4147,Cryocells,us,/player/4147/cryocells
4164,s0m,us,/player/4164/s0m
4179,Chocol4tE,jp,/player/4179/chocol4te
4180,Panic,ru,/player/4180/panic
4181,Cloud,ru,/player/4181/cloud
4182,dreAms,ru,/player/4182/dreams
4244,YaBoiLewis,wa,/player/4244/yaboilewis
4311,Star1og,cn,/player/4311/star1og
4320,YiHao,cn,/player/4320/yihao
4321,ceNder,lt,/player/4321/cender
4325,musashi,de,/player/4325/musashi
4340,Dani,ca,/player/4340/dani
4373,wippie,ru,/player/4373/wippie
4374,Redneval,vn,/player/4374/redneval
4375,SuperBusS,th,/player/4375/superbuss
4376,SantaGolf,th,/player/4376/santagolf
4377,JohnOlsen,th,/player/4377/johnolsen
4378,LAMMYSNAX,th,/player/4378/lammysnax
4379,Zelyn,th,/player/4379/zelyn
4382,sScary,th,/player/4382/sscary
4386,LeviathanAG,ge,/player/4386/leviathanag
4402,o0o0o,cn,/player/4402/o0o0o
4403,wqc,cn,/player/4403/wqc
4404,suyjing,cn,/player/4404/suyjing
4410,R1ckLee,cn,/player/4410/r1cklee
4416,Link,cn,/player/4416/link
4426,Klaus,kr,/player/4426/klaus
4428,UdoTan,kr,/player/4428/udotan
4462,MaKo,kr,/player/4462/mako
4469,Keria,kr,/player/4469/keria
4474,godko,kr,/player/4474/godko
4475,BENECIA,kr,/player/4475/benecia
4476,GANA,kr,/player/4476/gana
4477,LOB,kr,/player/4477/lob
4479,Jeong Hi,kr,/player/4479/jeong-hi
4483,Wenty,kr,/player/4483/wenty
4488,WIX,kr,/player/4488/wix
4521,UNFAKE,pl,/player/4521/unfake
4544,Filu,pl,/player/4544/filu
4545,Sayaplayer,kr,/player/4545/sayaplayer
4556,txddy,br,/player/4556/txddy
4558,allow,kr,/player/4558/allow
4559,Suggest,kr,/player/4559/suggest
4560,peri,kr,/player/4560/peri
4561,Sound,kr,/player/4561/sound
4562,solo,kr,/player/4562/solo
4563,kobra,kr,/player/4563/kobra
4581,JonahP,ca,/player/4581/jonahp
4586,BARBAROSSA,tr,/player/4586/barbarossa
4587,MACHINERIS,tr,/player/4587/machineris
4603,xms,fr,/player/4603/xms
4629,azury,de,/player/4629/azury
4657,Moves,kr,/player/4657/moves
4663,JoXJo,kr,/player/4663/joxjo
4664,GangPin,kr,/player/4664/gangpin
4678,BeYN,kr,/player/4678/beyn
4705,Flex1n,cn,/player/4705/flex1n
4710,YOU,hk,/player/4710/you
4711,XiaoFei,cn,/player/4711/xiaofei
4712,heybay,hk,/player/4712/heybay
4720,Haodong,cn,/player/4720/haodong
4723,YuChEn,cn,/player/4723/yuchen
4727,PangH,cn,/player/4727/pangh
4742,Smoggy,cn,/player/4742/smoggy
4764,Lyy,cn,/player/4764/lyy
4770,FengF,cn,/player/4770/fengf
4771,ICEKING,cn,/player/4771/iceking
4773,AAK,cn,/player/4773/aak
4774,Knight,cn,/player/4774/knight
4778,kawaii,cn,/player/4778/kawaii
4827,GodDead,kr,/player/4827/goddead
4828,NiSMO,lb,/player/4828/nismo
4866,Kushy,id,/player/4866/kushy
4871,xffero,id,/player/4871/xffero
4872,frostmind,id,/player/4872/frostmind
4874,BerserX,id,/player/4874/berserx
4880,nizhaoTZH,cn,/player/4880/nizhaotzh
4881,Spitfires,cn,/player/4881/spitfires
4885,whzy,cn,/player/4885/whzy
4893,lauress,tr,/player/4893/lauress
4927,NaturE,us,/player/4927/nature
4931,Add3r,us,/player/4931/add3r
4962,lurzy0y0,tr,/player/4962/lurzy0y0
5004,nataNk,fr,/player/5004/natank
5011,Abo,cn,/player/5011/abo
5013,cxyy,cn,/player/5013/cxyy
5016,Kaspe,fi,/player/5016/kaspe
5022,Derke,fi,/player/5022/derke
5129,ban,kr,/player/5129/ban
5132,mada,ca,/player/5132/mada
5188,Apoth,ca,/player/5188/apoth
5198,Daa,kr,/player/5198/daa
5203,Bati,pt,/player/5203/bati
5241,Maple,au,/player/5241/maple
5244,sutecas,br,/player/5244/sutecas
5255,Neal X,kr,/player/5255/neal-x
5266,envy,kr,/player/5266/envy
5283,Bunny,kr,/player/5283/bunny
5292,al0rante,de,/player/5292/al0rante
5351,RgLMeister,br,/player/5351/rglmeister
5372,shelbyN,br,/player/5372/shelbyn
5375,lukzera,br,/player/5375/lukzera
5395,cortezia,br,/player/5395/cortezia
5476,Minty,jp,/player/5476/minty
5498,Kipperman,tr,/player/5498/kipperman
5499,Kuzuur,tr,/player/5499/kuzuur
5506,Magnitude,tr,/player/5506/magnitude
5513,Darrick,tr,/player/5513/darrick
5516,buzlumuzlusut,tr,/player/5516/buzlumuzlusut
5518,demo,tr,/player/5518/demo
5550,grubinho,pl,/player/5550/grubinho
5554,PROFEK,pl,/player/5554/profek
5564,DeadInk,tr,/player/5564/deadink
5565,Rosé,tr,/player/5565/ros
5566,jeyj7y,tr,/player/5566/jeyj7y
5568,sociablEE,tr,/player/5568/sociablee
5569,p0wa77,tr,/player/5569/p0wa77
5638,Tuna,eg,/player/5638/tuna
5639,Shalaby,eg,/player/5639/shalaby
5641,fr0st,eg,/player/5641/fr0st
5642,chrollo,eg,/player/5642/chrollo
5654,Avez,eg,/player/5654/avez
5676,zizox,eg,/player/5676/zizox
5685,Delend,th,/player/5685/delend
5687,AloNeFillz,th,/player/5687/alonefillz
5716,Maverick,br,/player/5716/maverick
5722,prince,br,/player/5722/prince
5796,Kr1stal,ru,/player/5796/kr1stal
5893,RobbieBk,nl,/player/5893/robbiebk
5957,artzin,br,/player/5957/artzin
6022,yosemite,cn,/player/6022/yosemite
6126,sibeastw0w,ru,/player/6126/sibeastw0w
6189,Cryy,br,/player/6189/cryy
6193,cauanzin,br,/player/6193/cauanzin
6195,lz,br,/player/6195/lz
6211,Pernalonga,br,/player/6211/pernalonga
6212,ceegu1N,br,/player/6212/ceegu1n
6213,jacobin,br,/player/6213/jacobin
6238,Urango,br,/player/6238/urango
6456,Torrify,us,/player/6456/torrify
6464,poiz,us,/player/6464/poiz
6510,AtaKaptan,tr,/player/6510/atakaptan
6513,YANKAS,tr,/player/6513/yankas
6517,Gaijin,tr,/player/6517/gaijin
6518,fred,tr,/player/6518/fred
6559,DESTRUCT1VEE,tr,/player/6559/destruct1vee
6582,neT,us,/player/6582/net
6584,curry,us,/player/6584/curry
6654,WRONSKI,au,/player/6654/wronski
6668,SugarZ3ro,jp,/player/6668/sugarz3ro
6672,Meiy,jp,/player/6672/meiy
6674,makiba,jp,/player/6674/makiba
6698,KaKU,jp,/player/6698/kaku
6699,TORANECO,jp,/player/6699/toraneco
6700,Anthem,jp,/player/6700/anthem
6701,kaminoco,jp,/player/6701/kaminoco
6702,bazz,jp,/player/6702/bazz
6723,foxz,th,/player/6723/foxz
6878,RUBINO,no,/player/6878/rubino
6911,Ds,pt,/player/6911/ds
6959,Flickless,be,/player/6959/flickless
7042,Eeyore,id,/player/7042/eeyore
7043,NcSlasher,id,/player/7043/ncslasher
7045,fl1pzjder,id,/player/7045/fl1pzjder
7046,no1syboy,id,/player/7046/no1syboy
7047,vascalizz,id,/player/7047/vascalizz
7048,budimeisteR,id,/player/7048/budimeister
7049,natz,id,/player/7049/natz
7105,qpert,rs,/player/7105/qpert
7106,diseased,by,/player/7106/diseased
7135,zjc,cn,/player/7135/zjc
7323,Clarenz,co,/player/7323/clarenz
7353,glovee,tr,/player/7353/glovee
7378,Jinggg,sg,/player/7378/jinggg
7403,EJAY,ph,/player/7403/ejay
7405,Jremy,ph,/player/7405/jremy
7406,Yohann,ph,/player/7406/yohann
7408,JoshS,ph,/player/7408/joshs
7410,Karl,ph,/player/7410/karl
7416,skye,sg,/player/7416/skye
7426,Juicy,sg,/player/7426/juicy
7437,kellyS,ph,/player/7437/kellys
7458,moose,ca,/player/7458/moose
7483,NakJi,kr,/player/7483/nakji
7588,ligasa,cl,/player/7588/ligasa
7589,adi,cl,/player/7589/adi
7603,Mazino,cl,/player/7603/mazino
7605,Closer,ar,/player/7605/closer
7607,RoaN,ar,/player/7607/roan
7609,CrayZ,ar,/player/7609/crayz
7616,Feniz,cr,/player/7616/feniz
7618,theory,co,/player/7618/theory
7639,ezznap,co,/player/7639/ezznap
7652,Tuli,cl,/player/7652/tuli
7660,Fizzy,pt,/player/7660/fizzy
7716,penny,ca,/player/7716/penny
7718,xnfri,jp,/player/7718/xnfri
7732,modeskiii,ph,/player/7732/modeskiii
7751,FireSaiyajiN,ph,/player/7751/firesaiyajin
7754,xavi8k,ph,/player/7754/xavi8k
7761,Floatqq,tw,/player/7761/floatqq
7763,PPDBJ,tw,/player/7763/ppdbj
7764,Lmemore,id,/player/7764/lmemore
7802,Flynch,id,/player/7802/flynch
7804,severiNe,id,/player/7804/severine
7841,TvirusLuke,tw,/player/7841/tvirusluke
7848,Fung3,hk,/player/7848/fung3
7849,SiuFatBB,hk,/player/7849/siufatbb
7851,Uta,hk,/player/7851/uta
7857,BerLIN,tw,/player/7857/berlin
7861,W1nner,tw,/player/7861/w1nner
7866,Click,de,/player/7866/click
7870,vanity,us,/player/7870/vanity
7871,Xeppaa,us,/player/7871/xeppaa
7873,leaf,us,/player/7873/leaf
7888,BlackWiz,jp,/player/7888/blackwiz
7987,KovaQ,ch,/player/7987/kovaq
8002,Brazilian,jp,/player/8002/brazilian
8003,Vue3,jp,/player/8003/vue3
8004,Zennakukin,jp,/player/8004/zennakukin
8005,Xandrite,jp,/player/8005/xandrite
8009,vong,no,/player/8009/vong
8025,cedrik,tw,/player/8025/cedrik
8034,TheNightChe,tr,/player/8034/thenightche
8039,Unity,tr,/player/8039/unity
8041,Brave,tr,/player/8041/brave
8044,MrFaliN,tr,/player/8044/mrfalin
8054,JDRelax,co,/player/8054/jdrelax
8055,SkuLLL,co,/player/8055/skulll
8056,Mited,co,/player/8056/mited
8057,Josegxbo,co,/player/8057/josegxbo
8082,zander,ca,/player/8082/zander
8137,lenne,sg,/player/8137/lenne
8165,Daicute,vn,/player/8165/daicute
8225,f1cio,vn,/player/8225/f1cio
8226,waddle,gb,/player/8226/waddle
8240,Layla,vn,/player/8240/layla
8277,fenNy,cl,/player/8277/fenny
8286,GLYPH,ph,/player/8286/glyph
8369,yetujey,tr,/player/8369/yetujey
8373,Okeanos,vn,/player/8373/okeanos
8376,seven,mx,/player/8376/seven
8402,icy,us,/player/8402/icy
8419,Reduxx,us,/player/8419/reduxx
8422,Spaz,us,/player/8422/spaz
8447,Less,br,/player/8447/less
8456,mNdS,br,/player/8456/mnds
8480,aspas,br,/player/8480/aspas
8497,Monyet,id,/player/8497/monyet
8502,OLIZERA,pt,/player/8502/olizera
8504,invy,ph,/player/8504/invy
8549,kiNgg,cl,/player/8549/kingg
8551,Muj,tr,/player/8551/muj
8582,Laz,th,/player/8582/laz
8590,KILLDREAM,pt,/player/8590/killdream
8667,balua,cn,/player/8667/balua
8673,heat,br,/player/8673/heat
8706,havoc,br,/player/8706/havoc
8716,koosta,us,/player/8716/koosta
8723,MatiS,cl,/player/8723/matis
8727,delus1on,cl,/player/8727/delus1on
8731,andreewchl,cl,/player/8731/andreewchl
8742,jakee,us,/player/8742/jakee
8795,Krmz,mx,/player/8795/krmz
8808,pyrolll,ee,/player/8808/pyrolll
8824,vCan,tr,/player/8824/vcan
8825,Nirenu,tr,/player/8825/nirenu
8834,bucher,de,/player/8834/bucher
8841,sian,tr,/player/8841/sian
8842,Mykoz,tr,/player/8842/mykoz
8872,mazin,br,/player/8872/mazin
8873,dgzin,br,/player/8873/dgzin
8889,ryotzz,br,/player/8889/ryotzz
9063,infiltrator,vn,/player/9063/infiltrator
9094,Kess,kr,/player/9094/kess
9152,Deryeon,sg,/player/9152/deryeon
9192,Cloudy,kr,/player/9192/cloudy
9196,t3xture,kr,/player/9196/t3xture
9225,pr0xy,kr,/player/9225/pr0xy
9248,Zeus,kr,/player/9248/zeus
9255,Has1ra14,kr,/player/9255/has1ra14
9263,sayoo,id,/player/9263/sayoo
9266,Tisora,br,/player/9266/tisora
9278,x v y,id,/player/9278/x-v-y
9296,roseau,id,/player/9296/roseau
9360,diewijAs,cl,/player/9360/diewijas
9371,1szaqt,mx,/player/9371/1szaqt
9374,Baez,co,/player/9374/baez
9554,kaajak,pl,/player/9554/kaajak
9558,Wolfen,bg,/player/9558/wolfen
9734,senyorcarl,ph,/player/9734/senyorcarl
9735,2GE,ph,/player/9735/2ge
9736,Flash,ph,/player/9736/flash
9740,Wild0reoo,ph,/player/9740/wild0reoo
9747,Emman,ph,/player/9747/emman
9780,Jamppi,fi,/player/9780/jamppi
9790,Redwater877,kr,/player/9790/redwater877
9799,Tommy,sg,/player/9799/tommy
9800,mindfreak,id,/player/9800/mindfreak
9801,f0rsakeN,id,/player/9801/f0rsaken
9802,Benkai,sg,/player/9802/benkai
9803,d4v41,my,/player/9803/d4v41
9810,Alfajer,tr,/player/9810/alfajer
10053,FireBallOps,us,/player/10053/fireballops
10089,ANDY,au,/player/10089/andy
10114,baha,tr,/player/10114/baha
10125,qw1,tr,/player/10125/qw1
10126,mt1xo,tr,/player/10126/mt1xo
10146,reazy,tr,/player/10146/reazy
10160,Izzy,tr,/player/10160/izzy
10161,QutionerX,tr,/player/10161/qutionerx
10163,CyderX,tr,/player/10163/cyderx
10307,marteen,cz,/player/10307/marteen
10338,Lime,gb,/player/10338/lime
10486,YHchen,tw,/player/10486/yhchen
10496,PAULTATO,tw,/player/10496/paultato
10543,Safiro,ar,/player/10543/safiro
10553,zidduk,cl,/player/10553/zidduk
10557,Darker,co,/player/10557/darker
10568,Nefty,mx,/player/10568/nefty
10575,Reverse,mx,/player/10575/reverse
10581,Ryu,mx,/player/10581/ryu
10584,Seoldam,kr,/player/10584/seoldam
10585,Astell,kr,/player/10585/astell
10587,SepiaMars,jp,/player/10587/sepiamars
10588,hiroronn,jp,/player/10588/hiroronn
10601,Herro,gt,/player/10601/herro
10604,Fearay,mx,/player/10604/fearay
10626,Osanpo,jp,/player/10626/osanpo
10627,Art,jp,/player/10627/art
10628,Misaya,jp,/player/10628/misaya
10639,K1llgrave,jp,/player/10639/k1llgrave
10658,kurozooted,jp,/player/10658/kurozooted
10660,RoBeeee,jp,/player/10660/robeeee
10661,Phantom,jp,/player/10661/phantom
10698,nephh,sg,/player/10698/nephh
10703,shiba,sg,/player/10703/shiba
10718,rowancy,mx,/player/10718/rowancy
10739,Shiro,id,/player/10739/shiro
10782,Witz,ph,/player/10782/witz
10816,xccurate,id,/player/10816/xccurate
10821,deLb,id,/player/10821/delb
10885,DaviH,pt,/player/10885/davih
10887,Dimaoneshot,ru,/player/10887/dimaoneshot
10959,deshaunte,us,/player/10959/deshaunte
10971,RieNs,tr,/player/10971/riens
11046,deigara,ar,/player/11046/deigara
11105,rich,br,/player/11105/rich
11118,skuba,us,/player/11118/skuba
11134,Kicks,ee,/player/11134/kicks
11155,HussaR,cl,/player/11155/hussar
11218,Yuicaw,tw,/player/11218/yuicaw
11225,Ethan,us,/player/11225/ethan
11259,conir,cl,/player/11259/conir
11332,ara,ro,/player/11332/ara
11494,keiko,gb,/player/11494/keiko
11524,Nicc,tw,/player/11524/nicc
11527,NoMan,hk,/player/11527/noman
11555,flippy,ph,/player/11555/flippy
11558,N1CO,ph,/player/11558/n1co
11600,Foxy9,kr,/player/11600/foxy9
11704,STYRON,sg,/player/11704/styron
11705,Zeno,sg,/player/11705/zeno
11737,Xan,my,/player/11737/xan
11843,Yoyo,tw,/player/11843/yoyo
11917,ExiT,sa,/player/11917/exit
11921,silentzz,br,/player/11921/silentzz
12075,BELKY,br,/player/12075/belky
12098,Kadoom,th,/player/12098/kadoom
12226,sturNN,tr,/player/12226/sturnn
12322,NDG,ph,/player/12322/ndg
12365,coconut,hk,/player/12365/coconut
12670,nekky,tr,/player/12670/nekky
12793,xeus,tr,/player/12793/xeus
12795,Crewen,tr,/player/12795/crewen
12872,david,cl,/player/12872/david
12928,Veqaj,fr,/player/12928/veqaj
12981,Killer,jp,/player/12981/killer
12987,kakashi,jp,/player/12987/kakashi
12990,SyouTa,jp,/player/12990/syouta
13000,RedLight,kr,/player/13000/redlight
13002,Akame,kr,/player/13002/akame
13039,Meteor,kr,/player/13039/meteor
13093,jzz,br,/player/13093/jzz
13181,pdr,br,/player/13181/pdr
13219,Papi,ph,/player/13219/papi
13220,JA,ph,/player/13220/ja
13221,azys,ph,/player/13221/azys
13222,Pro,ph,/player/13222/pro
13223,micr0,ph,/player/13223/micr0
13229,Aowha,th,/player/13229/aowha
13258,CyvOph,fr,/player/13258/cyvoph
13744,PatMen,ph,/player/13744/patmen
13768,S1Mon,tw,/player/13768/s1mon
13781,XII,tw,/player/13781/xii
13784,Killua,th,/player/13784/killua
13788,JitBoyS,th,/player/13788/jitboys
13823,PxS,us,/player/13823/pxs
13839,Holbreak,ar,/player/13839/holbreak
13852,ERMAAAK,cl,/player/13852/ermaaak
13860,rubkkoide,ar,/player/13860/rubkkoide
13861,NicoMachine,cl,/player/13861/nicomachine
14048,zerona,us,/player/14048/zerona
14125,Spring,tw,/player/14125/spring
14131,floppy,us,/player/14131/floppy
14207,viness,vn,/player/14207/viness
14208,Kishi,vn,/player/14208/kishi
14209,Suka,vn,/player/14209/suka
14213,ting2k5,vn,/player/14213/ting2k5
14225,n1zzy,vn,/player/14225/n1zzy
14227,Nhatthong2k,vn,/player/14227/nhatthong2k
14228,moefcute,vn,/player/14228/moefcute
14230,Brownie Phan,vn,/player/14230/brownie-phan
14231,Smth1ng,vn,/player/14231/smth1ng
14431,monk,cn,/player/14431/monk
14435,XXXTACO,cn,/player/14435/xxxtaco
14439,FFs,mo,/player/14439/ffs
14440,Chaos,cn,/player/14440/chaos
14441,aluba,cn,/player/14441/balua
14442,LilCrazy,cn,/player/14442/lilcrazy
14444,Eren,cn,/player/14444/eren
14445,AC,cn,/player/14445/ac
14458,barricade,cn,/player/14458/barricade
14669,Nivera,be,/player/14669/nivera
14681,kamo,pl,/player/14681/kamo
14950,gobera,br,/player/14950/gobera
15302,Babyblue,cn,/player/15302/babyblue
15361,swag,br,/player/15361/swag
15500,trent,us,/player/15500/trent
15540,badzw,cl,/player/15540/badzw
15542,gio,cl,/player/15542/gio
15549,Pink,cn,/player/15549/pink
15559,CHICHOO,cn,/player/15559/chichoo
15639,chloric,us,/player/15639/chloric
15651,S4n71,un,/player/15651/s4n71
15681,Palla,br,/player/15681/palla
15735,KROSTALY,tr,/player/15735/krostaly
15897,Apinya,th,/player/15897/apinya
15916,jotinha,ar,/player/15916/jotinha
15931,Peloncito,mx,/player/15931/peloncito
15934,Feels,mx,/player/15934/feels
16003,runi,us,/player/16003/runi
16209,Famsii,fi,/player/16209/famsii
16215,dos9,kz,/player/16215/dos9
16447,d3mur,tr,/player/16447/d3mur
16459,Elite,tr,/player/16459/elite
16924,stew,kr,/player/16924/stew
17048,ClarK,kr,/player/17048/clark
17049,Hermes,kr,/player/17049/hermes
17053,hyeoni,kr,/player/17053/hyeoni
17061,Ssun,kr,/player/17061/ssun
17063,Vow,kr,/player/17063/vow
17085,nagi,jp,/player/17085/nagi
17086,something,ru,/player/17086/something
17089,Xiaonuo,cn,/player/17089/xiaonuo
17433,v1c,us,/player/17433/v1c
17687,releted,mx,/player/17687/releted
17690,Jow,co,/player/17690/jow
17770,alvinboy,cn,/player/17770/alvinboy
17976,florescent,vn,/player/17976/florescent
18035,garnetS,th,/player/18035/garnets
18054,Zcc,cn,/player/18054/zcc
18162,Serial,lv,/player/18162/serial
18350,MiniBoo,lt,/player/18350/miniboo
18400,bipo,it,/player/18400/bipo
18615,batujnax,tr,/player/18615/batujnax
18677,Ruxic,tr,/player/18677/ruxic
18796,OXY,us,/player/18796/oxy
19292,jowa,cn,/player/19292/jowa
19522,Wailers,fr,/player/19522/wailers
19530,AAAAY,cn,/player/19530/aaaay
19531,QiuYe,cn,/player/19531/qiuye
19677,lucas,cn,/player/19677/lucas
19691,tomaszy,pt,/player/19691/tomaszy
20140,vora,ca,/player/20140/vora
20144,LewN,tr,/player/20144/lewn
20238,Askia,br,/player/20238/askia
20240,xenom,br,/player/20240/xenom
20871,Kada,fr,/player/20871/kada
20878,Delta,kr,/player/20878/delta
20879,SungJin,kr,/player/20879/sungjin
20881,ExiA,kr,/player/20881/exia
20944,GOLD,kr,/player/20944/gold
21216,f4ngeer,ru,/player/21216/f4ngeer
21251,blowz,br,/player/21251/blowz
21270,KimGyuTae,kr,/player/21270/kimgyutae
21328,Wo0t,tr,/player/21328/wo0t
21438,SSeeS,jp,/player/21438/ssees
21610,runneR,mk,/player/21610/runner
21619,JUGi,dk,/player/21619/jugi
21659,Sato,br,/player/21659/sato
21661,spike,br,/player/21661/spike
21668,Verno,us,/player/21668/verno
21670,Revival,cn,/player/21670/revival
21778,P0PPIN,us,/player/21778/p0ppin
22047,Rarga,ru,/player/22047/rarga
23062,Surf,th,/player/23062/surf
23169,Minny,cz,/player/23169/minny
23365,koshmaras,lt,/player/23365/koshmaras
23407,Pa1nt,us,/player/23407/pa1nt
23996,jvhz,cl,/player/23996/jvhz
24006,Sushi,br,/player/24006/sushi
24007,Shyy,cl,/player/24007/shyy
24014,6ixtos,mx,/player/24014/6ixtos
24236,Zoomer,cn,/player/24236/zoomer
24308,WsLeo,tw,/player/24308/wsleo
24344,Loita,tr,/player/24344/loita
24424,Pa1ze,dk,/player/24424/pa1ze
24553,Boni,ph,/player/24553/boni
24628,wayne,sg,/player/24628/wayne
24679,cgrs,th,/player/24679/cgrs
24803,Harmii,de,/player/24803/harmii
24895,Jemkin,ru,/player/24895/jemkin
25017,Ash,kr,/player/25017/ash
25025,Estrella,kr,/player/25025/estrella
25053,Wolverine,kr,/player/25053/wolverine
25081,yoman,kr,/player/25081/yoman
25097,solution,mx,/player/25097/solution
25221,Xdll,jp,/player/25221/xdll
25255,primmie,th,/player/25255/primmie
25258,Lumo,ru,/player/25258/lumo
25329,B3ar,cn,/player/25329/b3ar
25339,LockM,cn,/player/25339/lockm
25494,Shr1mp,cn,/player/25494/shr1mp
25743,raafa,br,/player/25743/raafa
25906,alexiiik,cz,/player/25906/alexiiik
25949,bunt,cn,/player/25949/bunt
26171,Demon1,us,/player/26171/demon1
26757,otaQ,mx,/player/26757/otaq
27149,Brinks,br,/player/27149/brinks
27244,seph1roth,th,/player/27244/seph1roth
27254,Leviathan,th,/player/27254/leviathan
27492,Lucifer,tw,/player/27492/lucifer
27640,Vici,ru,/player/27640/vici
28013,Sogate,kr,/player/28013/sogate
28400,HYUNMIN,kr,/player/28400/hyunmin
28401,Pkm,kr,/player/28401/pkm
28716,lukxo,br,/player/28716/lukxo
28948,NINJA,pl,/player/28948/ninja
29242,erde,cl,/player/29242/erde
29243,Neon,ar,/player/29243/neon
29833,iZu,kr,/player/29833/izu
29835,sphiry,ru,/player/29835/sphiry
29839,TenTen,kr,/player/29839/tenten
29840,yuran,jp,/player/29840/yuran
29841,Caedye,jp,/player/29841/caedye
29843,yatsuka,jp,/player/29843/yatsuka
29867,hiro,tr,/player/29867/hiro
29873,benjyfishy,en,/player/29873/benjyfishy
29893,Timotino,ca,/player/29893/timotino
30470,Kyu,ca,/player/30470/kyu
30520,9st,cn,/player/30520/9st
30523,Muhemai,cn,/player/30523/muhemai
30524,Artill,cn,/player/30524/artill
30526,B1ack,cn,/player/30526/b1ack
31207,carpe,kr,/player/31207/carpe
31305,Lar0k,tr,/player/31305/lar0k
31753,SpiritZ1,tw,/player/31753/spiritz1
31827,Dambi,kr,/player/31827/dambi
31828,Francis,kr,/player/31828/francis
31829,Ivy,kr,/player/31829/ivy
33570,chubizin,cl,/player/33570/chubizin
33576,margaret,kr,/player/33576/margaret
33902,Sayonara,md,/player/33902/sayonara
34057,Jerrwin,in,/player/34057/jerrwin
34181,GREEN,tw,/player/34181/green
34400,bao,vn,/player/34400/bao
34684,westside,pl,/player/34684/westside
34776,Absol,jp,/player/34776/absol
34926,oonzmlp,kr,/player/34926/oonzmlp
34974,Karon,kr,/player/34974/karon
35013,Flashback,kr,/player/35013/flashback
35302,Eggsterr,us,/player/35302/eggsterr
36169,mta,cl,/player/36169/mta
36245,N4RRATE,us,/player/36245/n4rrate
36415,Viva,cn,/player/36415/viva
36420,Strawberrycc,cn,/player/36420/strawberrycc
36421,Sorrys,cn,/player/36421/sorrys
36465,Libra,cn,/player/36465/libra
36512,nos,cn,/player/36512/nos
36513,Guran,cn,/player/36513/guran
36514,yyy,cn,/player/36514/yyy
36515,gagaaaa,cn,/player/36515/gagaaaa
36596,XJian,cn,/player/36596/xjian
36668,MarT1n,cn,/player/36668/mart1n
36670,OBONE,cn,/player/36670/obone
36685,splash,id,/player/36685/splash
37017,Midi,cn,/player/37017/midi
37020,XiYiJi,cn,/player/37020/xiyiji
37025,abc321,cn,/player/37025/abc321
37026,Hao,cn,/player/37026/hao
37105,Loss,br,/player/37105/loss
37354,basic,br,/player/37354/basic
37489,Lysoar,cn,/player/37489/lysoar
37494,Kai,cn,/player/37494/kai
37532,Zexy,kr,/player/37532/zexy
37674,MrCANI,tw,/player/37674/mrcani
37925,Kolosha,ua,/player/37925/kolosha
37927,happywei,tw,/player/37927/happywei
37928,XuAN,cn,/player/37928/xuan
38857,benG,cl,/player/38857/beng
39021,Notexxd,bm,/player/39021/notexxd
39092,YAX1N,cn,/player/39092/yax1n
39357,s0pp,tr,/player/39357/s0pp
39485,Scales,cn,/player/39485/scales
39494,Yueluo,cn,/player/39494/yueluo
39522,DanGe,cn,/player/39522/dange
39697,cb,cn,/player/39697/cb
40511,NIZ,th,/player/40511/niz
40591,ComeBack,tr,/player/40591/comeback
40843,audaz,tr,/player/40843/audaz
40845,Levius,cn,/player/40845/levius
40935,lovers rock,tr,/player/40935/lovers-rock
41029,Z1yan,cn,/player/41029/z1yan
41054,GuanG,cn,/player/41054/guang
41135,Dantedeu5,ar,/player/41135/dantedeu5
41224,tkzin,br,/player/41224/tkzin
41694,endoist,th,/player/41694/endoist
41702,canady,th,/player/41702/canady
41718,Spear,tr,/player/41718/spear
41720,Favian,tr,/player/41720/favian
41739,slowly,cn,/player/41739/slowly
41774,Shion7,cn,/player/41774/shion7
41798,nightz,us,/player/41798/nightz
42235,Dynamite,cn,/player/42235/dynamite
42513,Dingwei,cn,/player/42513/dingwei
42537,HanChe,tw,/player/42537/hanche
42733,XuNa,kr,/player/42733/xuna
42772,Xross,kr,/player/42772/xross
42901,thyy,th,/player/42901/thyy
43007,qiutiaN,tw,/player/43007/qiutian
43057,DH,kr,/player/43057/dh
44259,yokam,ph,/player/44259/yokam
44842,Jackk,us,/player/44842/jackk
45492,swagzor,ru,/player/45492/swagzor
45494,Proxh,tr,/player/45494/proxh
46040,Youze,tw,/player/46040/youze
46135,Zeus,ph,/player/46135/zeus
46460,Ezeir,cn,/player/46460/ezeir
46527,Cangshu,tw,/player/46527/cangshu
46748,K1ra,cn,/player/46748/k1ra
46749,player,cn,/player/46749/player
47101,5CM,cn,/player/47101/5cm
47102,waituu,cn,/player/47102/waituu
47629,Coco,cn,/player/47629/coco
48025,alym,kg,/player/48025/alym
48431,Kippei,jp,/player/48431/kippei
48439,Rimuru,ph,/player/48439/rimuru
48516,doffy,th,/player/48516/doffy
48577,gyen,jp,/player/48577/gyen
48878,rushia,cn,/player/48878/rushia
48925,Raxcal,kr,/player/48925/raxcal
49346,echo,tr,/player/49346/echo
49476,zhe,cn,/player/49476/zhe
49973,glacier,tw,/player/49973/glacier
50025,Setrod,tw,/player/50025/setrod
50080,Lsn,cn,/player/50080/lsn
51099,ZynX,kr,/player/51099/zynx
51100,Flicker,kr,/player/51100/flicker
51238,yong,kr,/player/51238/yong
51244,Jieni7,cn,/player/51244/jieni7
51249,FKEY,cn,/player/51249/fkey
51250,Ying,cn,/player/51250/ying
52101,Bai,cn,/player/52101/bai
52904,Akeman,cn,/player/52904/akeman
54487,Xlele,cn,/player/54487/xlele
55038,Au1,cn,/player/55038/au1
55085,Erv,cn,/player/55085/erv
55681,kozzy,ro,/player/55681/kozzy
55694,hezacoil,tr,/player/55694/hezacoil
55817,Verse,cn,/player/55817/verse
55823,Ben1Ley,cn,/player/55823/ben1ley
55828,kklin,cn,/player/55828/kklin
56260,bud,cn,/player/56260/bud
56305,Folykiki,cn,/player/56305/folykiki
57336,Jamelinho213,fr,/player/57336/jamelinho213
58008,Tonk,hk,/player/58008/tonk
58009,Krst1Ng,cn,/player/58009/krst1ng
58496,Kachoww,tr,/player/58496/kachoww
58959,iamgrq,cn,/player/58959/iamgrq
60576,Ray,kr,/player/60576/ray
62291,Xiesta,kr,/player/62291/xiesta
62402,KiTae,kr,/player/62402/kitae
62947,yilai,cn,/player/62947/yilai
63107,ra1ny,cn,/player/63107/ra1ny
64029,FT,cn,/player/64029/ft
64849,Sharks,cn,/player/64849/sharks
64969,crownfisher,cn,/player/64969/crownfisher
