team_id,team_name,team_url,country
2,Sentinels,/team/2/sentinels,us
3,Ninjas in Pyjamas,/team/3/ninjas-in-pyjamas,eu
14,T1,/team/14/t1,kr
17,Gen.G,/team/17/gen-g,kr
103,Immortals,/team/103/immortals,us
104,REJECT,/team/104/reject,jp
106,TSM,/team/106/tsm,us
108,forZe,/team/108/forze,ru
120,100 Thieves,/team/120/100-thieves,us
188,Cloud9,/team/188/cloud9,us
198,Vision Strikers,/team/198/vision-strikers,kr
203,paiN Gaming,/team/203/pain-gaming,br
243,Gamelanders Blue,/team/243/gamelanders-blue,br
257,G2 Esports,/team/257/g2-esports,eu
277,Crazy Raccoon,/team/277/crazy-raccoon,jp
278,DetonatioN FocusMe,/team/278/detonation-focusme,jp
279,Absolute JUPITER,/team/279/absolute-jupiter,jp
280,LAG Gaming,/team/280/lag-gaming,jp
282,SCARZ,/team/282/scarz,jp
283,Sengoku Gaming,/team/283/sengoku-gaming,jp
294,CREST GAMING Zst,/team/294/crest-gaming-zst,jp
337,FaZe Clan,/team/337/faze-clan,us
361,Furious Gaming,/team/361/furious-gaming,ar
363,INFINITY,/team/363/infinity,cl
367,9z Globant,/team/367/9z-globant,cl
397,BBL Esports,/team/397/bbl-esports,tr
420,Team Vikings,/team/420/team-vikings,br
427,ENVY,/team/427/envy,us
466,BOOM Esports,/team/466/boom-esports,id
472,BIG,/team/472/big,de
474,Team Liquid,/team/474/team-liquid,eu
488,tyeasy,/team/488/tyeasy,ru
513,BlackBird Ignis,/team/513/blackbird-ignis,jp
516,FAV gaming,/team/516/fav-gaming,jp
533,XSET,/team/533/xset,us
581,Liberty,/team/581/liberty,br
617,Team SMG,/team/617/team-smg,sg
623,Sharper Esports,/team/623/sharper-esports,th
624,Paper Rex,/team/624/paper-rex,sg
628,FunPlus Phoenix,/team/628/funplus-phoenix,eu
637,Rise,/team/637/rise,us
642,Luminosity,/team/642/luminosity,us
644,Wygers Argentina,/team/644/wygers-argentina,cl
676,Meta Gaming,/team/676/meta-gaming,ar
682,Gambit Esports,/team/682/gambit-esports,ru
719,Australs,/team/719/australs,cl
724,E-Xolos LAZER,/team/724/e-xolos-lazer,co
731,TYLOO,/team/731/tyloo,cn
777,Kaizen Esports,/team/777/kaizen-esports,co
804,Royal Never Give Up,/team/804/royal-never-give-up,cn
856,Andbox,/team/856/andbox,us
876,Enterprise Esports,/team/876/enterprise-esports,cz
878,Rex Regum Qeon,/team/878/rex-regum-qeon,id
904,CBT Gaming,/team/904/cbt-gaming,tw
918,Global Esports,/team/918/global-esports,in
921,Oxygen Esports,/team/921/oxygen-esports,tr
1001,Team Heretics,/team/1001/team-heretics,eu
1020,CrowСrowd,/team/1020/crow-rowd,ru
1034,NRG,/team/1034/nrg,us
1110,Alter Ego,/team/1110/alter-ego,id
1119,All Gamers,/team/1119/all-gamers,cn
1120,EDward Gaming,/team/1120/edward-gaming,cn
1140,TUBEPLE Gaming,/team/1140/tubeple-gaming,kr
1184,FUT Esports,/team/1184/fut-esports,tr
1208,ORDER,/team/1208/order,au
1209,Guild Esports,/team/1209/guild-esports,se
1211,Totoro Gaming,/team/1211/totoro-gaming,cn
1224,Weibo Gaming,/team/1224/weibo-gaming,cn
1341,Team Singularity,/team/1341/team-singularity,ru
1453,OtherSide,/team/1453/otherside,tr
1466,Anubis Gaming,/team/1466/anubis-gaming,eg
1481,NG.Black,/team/1481/ng-black,th
1615,Knights,/team/1615/knights,us
1670,F4Q,/team/1670/f4q,kr
1675,Zero Zone,/team/1675/zero-zone,tr
1734,FIRST Gaming,/team/1734/first-gaming,jp
1830,Vorax,/team/1830/vorax,br
1837,Attacking Soul Esports,/team/1837/attacking-soul-esports,cn
1911,Imperial Esports,/team/1911/imperial-esports,br
1913,RARE Esports,/team/1913/rare-esports,tr
1915,NXL LIGAGAME,/team/1915/nxl-ligagame,id
1916,INGAMING Esports,/team/1916/ingaming-esports,br
1934,ArkAngel,/team/1934/arkangel,ph
1970,TNL Esports,/team/1970/tnl-esports,kr
1982,DfuseTeam,/team/1982/dfuseteam,fr
1991,Akave Esports,/team/1991/akave-esports,mx
2032,ONIC G,/team/2032/onic-g,id
2049,Team Divinity,/team/2049/team-divinity,ru
2059,Team Vitality,/team/2059/team-vitality,eu
2108,BLUE BEES.ESP,/team/2108/blue-bees-esp,jp
2112,X10 Esports,/team/2112/x10-esports,sg
2291,Ghost Gaming,/team/2291/ghost-gaming,us
2304,Giants Gaming,/team/2304/giants-gaming,eu
2328,NUTURN,/team/2328/nuturn,kr
2354,Optix,/team/2354/optix,cl
2355,KRÜ Esports,/team/2355/kr-esports,ar
2358,Stampede Gaming,/team/2358/stampede-gaming,cl
2359,LEVIATÁN,/team/2359/leviat-n,ar
2364,Ryze Gaming,/team/2364/ryze-gaming,mx
2406,FURIA,/team/2406/furia,br
2416,Cyber Skull Esports,/team/2416/cyber-skull-esports,tr
2428,SLICK,/team/2428/slick,br
2533,Alliance,/team/2533/alliance,dk
2542,DAMWON Gaming,/team/2542/damwon-gaming,kr
2548,APEX PEOPLE,/team/2548/apex-people,kr
2554,World Game Star,/team/2554/world-game-star,kr
2559,SPEAR GAMING,/team/2559/spear-gaming,kr
2566,Ballista,/team/2566/ballista,pl
2593,FNATIC,/team/2593/fnatic,eu
2746,6045Pirates,/team/2746/6045pirates,ph
2806,GoNGo Prince,/team/2806/gongo-prince,kr
2815,Version1,/team/2815/version1,ca
2933,MUYAHO,/team/2933/muyaho,kr
2934,FENNEL,/team/2934/fennel,jp
2987,Feeling,/team/2987/feeling,jp
2988,NORTHEPTION,/team/2988/northeption,jp
3107,Griffin E-Sports,/team/3107/griffin-e-sports,hk
3125,Funkboings,/team/3125/funkboings,mx
3129,Reven Esports,/team/3129/reven-esports,mx
3322,Border Monsters,/team/3322/border-monsters,co
3478,PCIFIC Esports,/team/3478/pcific-esports,tr
3512,Sharks Esports,/team/3512/sharks-esports,br
3531,Acend,/team/3531/acend,eu
3546,KPC Computer Studio,/team/3546/kpc-computer-studio,tw
3908,Team BDS,/team/3908/team-bds,fr
3942,Meta Gaming,/team/3942/meta-gaming,cl
3945,Rio Company,/team/3945/rio-company,kr
4050,FULL SENSE,/team/4050/full-sense,th
4094,Six Karma,/team/4094/six-karma,mx
4150,South Built Esports,/team/4150/south-built-esports,ph
4210,Made in Thailand,/team/4210/made-in-thailand,th
4324,FEARUS,/team/4324/fearus,vn
4325,CERBERUS Esports,/team/4325/cerberus-esports,vn
4330,Fancy United Esports,/team/4330/fancy-united-esports,vn
4353,ATROPELADOS,/team/4353/atropelados,un
4460,Number One Player,/team/4460/number-one-player,cn
4462,Shenzhen NTER,/team/4462/shenzhen-nter,cn
4567,Papara SuperMassive,/team/4567/papara-supermassive,tr
4683,Invincible Gaming,/team/4683/invincible-gaming,cn
4894,Keyd Stars,/team/4894/keyd-stars,br
4915,Natus Vincere,/team/4915/natus-vincere,eu
4927,Jaguares Esports,/team/4927/jaguares-esports,br
5148,Insomnia,/team/5148/insomnia,jp
5248,Evil Geniuses,/team/5248/evil-geniuses,us
5355,GochuGaru,/team/5355/gochugaru,kr
5443,KONE eSports Club,/team/5443/kone-esports-club,cn
5448,ZETA DIVISION,/team/5448/zeta-division,jp
5562,PAMPAS,/team/5562/pampas,cl
5931,Team Big BAAM,/team/5931/team-big-baam,vn
5944,Night Wings Gaming,/team/5944/night-wings-gaming,cn
5996,Pana.Rabbit,/team/5996/pana-rabbit,cl
6132,İstanbul Wildcats,/team/6132/stanbul-wildcats,tr
6199,Team Secret,/team/6199/team-secret,ph
6267,One Breath Gaming,/team/6267/one-breath-gaming,ru
6387,BLEED,/team/6387/bleed,sg
6389,Bren Esports,/team/6389/bren-esports,ph
6392,Eternal Fire,/team/6392/eternal-fire,tr
6460,LDN UTD,/team/6460/ldn-utd,lt
6675,The Guard,/team/6675/the-guard,us
6793,Jadeite,/team/6793/jadeite,jp
6798,REIGNITE,/team/6798/reignite,jp
6869,IGZIST,/team/6869/igzist,jp
6882,FOKUS,/team/6882/fokus,de
6946,TBK Esports,/team/6946/tbk-esports,br
6961,LOUD,/team/6961/loud,br
7013,Stars Horizon,/team/7013/stars-horizon,br
7035,Movistar KOI,/team/7035/koi,eu
7269,FUSION,/team/7269/fusion,un
7332,Los Grandes,/team/7332/los-grandes,br
7386,MIBR,/team/7386/mibr,br
7391,Ninjas In Pyjamas,/team/7391/ninjas-in-pyjamas,br
7397,XERXIA Esports,/team/7397/xerxia-esports,th
7695,EBRO Gaming,/team/7695/ebro-gaming,ar
8075,HolyMolly,/team/8075/holymolly,kr
8082,Desperado,/team/8082/desperado,kr
8086,Maru Gaming,/team/8086/maru-gaming,kr
8088,Team T5,/team/8088/team-t5,kr
8099,CNJ Esports,/team/8099/cnj-esports,kr
8127,OpTic Gaming,/team/8127/optic-gaming,us
8182,Incheon On Sla2ers,/team/8182/incheon-on-sla2ers,kr
8185,KIWOOM DRX,/team/8185/kiwoom-drx,kr
8304,TALON,/team/8304/talon,th
8309,Persija Esports,/team/8309/persija-esports,id
8326,M3 Champions,/team/8326/m3-champions,ru
8691,Team Cruelty,/team/8691/team-cruelty,co
8734,SunXet Club,/team/8734/sunxet-club,cl
8877,Karmine Corp,/team/8877/karmine-corp,eu
8897,Tartarus,/team/8897/tartarus,kr
8903,OG LDN UTD,/team/8903/og-ldn-utd,lt
9052,Monarch Effect,/team/9052/monarch-effect,cn
9353,Shopify Rebellion Black,/team/9353/shopify-rebellion-black,us
10094,GMT Esports,/team/10094/gmt-esports,it
11001,M80,/team/11001/m80,us
11058,G2 Esports,/team/11058/g2-esports,us
11060,Nongshim RedForce,/team/11060/nongshim-redforce,kr
11229,VARREL,/team/11229/varrel,jp
11232,Joblife,/team/11232/joblife,eu
11328,FunPlus Phoenix,/team/11328/funplus-phoenix,cn
11479,Apeks,/team/11479/apeks,eu
11980,Four Angry Men,/team/11980/four-angry-men,cn
11981,Dragon Ranger Gaming,/team/11981/dragon-ranger-gaming,cn
11983,Kingzone,/team/11983/kingzone,cn
11985,Rare Atom,/team/11985/rare-atom,cn
12010,Guangzhou Huadu Bilibili Gaming,/team/12010/bilibili-gaming,cn
12011,Douyu Gaming,/team/12011/douyu-gaming,cn
12064,Nova Esports,/team/12064/nova-esports,cn
12202,Gank Gaming,/team/12202/gank-gaming,cn
12685,Trace Esports,/team/12685/trace-esports,cn
12694,Gentle Mates,/team/12694/gentle-mates,eu
12784,KeepBest Gaming,/team/12784/keepbest-gaming,cn
13576,JD Gaming,/team/13576/jdg-esports,cn
13581,Xi Lai Gaming,/team/13581/xi-lai-gaming,cn
13790,Wolves Esports,/team/13790/wolves-esports,cn
14137,Wuxi Titan Esports Club,/team/14137/titan-esports-club,cn
14419,GIANTX,/team/14419/giantx,eu
14478,Eintracht Frankfurt,/team/14478/eintracht-frankfurt,de
15072,2Game Esports,/team/15072/2game-esports,br
17167,Xipto Esports,/team/17167/xipto-esports,th
18019,ULF Esports,/team/18019/ulf-esports,tr
18299,QT DIG∞,/team/18299/qt-dig,jp
19189,ONSIDE GAMING,/team/19189/onside-gaming,kr
20085,Fire Flux Esports,/team/20085/fire-flux-esports,tr
20603,A Team,/team/20603/a-team,cn
22142,BESTIA,/team/22142/bestia,cl
23141,Fluxo W7M,/team/23141/fluxo-w7m,br
