player_id,player_name,primary_role,regions,china_league,maps_played,rounds_played,is_eligible,composite,adr,kast_pct,apr,dpr,fkpr,opening_win_pct,cv_adr_2026,cv_adr_2025_26,cv_maps_2025_26,adr_maps_2025,adr_maps,kast_maps,fk_maps,kpr,fdpr,acs,rating,hs_pct,clutches_per_100r,pct_adr,pct_kast,pct_apr,pct_dpr,pct_fkpr,pct_opening_win,pct_consistency
41739,slowly,Flex,China,true,71,1508,true,85.8,149.6,73.5,0.263,0.678,0.145,0.57,0.193,0.221,89,26,63,64,65,0.822,0.109,231.5,1.15,31.3,,96.6,91.5,66.1,66.1,96.6,86.4,100.0
29243,Neon,Flex,"Americas,International",false,74,1504,true,84.6,140.9,75.2,0.23,0.585,0.145,0.611,0.237,,74,0,74,74,74,0.79,0.092,215.5,1.19,27.0,1.93,83.1,96.6,42.4,100.0,98.3,98.3,76.3
37354,basic,Flex,Americas,false,26,563,true,81.6,142.2,76.9,0.341,0.661,0.085,0.5,0.211,,26,0,26,26,26,0.773,0.085,215.1,1.18,29.1,2.84,91.5,100.0,91.5,79.7,33.9,49.2,93.2
33902,Sayonara,Flex,"EMEA,International",false,57,1208,true,76.8,141.4,73.4,0.257,0.641,0.085,0.545,0.247,,57,0,57,57,57,0.757,0.071,210.4,1.12,28.7,1.9,86.4,89.8,57.6,94.9,35.6,79.7,71.2
36245,N4RRATE,Flex,"Americas,EMEA",false,42,919,true,76.3,138.4,74.3,0.243,0.687,0.135,0.579,0.223,0.265,126,84,42,42,42,0.728,0.098,209.9,1.03,27.4,0.98,74.6,94.9,45.8,59.3,89.8,91.5,84.7
29833,iZu,Flex,"International,Pacific",false,69,1476,true,75.2,139.1,73.7,0.206,0.627,0.108,0.543,0.248,0.249,156,87,69,69,69,0.776,0.091,212.4,1.13,28.6,2.1,79.7,93.2,25.4,98.3,72.9,78.0,69.5
15559,CHICHOO,Flex,"China,International",true,85,1763,true,73.6,138.6,72.4,0.276,0.64,0.078,0.512,0.23,0.266,136,59,77,78,78,0.732,0.075,204.3,1.12,29.6,2.93,78.0,79.7,74.6,96.6,20.3,62.7,81.4
11494,keiko,Flex,"Americas,International",false,87,1835,true,69.7,139.2,72.7,0.247,0.68,0.114,0.557,0.273,0.258,179,92,87,87,87,0.769,0.091,211.2,1.1,32.9,1.53,81.4,83.1,50.8,62.7,79.7,84.7,33.9
4871,xffero,Flex,Pacific,false,56,1221,true,65.1,134.3,72.9,0.26,0.656,0.07,0.525,0.262,0.277,140,84,56,56,56,0.704,0.063,198.8,1.05,27.6,1.56,62.7,86.4,62.7,83.1,8.5,72.9,52.5
9803,d4v41,Flex,"International,Pacific",false,101,2155,true,64.9,132.6,71.9,0.212,0.657,0.098,0.57,0.25,0.245,183,84,99,101,101,0.712,0.074,195.0,1.02,29.5,1.33,57.6,76.3,30.5,81.4,57.6,88.1,67.8
601,Asuna,Flex,Americas,false,62,1329,true,64.5,134.4,75.6,0.409,0.678,0.091,0.475,0.303,0.289,107,45,62,62,62,0.709,0.101,207.6,1.06,21.8,0.98,64.4,98.3,100.0,67.8,39.0,25.4,3.4
39485,Scales,Flex,China,true,71,1508,true,64.4,132.0,71.7,0.244,0.67,0.104,0.583,0.266,0.271,83,20,63,64,65,0.69,0.075,196.0,1.02,31.7,,54.2,72.9,47.5,74.6,66.1,94.9,45.8
7437,kellyS,Flex,Pacific,false,36,759,true,64.2,136.1,73.1,0.303,0.74,0.094,0.497,0.211,0.23,67,31,36,36,36,0.697,0.095,204.2,0.97,24.3,1.58,71.2,88.1,84.7,5.1,47.5,45.8,94.9
8419,Reduxx,Flex,Americas,false,40,891,true,62.6,133.0,71.9,0.266,0.721,0.128,0.533,0.254,,40,0,40,40,40,0.722,0.112,206.0,1.0,32.5,0.67,61.0,74.6,69.5,16.9,88.1,74.6,62.7
10821,deLb,Flex,China,true,63,1359,true,62.0,143.2,71.4,0.228,0.689,0.097,0.574,0.29,0.318,75,23,52,53,53,0.77,0.072,211.2,1.1,39.6,,93.2,69.5,40.7,50.8,52.5,89.8,15.3
29867,hiro,Flex,EMEA,false,43,942,true,60.8,150.2,70.1,0.205,0.665,0.091,0.509,0.233,0.269,92,49,43,43,43,0.815,0.088,224.5,1.16,34.2,2.65,98.3,42.4,22.0,78.0,40.7,57.6,78.0
457,nAts,Flex,"EMEA,International",false,70,1494,true,59.3,141.2,72.0,0.22,0.651,0.082,0.468,0.272,0.271,159,89,70,70,70,0.736,0.094,209.2,1.06,26.3,2.01,84.7,78.0,32.2,89.8,27.1,22.0,35.6
9810,Alfajer,Flex,EMEA,false,55,1236,true,59.2,155.1,70.4,0.17,0.721,0.15,0.557,0.23,0.246,145,90,55,55,55,0.837,0.12,236.2,1.12,35.8,1.62,100.0,49.2,3.4,15.3,100.0,83.1,83.1
46748,K1ra,Flex,"China,International",true,76,1596,true,59.0,136.1,71.5,0.283,0.712,0.109,0.48,0.267,0.26,88,23,65,68,68,0.729,0.118,211.7,1.02,25.8,1.32,69.5,71.2,79.7,25.4,76.3,33.9,40.7
14048,zerona,Flex,Americas,false,25,519,true,58.1,141.4,69.4,0.266,0.746,0.108,0.538,0.218,,25,0,25,25,25,0.707,0.092,207.2,0.96,28.8,0.39,88.1,30.5,67.8,1.7,74.6,76.3,88.1
8673,heat,Flex,Americas,false,24,479,true,57.3,130.5,70.6,0.113,0.651,0.14,0.593,0.259,0.255,51,27,24,24,24,0.76,0.096,198.5,1.07,29.1,1.25,47.5,50.8,0.0,88.1,93.2,96.6,54.2
13039,Meteor,Flex,"International,Pacific",false,69,1476,true,56.0,138.5,70.6,0.188,0.707,0.136,0.549,0.256,0.243,156,87,69,69,69,0.747,0.112,210.4,1.01,31.4,0.88,76.3,52.5,13.6,32.2,91.5,81.4,61.0
11218,Yuicaw,Flex,China,true,73,1521,true,54.8,132.8,70.8,0.257,0.712,0.104,0.517,0.263,0.286,104,43,61,63,64,0.682,0.097,198.7,1.0,30.4,,59.3,59.3,59.3,27.1,64.4,67.8,49.2
23169,Minny,Flex,"EMEA,International",false,59,1274,true,53.8,130.5,71.1,0.223,0.69,0.112,0.48,0.246,0.258,96,37,59,59,59,0.717,0.122,198.2,1.01,32.8,1.57,49.2,66.1,33.9,49.2,78.0,32.2,72.9
19530,AAAAY,Flex,China,true,41,841,true,53.1,141.6,70.9,0.182,0.672,0.071,0.614,0.313,0.314,53,18,35,33,35,0.769,0.045,210.6,1.1,37.5,,89.8,61.0,8.5,71.2,10.2,100.0,0.0
2858,SUYGETSU,Flex,EMEA,false,45,959,true,52.5,118.3,71.1,0.223,0.648,0.081,0.51,0.212,0.229,86,41,45,45,45,0.627,0.078,176.4,0.94,35.8,1.67,13.6,64.4,35.6,93.2,23.7,61.0,91.5
34926,oonzmlp,Flex,Pacific,false,40,908,true,52.1,128.3,70.8,0.287,0.675,0.088,0.491,0.276,,40,0,40,40,40,0.67,0.091,195.1,1.01,32.6,1.87,37.3,57.6,81.4,69.5,37.3,42.4,25.4
43007,qiutiaN,Flex,China,true,47,988,true,51.5,120.3,71.1,0.297,0.704,0.085,0.483,0.213,,38,0,38,40,40,0.619,0.091,177.5,0.93,26.1,,20.3,67.8,83.1,35.6,32.2,39.0,89.8
8497,Monyet,Flex,Pacific,false,56,1221,true,50.2,131.3,71.0,0.332,0.744,0.1,0.425,0.25,0.253,140,84,56,56,56,0.697,0.135,203.0,0.97,29.3,1.15,52.5,62.7,88.1,3.4,61.0,8.5,64.4
31829,Ivy,Flex,"International,Pacific",false,71,1517,true,49.6,128.5,69.8,0.208,0.665,0.1,0.519,0.258,0.25,120,49,71,71,71,0.695,0.093,193.7,0.99,32.6,2.24,39.0,37.3,27.1,76.3,62.7,69.5,55.9
1960,eKo,Flex,Pacific,false,43,910,true,49.2,131.1,70.1,0.278,0.737,0.108,0.476,0.222,,43,0,43,43,43,0.678,0.119,197.0,0.96,27.3,1.32,50.8,40.7,76.3,6.8,71.2,27.1,86.4
5395,cortezia,Flex,Americas,false,40,891,true,48.9,134.4,69.2,0.211,0.649,0.094,0.503,0.276,0.258,110,70,40,40,40,0.69,0.093,199.5,1.03,32.7,2.02,66.1,23.7,28.8,91.5,49.2,52.5,27.1
8369,yetujey,Flex,"EMEA,International",false,73,1581,true,48.3,129.0,70.7,0.224,0.655,0.072,0.498,0.266,0.276,112,39,73,73,73,0.672,0.073,189.5,1.02,28.1,2.78,40.7,55.9,37.3,84.7,11.9,47.5,47.5
11600,Foxy9,Flex,Pacific,false,22,484,true,48.1,145.6,68.7,0.184,0.702,0.143,0.58,0.301,0.26,81,59,22,22,22,0.812,0.103,228.9,1.09,36.3,1.24,94.9,13.6,10.2,37.3,94.9,93.2,5.1
48878,rushia,Flex,China,true,60,1284,true,47.7,132.1,69.6,0.254,0.701,0.105,0.494,0.266,0.267,112,60,52,54,54,0.672,0.108,199.3,0.97,23.1,,55.9,32.2,55.9,40.7,67.8,44.1,44.1
872,Autumn,Flex,"International,Pacific",false,75,1613,true,46.7,130.4,70.4,0.185,0.679,0.121,0.477,0.262,0.273,93,18,75,75,75,0.728,0.133,201.3,1.02,30.7,1.8,45.8,47.5,11.9,64.4,86.4,28.8,50.8
1885,purp0,Flex,"EMEA,International",false,72,1528,true,45.8,116.5,72.6,0.181,0.652,0.107,0.513,0.309,0.288,91,19,72,72,72,0.66,0.102,179.5,0.96,39.5,1.37,10.2,81.4,6.8,86.4,69.5,64.4,1.7
4770,FengF,Flex,China,true,44,953,true,45.8,137.8,70.7,0.273,0.719,0.083,0.411,0.274,0.253,60,25,35,36,36,0.702,0.119,204.7,1.0,30.2,,72.9,54.2,72.9,18.6,30.5,3.4,32.2
4874,BerserX,Flex,Pacific,false,19,402,true,44.0,122.4,72.8,0.246,0.694,0.065,0.481,0.275,0.264,52,33,19,19,19,0.612,0.07,179.4,0.93,21.6,1.24,27.1,84.7,49.2,47.5,3.4,37.3,30.5
49346,echo,Flex,EMEA,false,40,868,true,43.6,135.8,68.2,0.198,0.733,0.119,0.515,0.209,,40,0,40,40,40,0.729,0.112,206.6,0.98,34.9,1.15,67.8,6.8,18.6,8.5,83.1,66.1,96.6
41054,GuanG,Flex,China,true,40,849,true,39.2,129.3,68.3,0.164,0.67,0.092,0.524,0.257,0.244,55,23,32,34,34,0.73,0.083,197.9,0.98,31.7,,44.1,10.2,1.7,72.9,42.4,71.2,57.6
34684,westside,Flex,EMEA,false,42,889,true,39.0,129.1,68.8,0.189,0.718,0.119,0.507,0.241,0.229,106,64,42,42,42,0.708,0.116,194.7,0.96,40.8,1.8,42.4,16.9,15.3,22.0,84.7,55.9,74.6
17049,Hermes,Flex,Pacific,false,29,615,true,38.1,111.2,69.2,0.278,0.696,0.098,0.455,0.231,,29,0,29,29,29,0.616,0.117,172.9,0.89,27.4,0.98,1.7,22.0,78.0,42.4,54.2,18.6,79.7
13258,CyvOph,Flex,EMEA,false,22,473,true,37.9,118.3,70.3,0.391,0.687,0.061,0.403,0.279,0.285,35,13,22,22,22,0.575,0.091,173.3,0.92,27.1,1.06,15.3,45.8,98.3,55.9,0.0,1.7,23.7
52101,Bai,Flex,China,true,36,781,true,37.7,120.8,70.2,0.228,0.716,0.072,0.481,0.206,,32,3,29,32,32,0.65,0.078,183.4,0.92,22.7,,23.7,44.1,39.0,23.7,13.6,35.6,98.3
51244,Jieni7,Flex,"China,International",true,61,1282,true,35.6,118.0,69.7,0.382,0.688,0.067,0.444,0.289,0.283,96,40,56,57,57,0.65,0.083,182.1,0.91,26.7,1.54,11.9,35.6,96.6,52.5,6.8,13.6,16.9
1430,crazyguy,Flex,Pacific,false,56,1221,true,34.6,120.0,69.3,0.376,0.686,0.066,0.382,0.288,0.26,128,72,56,56,56,0.616,0.107,182.2,0.95,25.5,1.72,18.6,25.4,94.9,61.0,5.1,0.0,18.6
729,Zellsis,Flex,Americas,false,48,1020,true,32.9,104.0,70.0,0.365,0.712,0.073,0.477,0.286,0.287,132,84,48,48,48,0.543,0.079,160.6,0.82,20.7,1.08,0.0,39.0,93.2,28.8,15.3,30.5,22.0
1916,free1ng,Flex,Pacific,false,61,1298,true,32.8,122.9,69.2,0.173,0.688,0.117,0.451,0.267,0.275,141,80,61,61,61,0.696,0.143,192.3,0.94,29.3,2.23,30.5,20.3,5.1,54.2,81.4,16.9,39.0
5011,Abo,Flex,China,true,31,661,true,32.4,123.3,68.7,0.206,0.696,0.1,0.509,0.298,0.272,51,25,26,26,26,0.638,0.096,185.6,0.94,29.9,,32.2,15.3,23.7,44.1,59.3,59.3,8.5
3519,jkuro,Flex,China,true,73,1521,true,32.3,120.6,68.6,0.309,0.719,0.079,0.419,0.25,0.254,84,23,61,63,64,0.663,0.11,186.7,0.94,31.5,,22.0,11.9,86.4,20.3,22.0,6.8,66.1
4720,Haodong,Flex,China,true,62,1358,true,32.0,113.7,69.6,0.267,0.687,0.064,0.444,0.272,0.263,77,25,52,53,54,0.627,0.08,171.8,0.92,30.3,,3.4,33.9,71.2,57.6,1.7,13.6,37.3
4426,Klaus,Flex,Pacific,false,29,661,true,31.9,118.4,67.8,0.259,0.696,0.095,0.474,0.266,,29,0,29,29,29,0.652,0.106,183.6,0.95,34.4,1.97,16.9,5.1,61.0,44.1,50.8,23.7,42.4
6959,Flickless,Flex,EMEA,false,42,889,true,31.8,121.2,69.2,0.336,0.705,0.076,0.442,0.293,0.275,90,48,42,42,42,0.642,0.097,184.6,0.95,28.4,2.02,25.4,18.6,89.8,33.9,18.6,11.9,13.6
12990,SyouTa,Flex,Pacific,false,43,910,true,29.0,126.6,69.3,0.193,0.726,0.092,0.506,0.286,0.295,59,16,43,43,43,0.671,0.09,190.6,0.92,36.1,2.09,35.6,27.1,16.9,13.6,44.1,54.2,20.3
29843,yatsuka,Flex,Pacific,false,55,1182,true,28.5,116.4,69.4,0.254,0.71,0.098,0.466,0.3,,53,0,53,55,55,0.635,0.113,178.2,0.91,33.6,2.13,8.5,28.8,54.2,30.5,55.9,20.3,6.8
29841,Caedye,Flex,Pacific,false,55,1182,true,27.1,126.3,68.2,0.235,0.733,0.093,0.5,0.296,,53,0,53,55,55,0.668,0.093,193.6,0.91,32.5,1.15,33.9,8.5,44.1,10.2,45.8,49.2,10.2
28948,NINJA,Flex,EMEA,false,38,797,true,22.1,122.7,67.2,0.199,0.701,0.083,0.434,0.276,,38,0,38,38,38,0.659,0.108,184.2,0.94,27.5,1.88,28.8,3.4,20.3,39.0,28.8,10.2,28.8
8373,Okeanos,Flex,Americas,false,20,448,true,20.6,115.5,65.6,0.261,0.732,0.076,0.415,0.257,0.268,42,22,20,20,20,0.623,0.107,174.9,0.86,36.3,1.12,5.1,0.0,64.4,11.9,16.9,5.1,59.3
34181,GREEN,Flex,China,true,17,355,true,17.4,115.6,66.3,0.251,0.763,0.082,0.49,0.294,,15,0,15,15,15,0.614,0.085,183.9,0.82,30.1,,6.8,1.7,52.5,0.0,25.4,40.7,11.9
51250,Ying,Flex,China,true,5,112,false,,136.9,67.1,0.268,0.75,0.08,0.5,0.26,,5,0,5,4,5,0.705,0.08,209.3,1.06,31.7,,,,,,,,
4828,NiSMO,Flex,Americas,false,4,88,false,,142.9,72.8,0.307,0.784,0.136,0.571,0.1,,4,0,4,4,4,0.693,0.102,212.1,1.0,29.0,0.0,,,,,,,
4629,azury,Flex,EMEA,false,12,243,false,,136.2,77.8,0.379,0.65,0.07,0.607,0.232,,12,0,12,12,12,0.708,0.045,207.9,1.11,26.2,1.23,,,,,,,
25053,Wolverine,Flex,Pacific,false,11,234,false,,126.7,68.7,0.222,0.684,0.124,0.58,0.231,,11,0,11,11,11,0.688,0.09,197.3,1.0,24.5,0.43,,,,,,,
8044,MrFaliN,Flex,EMEA,false,8,187,false,,116.7,65.4,0.326,0.695,0.07,0.406,0.268,0.293,47,39,8,8,8,0.626,0.102,177.6,0.97,35.8,2.14,,,,,,,
5203,Bati,Flex,Americas,false,7,152,false,,89.9,66.6,0.447,0.757,0.033,0.227,0.191,,7,0,7,7,7,0.461,0.112,140.3,0.7,21.2,0.0,,,,,,,
15897,Apinya,Flex,Pacific,false,12,253,false,,134.3,70.3,0.285,0.688,0.142,0.545,0.27,,12,0,12,12,12,0.704,0.119,202.9,1.03,23.4,0.79,,,,,,,
1311,Melser,Flex,Americas,false,7,132,false,,116.1,74.2,0.25,0.712,0.083,0.55,0.276,0.295,52,45,7,7,7,0.591,0.068,171.3,0.83,33.6,0.0,,,,,,,
14444,Eren,Flex,China,true,5,118,false,,143.9,75.4,0.229,0.763,0.119,0.538,0.118,,5,0,5,5,5,0.72,0.102,209.6,0.98,31.2,,,,,,,,
33570,chubizin,Flex,Americas,false,7,132,false,,101.3,69.6,0.318,0.727,0.061,0.471,0.277,,7,0,7,7,7,0.583,0.068,160.1,0.84,28.8,0.76,,,,,,,
1294,NagZ,Flex,Americas,false,8,164,false,,111.4,65.9,0.238,0.677,0.055,0.36,0.265,,8,0,8,8,8,0.561,0.098,156.1,0.95,27.1,3.05,,,,,,,
195,Desmo,Flex,EMEA,false,3,58,false,,98.0,72.4,0.379,0.707,0.069,0.308,0.418,,3,0,3,3,3,0.586,0.155,161.0,0.83,40.2,1.72,,,,,,,
55085,Erv,controller,China,true,71,1508,true,88.0,132.1,75.3,0.412,0.66,0.073,0.508,0.236,,63,0,63,64,65,0.69,0.071,199.2,1.09,30.6,,83.1,93.8,90.8,78.5,61.5,69.2,86.2
2489,Munchkin,controller,"International,Pacific",false,69,1476,true,76.4,118.1,73.7,0.413,0.643,0.064,0.424,0.235,0.25,133,64,69,69,69,0.62,0.087,179.6,0.98,19.7,2.17,38.5,72.3,92.3,84.6,43.1,23.1,87.7
17433,v1c,controller,Americas,false,46,979,true,73.2,121.6,75.7,0.398,0.665,0.08,0.491,0.291,0.28,91,45,46,46,46,0.635,0.083,184.4,0.99,27.6,3.06,52.3,100.0,81.5,72.3,72.3,60.0,27.7
58959,iamgrq,controller,"China,International",true,76,1596,true,69.6,125.0,74.5,0.398,0.7,0.07,0.452,0.264,,65,0,65,68,68,0.67,0.085,195.0,0.99,25.1,1.32,66.2,86.2,80.0,27.7,55.4,36.9,64.6
1144,Boo,controller,"EMEA,International",false,69,1436,true,68.9,110.8,74.6,0.411,0.639,0.055,0.441,0.288,0.284,133,64,69,69,69,0.604,0.07,171.8,1.01,34.4,2.23,15.4,87.7,89.2,89.2,20.0,30.8,30.8
55694,hezacoil,controller,EMEA,false,16,352,true,68.7,123.6,75.3,0.352,0.616,0.091,0.533,0.272,,16,0,16,16,16,0.634,0.08,183.3,1.05,33.9,3.41,58.5,95.4,38.5,98.5,89.2,86.2,46.2
488,Rb,controller,"International,Pacific",false,71,1517,true,68.7,113.5,73.5,0.405,0.631,0.058,0.436,0.267,0.269,104,33,71,71,71,0.639,0.075,179.9,1.02,25.4,1.98,24.6,70.8,84.6,95.4,24.6,29.2,55.4
16215,dos9,controller,EMEA,false,45,959,true,68.5,121.6,75.0,0.362,0.635,0.08,0.507,0.281,0.271,78,33,45,45,45,0.684,0.078,191.2,1.05,29.0,1.77,53.8,92.3,52.3,92.3,75.4,67.7,38.5
4462,MaKo,controller,Pacific,false,61,1298,true,68.1,127.3,74.7,0.374,0.68,0.08,0.523,0.284,0.281,141,80,61,61,61,0.681,0.073,195.5,1.03,28.7,1.85,73.8,89.2,69.2,50.8,73.8,81.5,35.4
37489,Lysoar,controller,"China,International",true,89,1834,true,67.5,126.8,75.3,0.36,0.677,0.049,0.515,0.271,0.264,122,43,79,84,84,0.712,0.046,199.1,1.03,26.2,1.23,69.2,96.9,49.2,56.9,7.7,73.8,47.7
47629,Coco,controller,China,true,62,1358,true,67.0,131.8,72.8,0.395,0.697,0.06,0.455,0.231,0.239,77,25,52,53,54,0.68,0.071,198.5,1.05,33.2,,80.0,58.5,76.9,30.8,32.3,40.0,90.8
24344,Loita,controller,"EMEA,International",false,53,1136,true,66.5,122.0,71.8,0.427,0.658,0.058,0.398,0.247,,53,0,53,53,53,0.652,0.088,185.2,1.04,38.0,2.55,55.4,32.3,96.9,81.5,26.2,7.7,80.0
12928,Veqaj,controller,EMEA,false,27,635,true,63.3,143.4,72.1,0.373,0.679,0.104,0.545,0.242,0.252,41,14,27,27,27,0.746,0.087,216.4,1.09,34.4,0.94,98.5,38.5,67.7,52.3,95.4,95.4,81.5
4742,Smoggy,controller,"China,International",true,85,1763,true,63.1,132.9,73.8,0.364,0.701,0.091,0.523,0.266,0.264,136,59,77,78,78,0.691,0.083,200.4,1.04,30.8,1.17,86.2,76.9,58.5,26.2,90.8,83.1,56.9
11118,skuba,controller,"Americas,International",false,87,1835,true,62.6,122.8,74.3,0.278,0.638,0.079,0.539,0.207,0.206,131,44,87,87,87,0.669,0.068,186.0,1.03,26.4,2.29,56.9,83.1,3.1,90.8,70.8,92.3,98.5
24628,wayne,controller,"EMEA,International",false,42,897,true,62.4,118.0,74.8,0.371,0.672,0.061,0.482,0.286,,42,0,42,42,42,0.642,0.066,180.8,0.99,33.6,1.23,35.4,90.8,63.1,61.5,33.8,55.4,32.3
55817,Verse,controller,China,true,25,561,true,62.2,110.6,74.0,0.453,0.692,0.046,0.404,0.284,,16,0,16,22,22,0.619,0.069,174.6,0.93,35.7,,13.8,81.5,100.0,36.9,6.2,9.2,33.8
5554,PROFEK,controller,"EMEA,International",false,71,1488,true,62.2,117.2,73.8,0.362,0.639,0.074,0.564,0.269,0.259,127,56,71,71,71,0.633,0.057,177.6,0.98,26.1,1.68,32.3,75.4,53.8,87.7,63.1,98.5,53.8
10698,nephh,controller,China,true,60,1284,true,62.1,121.3,74.0,0.395,0.692,0.07,0.46,0.273,0.248,112,60,52,54,54,0.676,0.082,193.8,1.0,25.1,,49.2,78.5,78.5,33.8,53.8,44.6,43.1
3880,bang,controller,Americas,false,62,1329,true,61.8,118.0,74.5,0.37,0.631,0.055,0.521,0.309,0.269,146,84,62,62,62,0.676,0.05,184.7,1.08,33.7,2.18,36.9,84.6,61.5,93.8,18.5,78.5,9.2
3885,valyn,controller,"Americas,International",false,92,1941,true,61.2,127.2,73.8,0.351,0.67,0.076,0.516,0.264,0.256,192,100,92,92,92,0.704,0.071,196.6,1.04,26.1,1.65,72.3,73.8,36.9,63.1,69.2,75.4,63.1
18677,Ruxic,controller,EMEA,false,43,942,true,60.1,141.1,72.8,0.328,0.676,0.088,0.512,0.222,0.248,92,49,43,43,43,0.76,0.084,215.7,1.12,26.6,1.27,93.8,55.4,26.2,58.5,87.7,72.3,93.8
46460,Ezeir,controller,China,true,40,849,true,57.9,130.2,72.8,0.363,0.7,0.068,0.545,0.264,0.26,55,23,32,34,34,0.665,0.056,190.3,1.04,27.2,,78.5,60.0,55.4,29.2,49.2,95.4,66.2
34974,Karon,controller,Pacific,false,43,969,true,57.0,132.0,74.0,0.301,0.678,0.072,0.534,0.266,0.264,107,64,43,43,43,0.722,0.063,201.8,1.07,33.6,3.2,81.5,80.0,13.8,55.4,60.0,89.2,60.0
37927,happywei,controller,"China,International",true,89,1834,true,55.6,149.5,73.2,0.278,0.675,0.111,0.591,0.256,0.261,121,42,79,84,84,0.771,0.076,220.0,1.14,35.2,0.99,100.0,64.6,4.6,60.0,98.5,100.0,73.8
10146,reazy,controller,EMEA,false,16,352,true,55.2,117.5,73.3,0.301,0.642,0.068,0.49,0.224,,16,0,16,16,16,0.628,0.071,174.5,0.95,30.8,1.7,33.8,67.7,12.3,86.2,50.8,58.5,92.3
8286,GLYPH,controller,"Americas,EMEA,International",false,63,1336,true,55.2,110.5,73.4,0.362,0.67,0.054,0.522,0.259,,63,0,63,63,63,0.599,0.049,171.7,0.94,23.8,1.87,10.8,69.2,50.8,64.6,15.4,80.0,69.2
8549,kiNgg,controller,"Americas,International",false,79,1608,true,54.8,115.4,75.3,0.31,0.585,0.069,0.539,0.323,0.308,119,40,79,79,79,0.639,0.059,178.0,1.03,29.3,1.43,29.2,98.5,20.0,100.0,52.3,90.8,6.2
3045,LuoK1ng,controller,China,true,44,953,true,54.7,113.1,72.7,0.369,0.689,0.063,0.426,0.21,0.256,64,29,35,36,36,0.613,0.084,173.2,0.99,30.6,,23.1,52.3,60.0,40.0,36.9,26.2,96.9
21438,SSeeS,controller,Pacific,false,55,1182,true,53.5,105.0,72.6,0.414,0.665,0.046,0.397,0.297,0.303,67,14,53,55,55,0.564,0.069,162.6,0.92,25.7,1.51,6.2,50.8,93.8,70.8,3.1,6.2,21.5
1265,johnqt,controller,Americas,false,37,820,true,52.7,127.4,73.3,0.316,0.621,0.034,0.475,0.304,0.265,121,84,37,37,37,0.69,0.038,191.8,1.11,25.5,2.56,75.4,66.2,21.5,96.9,0.0,52.3,10.8
9801,f0rsakeN,controller,"International,Pacific",false,101,2155,true,52.1,136.9,72.7,0.36,0.718,0.104,0.487,0.266,0.253,183,84,99,101,101,0.731,0.11,209.9,1.0,28.6,0.9,90.8,53.8,47.7,10.8,96.9,56.9,58.5
10557,Darker,controller,Americas,false,53,1108,true,51.4,125.2,72.5,0.363,0.727,0.072,0.51,0.254,,53,0,53,53,53,0.663,0.069,191.1,0.95,25.6,1.62,67.7,49.2,56.9,4.6,58.5,70.8,76.9
727,saadhak,controller,Americas,false,40,814,true,50.4,119.2,69.8,0.419,0.692,0.085,0.451,0.25,0.225,81,41,40,40,40,0.612,0.103,181.5,0.94,23.8,1.72,41.5,10.8,95.4,35.4,83.1,35.4,78.5
11134,Kicks,controller,EMEA,false,30,631,true,49.8,110.6,72.9,0.36,0.647,0.067,0.519,0.283,0.288,79,49,30,30,30,0.604,0.062,168.8,0.97,29.7,2.22,12.3,61.5,46.2,83.1,47.7,76.9,36.9
40843,audaz,controller,EMEA,false,49,1043,true,49.2,111.6,72.9,0.36,0.68,0.059,0.53,0.266,,49,0,49,49,49,0.612,0.053,170.7,0.97,36.8,2.49,16.9,63.1,44.6,49.2,29.2,84.6,61.5
29242,erde,controller,Americas,false,39,810,true,48.7,132.6,72.5,0.347,0.66,0.086,0.504,0.302,,39,0,39,39,39,0.711,0.085,201.8,1.08,26.8,1.73,84.6,47.7,32.3,76.9,86.2,66.2,13.8
19292,jowa,controller,China,true,26,540,true,45.7,116.6,72.3,0.409,0.715,0.084,0.46,0.294,,23,0,23,23,23,0.622,0.098,186.2,0.93,32.7,,30.8,46.2,87.7,12.3,80.0,43.1,23.1
7754,xavi8k,controller,"International,Pacific",false,75,1613,true,44.2,123.6,72.2,0.346,0.667,0.064,0.464,0.289,,75,0,75,75,75,0.655,0.074,187.7,1.01,24.5,1.8,60.0,43.1,30.8,67.7,41.5,49.2,29.2
6668,SugarZ3ro,controller,Pacific,false,43,910,true,44.0,114.7,72.0,0.389,0.744,0.064,0.414,0.258,0.253,71,28,43,43,43,0.602,0.09,177.3,0.89,30.1,0.88,26.2,35.4,75.4,0.0,40.0,15.4,70.8
4705,Flex1n,controller,"China,International",true,48,969,true,44.0,112.8,72.1,0.428,0.705,0.063,0.462,0.302,0.267,96,48,48,48,48,0.605,0.073,175.4,0.93,26.2,0.0,20.0,36.9,98.5,23.1,38.5,47.7,12.3
9152,Deryeon,controller,China,true,24,519,true,43.8,119.5,72.8,0.372,0.703,0.059,0.435,0.424,0.367,30,12,18,21,21,0.674,0.077,183.8,0.98,24.7,,44.6,56.9,64.6,24.6,30.8,27.7,1.5
7873,leaf,controller,"Americas,International",false,92,1941,true,43.7,135.0,71.0,0.305,0.688,0.095,0.443,0.235,0.245,175,83,92,92,92,0.717,0.12,204.5,1.03,24.9,2.06,89.2,21.5,16.9,41.5,93.8,33.8,89.2
7603,Mazino,controller,Americas,false,56,1173,true,43.4,124.4,71.0,0.401,0.714,0.074,0.458,0.293,0.286,101,45,56,56,56,0.648,0.088,187.7,0.95,25.2,0.77,61.5,24.6,83.1,15.4,66.2,41.5,24.6
5568,sociablEE,controller,"EMEA,International",false,77,1655,true,43.0,118.9,71.2,0.405,0.697,0.072,0.425,0.298,0.294,133,56,77,77,77,0.628,0.097,182.2,0.95,25.0,1.39,40.0,26.2,86.2,32.3,56.9,24.6,18.5
1129,Rossy,controller,Americas,false,46,964,true,42.9,121.6,71.3,0.32,0.678,0.051,0.441,0.237,0.247,57,11,46,46,46,0.657,0.064,185.1,1.02,27.8,2.39,50.8,29.2,23.1,53.8,12.3,32.3,84.6
8447,Less,controller,Americas,false,40,814,true,42.2,143.3,69.4,0.29,0.658,0.095,0.497,0.256,0.247,89,49,40,40,40,0.774,0.096,218.1,1.11,31.4,1.47,96.9,9.2,6.2,80.0,92.3,64.6,75.4
309,paTiTek,controller,EMEA,false,15,322,true,40.6,109.0,71.0,0.329,0.665,0.075,0.533,0.211,0.26,107,92,15,15,15,0.571,0.065,167.1,0.91,22.8,1.55,9.2,23.1,27.7,73.8,67.7,86.2,95.4
7987,KovaQ,controller,China,true,34,700,true,40.3,126.9,72.1,0.301,0.681,0.081,0.454,0.273,0.285,42,12,30,28,30,0.669,0.097,189.8,0.97,30.6,,70.8,40.0,15.4,47.7,76.9,38.5,44.6
4056,Sylvan,controller,Pacific,false,36,759,true,38.9,124.8,71.8,0.344,0.719,0.059,0.421,0.257,0.245,82,46,36,36,36,0.688,0.082,191.0,0.99,31.9,2.11,63.1,33.8,29.2,7.7,27.7,16.9,72.3
754,nerve,controller,"Americas,International",false,37,747,true,38.0,115.3,71.2,0.297,0.665,0.044,0.423,0.242,,37,0,37,37,37,0.582,0.06,169.6,0.91,26.0,1.47,27.7,27.7,10.8,69.2,1.5,20.0,83.1
45494,Proxh,controller,EMEA,false,17,367,true,37.5,111.7,72.2,0.376,0.714,0.049,0.409,0.299,0.237,31,14,17,17,17,0.61,0.071,168.7,0.89,30.3,1.63,18.5,41.5,70.8,13.8,10.8,12.3,16.9
5550,grubinho,controller,EMEA,false,25,540,true,37.5,112.8,71.4,0.357,0.687,0.065,0.493,0.269,0.296,85,60,25,25,25,0.609,0.067,172.6,0.93,28.3,2.41,21.5,30.8,43.1,43.1,44.6,61.5,52.3
438,Boaster,controller,EMEA,false,55,1236,true,36.2,95.2,69.3,0.372,0.664,0.051,0.375,0.274,0.283,148,93,55,55,55,0.502,0.085,145.7,0.83,28.2,0.97,1.5,6.2,66.2,75.4,13.8,3.1,41.5
5957,artzin,controller,"Americas,International",false,63,1310,true,35.8,128.8,70.6,0.35,0.682,0.074,0.424,0.297,0.299,133,70,63,63,63,0.674,0.101,193.4,0.98,25.9,1.98,76.9,18.5,35.4,46.2,64.6,21.5,20.0
13744,PatMen,controller,"International,Pacific",false,75,1613,true,33.4,142.8,72.2,0.266,0.719,0.111,0.544,0.291,0.29,146,71,75,75,75,0.778,0.093,219.0,1.05,32.5,0.99,95.4,44.6,1.5,9.2,100.0,93.8,26.2
3977,Crws,controller,"International,Pacific",false,50,1036,true,31.2,108.2,69.3,0.357,0.669,0.062,0.421,0.271,0.292,104,54,50,50,50,0.535,0.085,160.3,0.88,24.4,2.61,7.7,7.7,41.5,66.2,35.4,18.5,49.2
55038,Au1,controller,"China,International",true,20,416,true,30.5,124.9,67.8,0.291,0.707,0.066,0.462,0.172,,18,0,18,18,18,0.613,0.077,183.0,0.89,20.4,0.0,64.6,3.1,7.7,20.0,46.2,46.2,100.0
7105,qpert,controller,EMEA,false,38,797,true,28.7,103.8,70.4,0.355,0.71,0.054,0.391,0.26,,38,0,38,38,38,0.541,0.084,156.7,0.85,30.8,1.76,4.6,16.9,40.0,18.5,16.9,4.6,67.7
14125,Spring,controller,China,true,50,1059,true,27.4,137.2,70.1,0.322,0.725,0.085,0.467,0.301,0.267,84,43,41,44,44,0.708,0.097,206.6,1.03,28.7,,92.3,13.8,24.6,6.2,81.5,50.8,15.4
2149,C1ndeR,controller,Pacific,false,31,709,true,26.6,95.1,67.4,0.378,0.728,0.058,0.41,0.27,,31,0,31,31,31,0.504,0.083,149.1,0.77,29.5,1.27,0.0,1.5,72.3,3.1,23.1,13.8,50.8
27254,Leviathan,controller,"International,Pacific",false,38,779,true,23.5,119.3,70.2,0.308,0.683,0.049,0.373,0.315,,38,0,38,38,38,0.639,0.082,177.4,0.94,39.5,2.7,43.1,15.4,18.5,44.6,9.2,1.5,7.7
64969,crownfisher,controller,China,true,34,726,true,23.0,119.8,69.9,0.348,0.705,0.056,0.407,0.334,,28,0,28,30,31,0.665,0.082,184.8,0.93,29.1,,46.2,12.3,33.8,21.5,21.5,10.8,4.6
2653,Jesse,controller,EMEA,false,17,349,true,22.8,101.4,68.2,0.381,0.711,0.046,0.372,0.427,,17,0,17,17,17,0.527,0.077,151.9,0.83,26.9,2.87,3.1,4.6,73.8,16.9,4.6,0.0,0.0
826,supamen,controller,Americas,false,45,967,true,21.7,120.8,70.7,0.297,0.691,0.085,0.494,0.346,0.316,83,38,45,45,45,0.638,0.087,180.7,0.96,37.1,1.14,47.7,20.0,9.2,38.5,84.6,63.1,3.1
5292,al0rante,controller,EMEA,false,38,797,true,19.4,133.5,67.3,0.173,0.73,0.082,0.481,0.275,,38,0,38,38,38,0.731,0.088,201.3,0.98,43.8,0.63,87.7,0.0,0.0,1.5,78.5,53.8,40.0
58009,Krst1Ng,controller,China,true,5,112,false,,108.9,70.2,0.277,0.75,0.089,0.526,0.392,,5,0,5,4,5,0.571,0.08,162.8,0.95,39.1,,,,,,,,
2881,LohaN,controller,EMEA,false,2,34,false,,84.2,55.9,0.088,0.853,0.059,0.286,0.328,,2,0,2,2,2,0.382,0.147,118.4,0.51,23.9,2.94,,,,,,,
263,Marved,controller,Americas,false,3,71,false,,113.9,77.4,0.451,0.634,0.042,0.3,0.094,,3,0,3,3,3,0.577,0.099,174.2,1.0,34.0,2.82,,,,,,,
38857,benG,controller,Americas,false,8,164,false,,103.5,66.0,0.268,0.732,0.073,0.545,0.209,,8,0,8,8,8,0.567,0.061,166.5,0.89,31.9,2.44,,,,,,,
3031,Septem7,controller,China,true,5,106,false,,90.8,74.3,0.302,0.755,0.075,0.444,0.356,,5,0,5,5,5,0.462,0.094,138.7,0.7,26.1,,,,,,,,
2408,tuyz,controller,Americas,false,5,99,false,,119.5,70.0,0.303,0.667,0.02,0.222,0.205,0.255,36,31,5,5,5,0.596,0.071,170.7,0.94,32.3,1.01,,,,,,,
7660,Fizzy,controller,EMEA,false,12,243,false,,115.8,72.1,0.374,0.691,0.074,0.514,0.266,,12,0,12,12,12,0.675,0.07,184.3,1.02,24.9,2.47,,,,,,,
12226,sturNN,controller,EMEA,false,9,175,false,,99.0,63.9,0.171,0.789,0.069,0.364,0.268,,9,0,9,9,9,0.589,0.12,162.8,0.72,28.7,1.14,,,,,,,
384,Shao,controller,EMEA,false,12,261,false,,101.6,67.2,0.28,0.713,0.077,0.5,0.353,0.318,61,49,12,12,12,0.506,0.077,149.6,0.78,34.4,1.15,,,,,,,
20240,xenom,controller,Americas,false,5,111,false,,144.2,73.2,0.324,0.64,0.126,0.778,0.302,0.26,75,70,5,5,5,0.748,0.036,214.2,1.16,33.3,2.7,,,,,,,
4382,sScary,controller,China,true,7,141,false,,112.9,70.3,0.411,0.759,0.083,0.643,0.195,,5,0,5,5,5,0.546,0.046,169.9,0.9,24.1,,,,,,,,
27149,Brinks,controller,Americas,false,5,111,false,,114.8,67.6,0.144,0.703,0.081,0.5,0.132,,5,0,5,5,5,0.613,0.081,167.2,0.82,28.4,0.9,,,,,,,
36670,OBONE,controller,China,true,7,148,false,,127.9,66.3,0.405,0.736,0.061,0.375,0.27,0.332,14,9,5,5,5,0.561,0.102,172.5,1.02,37.2,,,,,,,,
48431,Kippei,controller,Pacific,false,6,126,false,,113.5,69.9,0.294,0.73,0.103,0.65,0.328,,6,0,6,6,6,0.587,0.056,170.9,0.89,28.0,1.59,,,,,,,
14431,monk,controller,China,true,5,118,false,,187.6,77.3,0.458,0.669,0.076,0.529,0.884,0.779,11,6,5,5,5,0.653,0.068,190.4,1.15,27.7,,,,,,,,
2366,aLerT,controller,Pacific,false,5,113,false,,121.9,76.8,0.389,0.664,0.062,0.538,0.221,,5,0,5,5,5,0.655,0.053,184.1,0.99,29.3,2.65,,,,,,,
39021,Notexxd,controller,Americas,false,2,41,false,,122.8,80.4,0.39,0.707,0.049,0.5,0.128,,2,0,2,2,2,0.707,0.049,197.1,1.02,23.5,4.88,,,,,,,
43057,DH,controller,Pacific,false,10,227,false,,110.1,73.0,0.348,0.718,0.084,0.514,0.253,0.235,36,26,10,10,10,0.608,0.079,163.4,0.87,27.8,0.44,,,,,,,
62402,KiTae,controller,Pacific,false,6,143,false,,101.5,70.0,0.385,0.741,0.077,0.407,0.361,,6,0,6,6,6,0.483,0.112,151.1,0.71,30.0,0.7,,,,,,,
3401,PTC,controller,Pacific,false,12,253,false,,126.5,71.5,0.356,0.688,0.083,0.512,0.194,,12,0,12,12,12,0.684,0.079,195.8,1.02,30.8,1.19,,,,,,,
683,pANcada,controller,Americas,false,7,146,false,,110.8,76.0,0.315,0.685,0.055,0.615,0.21,0.317,43,36,7,7,7,0.534,0.034,157.3,0.87,34.4,2.05,,,,,,,
13823,PxS,controller,Americas,false,5,104,false,,116.6,67.3,0.192,0.625,0.087,0.6,0.353,0.251,14,9,5,5,5,0.615,0.058,173.7,1.0,23.0,2.88,,,,,,,
8422,Spaz,controller,Americas,false,4,88,false,,111.1,68.3,0.364,0.739,0.068,0.462,0.486,,4,0,4,4,4,0.591,0.08,174.7,0.9,22.3,2.27,,,,,,,
1475,kamyk,controller,EMEA,false,13,289,false,,130.6,72.3,0.315,0.664,0.062,0.419,0.247,0.269,71,58,13,13,13,0.709,0.087,199.5,1.09,29.6,4.15,,,,,,,
60576,Ray,controller,Pacific,false,11,234,false,,147.9,73.1,0.286,0.692,0.115,0.587,0.311,,11,0,11,11,11,0.808,0.081,230.5,1.15,29.9,1.28,,,,,,,
10114,baha,controller,EMEA,false,8,187,false,,103.6,58.3,0.176,0.786,0.053,0.37,0.172,,8,0,8,8,8,0.545,0.091,158.2,0.68,31.4,1.6,,,,,,,
53,Inspire,controller,Americas,false,11,256,false,,136.4,69.2,0.219,0.645,0.082,0.488,0.22,,11,0,11,11,11,0.715,0.086,202.8,1.09,33.9,2.34,,,,,,,
25255,primmie,duelist,"International,Pacific",false,62,1273,true,86.1,161.4,73.3,0.194,0.694,0.165,0.568,0.255,0.256,116,54,62,62,62,0.902,0.126,253.7,1.21,30.7,1.96,97.6,95.2,39.8,91.6,69.9,94.0,55.4
58496,Kachoww,duelist,EMEA,false,16,352,true,85.7,167.0,75.6,0.21,0.73,0.182,0.61,0.285,,16,0,16,16,16,0.929,0.116,260.0,1.17,37.9,0.85,100.0,100.0,54.2,57.8,86.7,98.8,27.7
9196,t3xture,duelist,Pacific,false,43,969,true,80.4,146.9,70.5,0.161,0.724,0.184,0.549,0.197,0.22,107,64,43,43,43,0.809,0.151,230.5,1.06,23.5,1.34,80.7,57.8,15.7,63.9,88.0,88.0,100.0
10307,marteen,duelist,"EMEA,International",false,59,1274,true,80.2,160.4,74.5,0.275,0.691,0.143,0.553,0.255,0.243,100,41,59,59,59,0.872,0.115,246.7,1.22,31.9,2.04,96.4,98.8,95.2,94.0,42.2,89.2,56.6
6672,Meiy,duelist,Pacific,false,55,1182,true,80.1,153.0,73.1,0.157,0.738,0.174,0.571,0.28,0.293,87,34,53,55,55,0.875,0.131,242.6,1.13,27.0,1.06,91.6,91.6,7.2,48.2,80.7,96.4,32.5
39357,s0pp,duelist,"EMEA,International",false,65,1394,true,78.0,145.4,71.3,0.213,0.751,0.2,0.571,0.254,,65,0,65,65,65,0.791,0.151,226.3,1.03,25.7,1.36,77.1,74.7,57.8,31.3,97.6,95.2,57.8
3520,ZmjjKK,duelist,"China,International",true,85,1763,true,76.2,152.5,70.3,0.172,0.74,0.194,0.54,0.252,0.257,136,59,77,78,78,0.842,0.165,239.1,1.05,23.8,2.05,90.4,55.4,22.9,47.0,95.2,78.3,59.0
24895,Jemkin,duelist,Pacific,false,53,1159,true,75.2,138.6,71.4,0.151,0.664,0.166,0.557,0.24,0.266,137,84,53,53,53,0.789,0.132,218.8,1.12,28.2,2.24,55.4,75.9,1.2,97.6,72.3,90.4,77.1
21216,f4ngeer,duelist,"China,International",true,76,1596,true,74.8,145.6,69.4,0.164,0.697,0.184,0.558,0.275,,65,0,65,68,68,0.821,0.146,229.4,1.1,31.6,0.66,78.3,44.6,16.9,88.0,89.2,91.6,36.1
36685,splash,duelist,China,true,71,1508,true,74.6,157.9,72.1,0.24,0.745,0.171,0.526,0.256,,63,0,63,64,65,0.851,0.154,247.2,1.11,29.1,,95.2,83.1,78.3,39.8,78.3,66.3,54.2
45492,swagzor,duelist,China,true,33,701,true,73.6,154.0,71.0,0.19,0.779,0.211,0.529,0.262,,27,0,27,29,29,0.84,0.188,242.7,1.01,29.1,,94.0,67.5,37.3,9.6,100.0,69.9,50.6
8480,aspas,duelist,Americas,false,56,1173,true,72.9,142.4,72.4,0.159,0.681,0.145,0.545,0.25,0.257,126,70,56,56,56,0.778,0.121,214.1,1.06,27.4,0.77,69.9,86.7,10.8,96.4,45.8,85.5,65.1
4885,whzy,duelist,China,true,60,1284,true,72.5,148.5,71.3,0.212,0.734,0.165,0.534,0.249,0.258,112,60,52,54,54,0.806,0.144,229.0,1.07,24.4,,86.7,72.3,55.4,53.0,67.5,72.3,67.5
40935,lovers rock,duelist,"EMEA,International",false,53,1136,true,72.4,140.3,70.9,0.171,0.7,0.175,0.599,0.287,,53,0,53,53,53,0.783,0.117,220.6,1.07,20.9,1.32,62.7,65.1,21.7,84.3,81.9,97.6,26.5
5022,Derke,duelist,"EMEA,International",false,71,1488,true,72.1,147.4,71.7,0.224,0.714,0.17,0.541,0.314,0.277,120,49,71,71,71,0.792,0.144,225.3,1.06,24.8,1.14,81.9,78.3,68.7,78.3,77.1,80.7,4.8
18350,MiniBoo,duelist,"EMEA,International",false,45,969,true,70.7,141.3,70.8,0.185,0.719,0.18,0.521,0.239,0.254,109,64,45,45,45,0.773,0.165,220.5,1.03,31.9,1.34,67.5,63.9,31.3,69.9,84.3,61.4,80.7
804,BuZz,duelist,"International,Pacific",false,69,1476,true,70.4,144.6,72.0,0.242,0.717,0.151,0.537,0.25,0.256,156,87,69,69,69,0.806,0.13,227.0,1.04,22.8,0.75,74.7,81.9,79.5,73.5,51.8,77.1,62.7
8873,dgzin,duelist,Americas,false,45,967,true,69.5,147.6,68.5,0.152,0.743,0.193,0.545,0.283,0.277,68,23,45,45,45,0.845,0.161,233.4,1.08,30.8,1.03,84.3,33.7,2.4,42.2,94.0,86.7,30.1
55681,kozzy,duelist,EMEA,false,15,322,true,68.4,162.0,69.5,0.158,0.742,0.155,0.521,0.227,,15,0,15,15,15,0.863,0.143,244.6,1.12,31.6,1.86,98.8,47.0,9.6,43.4,56.6,60.2,89.2
29893,Timotino,duelist,Americas,false,62,1329,true,68.0,144.0,68.8,0.233,0.742,0.196,0.518,0.217,,62,0,62,62,62,0.763,0.182,221.1,0.99,27.0,1.35,72.3,34.9,72.3,44.6,96.4,56.6,96.4
7378,Jinggg,duelist,"International,Pacific",false,101,2155,true,68.0,145.0,74.1,0.262,0.695,0.123,0.541,0.264,0.251,183,84,99,101,101,0.765,0.104,218.1,1.07,25.8,1.05,75.9,97.6,90.4,90.4,20.5,81.9,48.2
21328,Wo0t,duelist,"EMEA,International",false,69,1436,true,67.1,140.1,72.6,0.212,0.71,0.15,0.542,0.272,0.268,133,64,69,69,69,0.753,0.127,214.8,1.03,27.1,0.84,61.4,88.0,56.6,79.5,49.4,83.1,41.0
18796,OXY,duelist,Americas,false,43,900,true,66.2,153.8,69.9,0.159,0.761,0.202,0.519,0.297,0.274,88,45,43,43,43,0.879,0.188,247.2,1.11,28.1,1.0,92.8,50.6,12.0,20.5,98.8,59.0,18.1
21661,spike,duelist,"Americas,International",false,79,1608,true,66.0,140.8,72.3,0.269,0.741,0.165,0.535,0.28,0.277,92,13,79,79,79,0.771,0.144,220.9,0.98,25.1,0.81,65.1,84.3,92.8,45.8,71.1,74.7,33.7
4428,UdoTan,duelist,"International,Pacific",false,75,1613,true,64.4,141.0,71.7,0.187,0.722,0.143,0.518,0.219,0.24,105,30,75,75,75,0.756,0.133,215.5,1.01,29.6,1.18,66.3,79.5,36.1,66.3,41.0,57.8,95.2
20144,LewN,duelist,EMEA,false,45,959,true,64.2,144.6,70.7,0.173,0.721,0.165,0.534,0.306,0.285,101,56,45,45,45,0.808,0.144,226.2,1.04,32.8,1.04,73.5,61.4,24.1,68.7,68.7,73.5,13.3
46135,Zeus,duelist,Pacific,false,23,485,true,63.4,147.5,73.9,0.216,0.769,0.19,0.482,0.292,,23,0,23,23,23,0.786,0.204,226.3,1.01,26.8,1.03,83.1,96.4,62.7,14.5,91.6,31.3,21.7
21659,Sato,duelist,"Americas,International",false,79,1608,true,62.6,145.9,73.1,0.313,0.695,0.125,0.515,0.272,0.281,101,22,79,79,79,0.772,0.118,220.6,1.06,34.2,0.87,79.5,92.8,98.8,89.2,24.1,54.2,42.2
14681,kamo,duelist,"EMEA,International",false,72,1528,true,62.1,147.9,73.3,0.251,0.707,0.123,0.525,0.307,0.282,164,92,72,72,72,0.782,0.111,223.2,1.06,34.6,0.92,85.5,94.0,81.9,81.9,21.7,65.1,10.8
17086,something,duelist,"International,Pacific",false,101,2155,true,61.2,137.2,71.2,0.184,0.645,0.14,0.54,0.27,0.264,183,84,99,101,101,0.765,0.119,209.9,1.09,26.4,1.9,51.8,71.1,30.1,98.8,36.1,79.5,45.8
5132,mada,duelist,"Americas,International",false,87,1835,true,60.8,132.1,70.6,0.22,0.714,0.18,0.514,0.232,0.244,153,66,87,87,87,0.74,0.171,208.8,0.99,27.3,1.2,33.7,59.0,66.3,77.1,85.5,50.6,85.5
22047,Rarga,duelist,"China,International",true,89,1834,true,59.9,137.1,70.9,0.185,0.733,0.167,0.532,0.284,0.28,121,42,79,84,84,0.762,0.146,213.7,0.96,32.0,1.23,50.6,66.3,33.7,55.4,73.5,71.1,28.9
49476,zhe,duelist,China,true,73,1521,true,59.3,139.0,72.8,0.215,0.703,0.148,0.501,0.264,,61,0,61,63,64,0.773,0.147,217.9,1.04,24.6,,56.6,89.2,60.2,83.1,48.2,44.6,49.4
5564,DeadInk,duelist,EMEA,false,16,352,true,58.5,117.6,70.8,0.134,0.639,0.151,0.671,0.248,,16,0,16,16,16,0.682,0.074,184.7,0.99,21.9,0.85,8.4,62.7,0.0,100.0,50.6,100.0,68.7
31753,SpiritZ1,duelist,"China,International",true,73,1530,true,56.6,141.8,68.1,0.195,0.775,0.158,0.523,0.215,0.233,112,48,64,70,70,0.762,0.144,220.1,0.96,32.8,1.03,68.7,30.1,42.2,10.8,57.8,62.7,97.6
4004,zekken,duelist,Americas,false,56,1173,true,55.1,136.6,72.3,0.289,0.715,0.134,0.511,0.249,0.253,140,84,56,56,56,0.736,0.128,213.3,1.03,24.6,1.71,49.4,85.5,96.4,75.9,30.1,48.2,66.3
31827,Dambi,duelist,"International,Pacific",false,71,1517,true,54.3,140.5,70.1,0.256,0.73,0.143,0.49,0.236,0.249,120,49,71,71,71,0.788,0.149,224.8,1.05,23.8,0.73,63.9,53.0,86.7,59.0,44.6,36.1,83.1
37494,Kai,duelist,China,true,63,1359,true,52.8,138.4,69.2,0.167,0.75,0.162,0.528,0.276,0.27,81,29,52,53,53,0.757,0.144,214.5,0.97,28.7,,54.2,39.8,20.5,32.5,65.1,67.5,34.9
40591,ComeBack,duelist,EMEA,false,24,503,true,52.1,133.9,66.8,0.153,0.746,0.177,0.567,0.299,0.266,38,14,24,24,24,0.728,0.135,206.6,0.95,29.5,1.19,38.6,13.3,3.6,36.1,83.1,92.8,16.9
28400,HYUNMIN,duelist,Pacific,false,61,1298,true,51.2,150.4,71.9,0.208,0.731,0.116,0.492,0.291,0.265,141,80,61,61,61,0.79,0.119,227.7,1.06,30.1,0.85,88.0,80.7,53.0,56.6,8.4,37.3,22.9
10338,Lime,duelist,EMEA,false,15,322,true,50.1,123.4,71.1,0.261,0.733,0.14,0.536,0.228,,15,0,15,15,15,0.655,0.121,188.3,0.89,33.7,0.31,10.8,69.9,89.2,54.2,37.3,75.9,88.0
16924,stew,duelist,China,true,39,795,true,49.9,133.4,72.9,0.292,0.735,0.109,0.529,0.242,0.31,56,23,33,33,33,0.747,0.097,211.5,1.01,29.8,,34.9,90.4,97.6,50.6,6.0,68.7,75.9
31828,Francis,duelist,"International,Pacific",false,71,1517,true,49.8,140.0,71.3,0.26,0.734,0.138,0.501,0.282,0.284,120,49,71,71,71,0.75,0.137,216.5,1.01,24.1,1.12,60.2,73.5,88.0,51.8,33.7,43.4,31.3
41798,nightz,duelist,Americas,false,21,429,true,49.6,139.7,70.2,0.378,0.76,0.105,0.542,0.247,,21,0,21,21,21,0.699,0.089,205.6,0.98,34.1,1.4,59.0,54.2,100.0,22.9,2.4,84.3,71.1
23365,koshmaras,duelist,"EMEA,International",false,52,1085,true,49.5,135.0,71.6,0.266,0.745,0.155,0.5,0.272,,52,0,52,52,52,0.712,0.155,209.9,0.96,20.5,1.01,42.2,77.1,91.6,38.6,55.4,42.2,39.8
9554,kaajak,duelist,EMEA,false,55,1236,true,49.0,137.7,66.8,0.155,0.726,0.163,0.495,0.25,0.257,148,93,55,55,55,0.769,0.166,214.6,0.99,34.1,0.89,53.0,12.0,6.0,61.4,66.3,41.0,63.9
50025,Setrod,duelist,China,true,41,841,true,47.5,131.3,70.5,0.199,0.716,0.154,0.524,0.315,,35,0,35,33,35,0.718,0.14,205.7,0.95,27.7,,30.1,56.6,44.6,74.7,54.2,63.9,3.6
49973,glacier,duelist,China,true,36,772,true,46.9,136.4,67.8,0.194,0.797,0.19,0.465,0.222,,30,0,30,33,33,0.737,0.218,219.6,0.91,27.3,,48.2,20.5,41.0,2.4,90.4,20.5,94.0
54487,Xlele,duelist,China,true,40,844,true,45.2,131.5,71.1,0.185,0.736,0.123,0.514,0.246,,35,0,35,34,35,0.713,0.116,199.7,0.97,31.7,,31.3,68.7,32.5,49.4,22.9,51.8,72.3
41720,Favian,duelist,EMEA,false,49,1043,true,43.8,143.2,68.3,0.231,0.75,0.117,0.494,0.24,,49,0,49,49,49,0.777,0.12,217.8,1.03,29.8,1.63,71.1,31.3,71.1,33.7,10.8,39.8,78.3
34057,Jerrwin,duelist,Americas,false,30,658,true,43.6,127.0,65.8,0.204,0.766,0.191,0.516,0.244,,30,0,30,30,30,0.675,0.179,194.8,0.85,20.5,0.3,16.9,4.8,47.0,15.7,92.8,55.4,74.7
11332,ara,duelist,EMEA,false,42,889,true,43.4,131.7,67.6,0.155,0.723,0.16,0.502,0.256,0.312,90,48,42,42,42,0.736,0.159,207.2,0.97,28.7,1.8,32.5,16.9,4.8,65.1,59.0,45.8,53.0
10160,Izzy,duelist,EMEA,false,27,584,true,43.3,124.8,69.4,0.166,0.697,0.161,0.48,0.251,,27,0,27,27,27,0.707,0.175,197.7,0.96,23.5,0.68,13.3,42.2,18.1,86.7,63.9,30.1,61.4
63107,ra1ny,duelist,China,true,20,433,true,41.4,151.2,65.7,0.176,0.829,0.168,0.437,0.297,,16,0,16,17,18,0.753,0.217,220.2,1.01,22.5,,89.2,3.6,27.7,0.0,74.7,8.4,19.3
2462,keznit,duelist,Americas,false,46,964,true,41.1,133.8,69.1,0.202,0.765,0.161,0.515,0.301,0.291,91,45,46,46,46,0.714,0.151,206.2,0.91,24.3,1.56,37.3,37.3,45.8,16.9,61.4,53.0,15.7
31305,Lar0k,duelist,"EMEA,International",false,53,1136,true,41.0,135.4,70.1,0.239,0.717,0.125,0.513,0.342,,53,0,53,53,53,0.735,0.119,209.2,1.01,29.7,1.23,44.6,51.8,77.1,72.3,24.1,49.4,1.2
48025,alym,duelist,"Americas,International",false,37,747,true,38.7,127.2,67.9,0.222,0.744,0.169,0.477,0.257,,37,0,37,37,37,0.705,0.185,203.0,0.9,25.0,0.94,18.1,26.5,67.5,41.0,75.9,28.9,51.8
42235,Dynamite,duelist,China,true,62,1358,true,38.7,135.7,69.7,0.256,0.745,0.13,0.455,0.24,,52,0,52,53,54,0.698,0.156,205.1,0.97,24.4,,45.8,49.4,84.3,37.3,27.7,13.3,79.5
3993,jawgemo,duelist,"Americas,International",false,92,1941,true,38.4,134.9,69.5,0.236,0.753,0.148,0.47,0.272,0.252,192,100,92,92,92,0.717,0.167,207.4,0.93,22.0,0.77,39.8,48.2,74.7,28.9,47.0,22.9,43.4
41224,tkzin,duelist,Americas,false,31,651,true,37.3,139.2,69.4,0.186,0.771,0.143,0.443,0.271,,31,0,31,31,31,0.74,0.18,209.9,0.91,35.2,0.92,57.8,43.4,34.9,13.3,42.2,10.8,44.6
12793,xeus,duelist,"EMEA,International",false,73,1581,true,36.7,135.2,67.9,0.167,0.751,0.122,0.503,0.251,0.265,112,39,73,73,73,0.738,0.121,205.6,0.94,38.5,0.7,43.4,24.1,19.3,30.1,19.3,47.0,60.2
13788,JitBoyS,duelist,"International,Pacific",false,62,1273,true,35.4,130.1,69.5,0.219,0.722,0.139,0.488,0.308,0.283,116,54,62,62,62,0.694,0.146,200.5,0.93,28.2,0.63,27.7,45.8,65.1,67.5,34.9,34.9,8.4
3722,koalanoob,duelist,"Americas,International",false,63,1310,true,35.1,128.5,67.6,0.205,0.754,0.152,0.477,0.231,0.241,89,26,63,63,63,0.704,0.166,200.9,0.91,23.3,0.76,20.5,15.7,49.4,27.7,53.0,27.7,86.7
4544,Filu,duelist,EMEA,false,25,542,true,34.8,130.5,67.9,0.177,0.708,0.122,0.475,0.247,0.24,56,31,25,25,25,0.673,0.135,192.6,0.93,28.9,1.11,28.9,25.3,28.9,80.7,18.1,25.3,69.9
39697,cb,duelist,"China,International",true,47,975,true,34.1,128.9,69.1,0.254,0.694,0.104,0.457,0.212,0.232,61,23,38,40,40,0.693,0.123,199.0,0.97,25.0,1.23,24.1,38.6,83.1,92.8,1.2,14.5,98.8
25017,Ash,duelist,Pacific,false,41,931,true,31.3,124.7,70.6,0.27,0.718,0.118,0.472,0.265,0.271,91,50,41,41,41,0.682,0.132,196.6,0.95,29.2,1.72,12.0,60.2,94.0,71.1,13.3,24.1,47.0
11917,ExiT,duelist,EMEA,false,18,400,true,31.3,135.0,67.8,0.218,0.808,0.143,0.416,0.222,,18,0,18,18,18,0.728,0.2,208.6,0.87,25.5,0.75,41.0,21.7,63.9,1.2,39.8,2.4,92.8
3028,Life,duelist,"China,International",true,66,1380,true,31.0,130.0,67.9,0.174,0.764,0.161,0.484,0.313,0.305,73,18,55,61,61,0.701,0.172,197.9,0.87,37.6,0.0,26.5,22.9,26.5,18.1,60.2,32.5,6.0
37532,Zexy,duelist,Pacific,false,40,908,true,30.2,128.0,65.8,0.161,0.76,0.161,0.493,0.292,,40,0,40,40,40,0.695,0.165,199.5,0.89,26.8,1.1,19.3,6.0,14.5,21.7,62.7,38.6,20.5
52904,Akeman,duelist,China,true,19,403,true,29.2,125.1,66.2,0.196,0.789,0.171,0.469,0.274,0.264,50,31,19,18,19,0.658,0.194,191.2,0.81,28.9,,14.5,8.4,43.4,3.6,79.5,21.7,37.3
34776,Absol,duelist,Pacific,false,43,910,true,27.8,136.4,66.7,0.204,0.759,0.142,0.462,0.307,,43,0,43,43,43,0.737,0.165,213.6,0.95,20.1,1.21,47.0,10.8,48.2,24.1,38.6,16.9,9.6
7716,penny,duelist,Americas,false,23,503,true,25.6,126.9,69.3,0.237,0.688,0.105,0.431,0.273,0.292,44,21,23,23,23,0.684,0.139,196.4,0.95,20.4,0.4,15.7,41.0,75.9,95.2,3.6,7.2,38.6
11737,Xan,duelist,Pacific,false,17,352,true,25.4,129.2,67.7,0.173,0.787,0.136,0.485,0.29,,17,0,17,17,17,0.71,0.145,200.6,0.86,25.3,1.14,25.3,19.3,25.3,4.8,32.5,33.7,24.1
11527,NoMan,duelist,"China,International",true,87,1787,true,23.3,118.0,68.1,0.205,0.698,0.12,0.463,0.302,0.304,101,22,79,82,82,0.641,0.139,182.7,0.89,29.9,1.72,9.6,28.9,50.6,85.5,14.5,18.1,14.5
41135,Dantedeu5,duelist,Americas,false,40,814,true,23.1,117.2,68.4,0.233,0.773,0.135,0.428,0.237,0.253,57,17,40,40,40,0.625,0.181,181.3,0.79,29.4,0.12,7.2,32.5,73.5,12.0,31.3,3.6,81.9
8376,seven,duelist,EMEA,false,38,797,true,21.8,133.4,68.8,0.256,0.759,0.122,0.406,0.306,,38,0,38,38,38,0.657,0.178,199.9,0.91,25.3,0.88,36.1,36.1,85.5,25.3,16.9,1.2,12.0
18400,bipo,duelist,"EMEA,International",false,55,1187,true,20.7,115.6,67.7,0.191,0.725,0.109,0.437,0.245,,55,0,55,55,55,0.635,0.14,177.3,0.84,25.6,0.84,6.0,18.1,38.6,62.7,4.8,9.6,73.5
4881,Spitfires,duelist,China,true,30,670,true,20.2,128.7,67.3,0.206,0.757,0.13,0.459,0.311,0.31,45,18,27,27,27,0.673,0.153,196.7,0.89,28.5,,22.9,14.5,51.8,26.5,28.9,15.7,7.2
3983,Virtyy,duelist,Americas,false,22,457,true,18.8,114.7,66.3,0.16,0.779,0.127,0.43,0.226,0.241,35,13,22,22,22,0.621,0.168,178.9,0.79,21.9,0.66,4.8,9.6,13.3,8.4,26.5,4.8,90.4
573,cNed,duelist,EMEA,false,20,430,true,17.3,114.4,64.4,0.158,0.749,0.121,0.43,0.235,0.258,32,12,20,20,20,0.626,0.16,175.5,0.84,28.5,0.93,3.6,1.2,8.4,34.9,15.7,6.0,84.3
35302,Eggsterr,duelist,Americas,false,25,535,true,16.1,112.1,68.1,0.247,0.763,0.116,0.477,0.289,,25,0,25,25,25,0.611,0.127,176.8,0.79,28.4,0.56,1.2,27.7,80.7,19.3,9.6,26.5,25.3
51099,ZynX,duelist,Pacific,false,18,405,true,12.4,128.7,65.9,0.215,0.785,0.111,0.464,0.343,,18,0,18,18,18,0.699,0.128,200.3,0.86,31.9,0.49,21.7,7.2,59.0,6.0,7.2,19.3,0.0
46040,Youze,duelist,China,true,15,293,true,12.3,109.7,62.5,0.215,0.782,0.118,0.4,0.222,,13,0,13,13,13,0.594,0.176,174.9,0.76,22.2,,0.0,0.0,61.4,7.2,12.0,0.0,91.6
64029,FT,duelist,China,true,27,591,true,9.6,113.9,65.4,0.225,0.728,0.084,0.448,0.326,,19,0,19,21,21,0.616,0.103,173.1,0.86,29.8,,2.4,2.4,69.9,60.2,0.0,12.0,2.4
41694,endoist,duelist,Pacific,false,5,113,false,,167.2,73.4,0.186,0.717,0.159,0.6,0.352,,5,0,5,5,5,0.832,0.106,250.9,1.11,27.6,0.0,,,,,,,
62947,yilai,duelist,China,true,13,258,false,,137.3,69.8,0.271,0.756,0.128,0.446,0.263,,13,0,13,13,13,0.764,0.159,215.0,0.99,25.2,,,,,,,,
28401,Pkm,duelist,Pacific,false,6,126,false,,129.6,60.3,0.143,0.794,0.151,0.528,0.233,,6,0,6,6,6,0.69,0.135,195.3,0.87,28.8,1.59,,,,,,,
12098,Kadoom,duelist,Pacific,false,12,253,false,,137.5,67.3,0.229,0.794,0.166,0.452,0.275,,12,0,12,12,12,0.708,0.202,208.0,0.85,23.5,0.4,,,,,,,
9063,infiltrator,duelist,Americas,false,8,164,false,,133.5,67.7,0.213,0.835,0.14,0.426,0.298,,8,0,8,8,8,0.701,0.189,208.3,0.86,26.9,0.61,,,,,,,
42901,thyy,duelist,Pacific,false,12,237,false,,114.8,70.0,0.207,0.747,0.08,0.413,0.314,0.299,55,43,12,12,12,0.574,0.114,168.4,0.78,27.8,0.42,,,,,,,
261,Victor,duelist,Americas,false,2,43,false,,121.2,55.6,0.116,0.86,0.233,0.526,0.082,,2,0,2,2,2,0.651,0.209,192.3,0.71,11.0,0.0,,,,,,,
64849,Sharks,duelist,China,true,2,47,false,,,69.9,0.213,0.809,0.213,0.5,,,0,0,0,2,2,0.723,0.213,,,25.7,,,,,,,,
16447,d3mur,duelist,EMEA,false,9,175,false,,114.7,63.6,0.126,0.737,0.114,0.345,0.3,,9,0,9,9,9,0.64,0.217,184.1,0.8,27.9,2.86,,,,,,,
21610,runneR,duelist,EMEA,false,13,289,false,,148.5,70.3,0.28,0.713,0.107,0.508,0.238,0.271,31,18,13,13,13,0.751,0.104,215.9,1.09,27.0,0.69,,,,,,,
55823,Ben1Ley,duelist,China,true,13,262,false,,126.6,66.9,0.179,0.729,0.11,0.419,0.37,,12,0,12,11,12,0.649,0.153,189.5,0.85,25.9,,,,,,,,
57336,Jamelinho213,duelist,EMEA,false,12,243,false,,149.1,69.5,0.202,0.765,0.214,0.531,0.212,,12,0,12,12,12,0.798,0.189,229.6,1.01,28.2,0.82,,,,,,,
48439,Rimuru,duelist,Pacific,false,6,141,false,,111.2,58.9,0.191,0.83,0.191,0.375,0.348,,6,0,6,6,6,0.582,0.319,170.3,0.67,29.2,0.0,,,,,,,
29840,yuran,duelist,Pacific,false,6,126,false,,117.6,57.9,0.206,0.762,0.087,0.344,0.269,,6,0,6,6,6,0.571,0.167,169.6,0.76,31.1,0.79,,,,,,,
24553,Boni,duelist,Americas,false,4,88,false,,165.4,65.8,0.193,0.841,0.17,0.517,0.252,,4,0,4,4,4,0.841,0.159,246.8,1.07,25.8,0.0,,,,,,,
3828,Tacolilla,duelist,Americas,false,7,132,false,,135.8,69.8,0.189,0.72,0.152,0.426,0.24,,7,0,7,7,7,0.803,0.205,216.7,1.04,25.8,0.76,,,,,,,
37925,Kolosha,duelist,EMEA,false,9,201,false,,113.1,62.9,0.239,0.796,0.119,0.387,0.161,,9,0,9,9,9,0.542,0.189,166.0,0.67,25.7,0.0,,,,,,,
41718,Spear,duelist,EMEA,false,13,284,false,,135.1,65.6,0.25,0.771,0.127,0.486,0.289,,13,0,13,13,13,0.673,0.134,202.7,0.92,30.9,0.0,,,,,,,
14950,gobera,duelist,Americas,false,5,111,false,,127.4,66.6,0.252,0.766,0.18,0.588,0.267,0.374,33,28,5,5,5,0.64,0.126,195.9,0.87,24.2,0.9,,,,,,,
15681,Palla,duelist,Americas,false,5,99,false,,155.1,67.8,0.182,0.768,0.152,0.417,0.232,0.218,16,11,5,5,5,0.838,0.212,233.5,1.06,34.2,0.0,,,,,,,
51100,Flicker,duelist,Pacific,false,10,196,false,,104.2,64.9,0.24,0.796,0.102,0.408,0.214,,10,0,10,10,10,0.5,0.148,150.9,0.67,22.5,0.51,,,,,,,
3455,Zanatsu,duelist,Americas,false,5,99,false,,141.5,63.6,0.242,0.788,0.131,0.419,0.145,,5,0,5,5,5,0.687,0.182,208.6,0.92,32.1,0.0,,,,,,,
56305,Folykiki,duelist,China,true,5,118,false,,128.7,64.3,0.212,0.763,0.161,0.543,0.251,,5,0,5,5,5,0.669,0.136,202.0,0.87,20.6,,,,,,,,
48516,doffy,duelist,Pacific,false,5,113,false,,137.1,66.5,0.133,0.717,0.142,0.516,0.185,,5,0,5,5,5,0.752,0.133,214.2,0.97,36.4,0.0,,,,,,,
37105,Loss,duelist,Americas,false,7,132,false,,126.3,64.2,0.212,0.652,0.144,0.559,0.324,,7,0,7,7,7,0.682,0.114,195.7,0.99,30.2,3.03,,,,,,,
1575,qck,duelist,Americas,false,5,111,false,,122.9,69.4,0.225,0.739,0.126,0.467,0.187,,5,0,5,5,5,0.586,0.144,184.8,0.85,29.6,0.0,,,,,,,
29839,TenTen,duelist,Pacific,false,7,133,false,,108.9,63.8,0.18,0.789,0.135,0.409,0.272,0.325,24,17,7,7,7,0.602,0.195,173.2,0.79,17.8,2.26,,,,,,,
24424,Pa1ze,duelist,EMEA,false,13,289,false,,151.1,70.2,0.204,0.754,0.246,0.573,0.315,,13,0,13,13,13,0.782,0.183,232.2,1.02,29.6,0.69,,,,,,,
36169,mta,duelist,Americas,false,8,164,false,,114.8,69.6,0.195,0.726,0.11,0.514,0.274,,8,0,8,8,8,0.659,0.104,187.6,0.94,29.5,1.83,,,,,,,
62291,Xiesta,duelist,Pacific,false,11,234,false,,152.1,71.8,0.286,0.718,0.154,0.514,0.255,,11,0,11,11,11,0.808,0.145,237.3,1.13,24.5,0.85,,,,,,,
2168,trexx,initiator,EMEA,false,27,559,true,93.9,136.8,76.6,0.403,0.619,0.045,0.51,0.234,0.258,78,51,27,27,27,0.678,0.043,198.6,1.1,22.6,2.33,94.9,100.0,100.0,96.6,13.6,72.9,86.4
15500,trent,initiator,"Americas,International",false,92,1941,true,89.8,134.1,75.8,0.352,0.63,0.054,0.547,0.229,0.245,192,100,92,92,92,0.697,0.045,196.5,1.14,30.7,2.11,91.5,94.9,86.4,88.1,37.3,84.7,88.1
2172,brawk,initiator,"Americas,International",false,87,1835,true,86.0,138.3,73.8,0.353,0.641,0.066,0.545,0.243,0.263,145,58,87,87,87,0.687,0.055,203.0,1.11,21.7,2.13,100.0,81.4,88.1,83.1,72.9,83.1,76.3
21668,Verno,initiator,Americas,false,56,1173,true,83.8,132.9,75.9,0.303,0.627,0.061,0.511,0.213,0.245,117,61,56,56,56,0.698,0.059,199.5,1.1,29.5,2.47,86.4,96.6,57.6,91.5,57.6,74.6,94.9
8504,invy,initiator,"International,Pacific",false,101,2155,true,83.2,133.8,75.3,0.334,0.639,0.065,0.504,0.25,0.253,131,32,99,101,101,0.689,0.064,196.8,1.08,30.6,1.52,89.8,93.2,81.4,84.7,69.5,67.8,69.5
42772,Xross,initiator,"International,Pacific",false,71,1517,true,75.8,132.2,74.7,0.288,0.631,0.061,0.568,0.225,,71,0,71,71,71,0.684,0.046,195.5,1.08,27.3,1.71,79.7,88.1,33.9,86.4,50.8,89.8,89.8
24308,WsLeo,initiator,"China,International",true,89,1834,true,75.8,125.0,73.8,0.366,0.67,0.075,0.535,0.253,,79,0,79,84,84,0.646,0.065,186.4,0.98,26.0,1.72,64.4,79.7,94.9,62.7,84.7,81.4,64.4
939,mwzera,initiator,Americas,false,40,814,true,75.0,132.5,73.7,0.302,0.672,0.068,0.625,0.236,,44,4,40,40,40,0.689,0.041,199.7,1.05,22.2,1.47,81.4,78.0,55.9,55.9,74.6,100.0,83.1
21251,blowz,initiator,"Americas,International",false,79,1608,true,73.9,120.5,76.5,0.327,0.591,0.049,0.549,0.269,,79,0,79,79,79,0.622,0.04,177.4,1.04,31.3,1.68,49.2,98.3,76.3,100.0,28.8,86.4,37.3
18615,batujnax,initiator,EMEA,false,16,352,true,69.2,129.1,72.5,0.361,0.662,0.082,0.5,0.258,0.29,45,29,16,16,16,0.645,0.082,193.3,1.0,22.3,1.7,76.3,57.6,91.5,69.5,96.6,61.0,54.2
11524,Nicc,initiator,"China,International",true,73,1530,true,68.3,119.8,74.8,0.397,0.664,0.049,0.459,0.264,0.249,112,48,64,70,70,0.651,0.058,185.9,1.03,29.9,4.12,44.1,89.8,98.3,67.8,30.5,37.3,45.8
20140,vora,initiator,Americas,false,62,1329,true,68.2,121.5,73.6,0.321,0.646,0.062,0.471,0.241,,62,0,62,62,62,0.634,0.069,181.4,0.99,25.9,1.81,52.5,76.3,71.2,74.6,59.3,47.5,81.4
485,stax,initiator,"International,Pacific",false,59,1249,true,67.8,116.9,74.0,0.335,0.626,0.058,0.57,0.281,0.259,146,87,59,59,59,0.637,0.044,177.3,1.02,26.4,2.0,33.9,86.4,83.1,93.2,47.5,91.5,28.8
42733,XuNa,initiator,Pacific,false,40,908,true,67.2,137.8,72.9,0.256,0.672,0.064,0.592,0.207,,40,0,40,40,40,0.695,0.044,198.1,1.06,34.5,1.54,96.6,66.1,6.8,57.6,66.1,94.9,98.3
13784,Killua,initiator,"International,Pacific",false,62,1273,true,67.2,127.7,74.9,0.326,0.684,0.061,0.51,0.283,0.253,105,43,62,62,62,0.686,0.059,194.0,1.02,35.3,1.57,71.2,91.5,74.6,42.4,55.9,71.2,25.4
4774,Knight,initiator,China,true,51,1083,true,64.2,132.5,72.9,0.304,0.642,0.066,0.488,0.266,0.243,103,60,43,45,45,0.701,0.069,202.8,1.1,25.5,,83.1,64.4,59.3,81.4,71.2,54.2,40.7
2334,JessieVash,initiator,Pacific,false,19,402,true,63.6,114.3,73.9,0.323,0.714,0.045,0.529,0.206,0.246,41,22,19,19,19,0.592,0.04,168.2,0.89,27.7,1.49,22.0,84.7,72.9,8.5,15.3,76.3,100.0
44842,Jackk,initiator,Americas,false,25,517,true,63.3,115.7,73.4,0.354,0.642,0.043,0.5,0.259,,25,0,25,25,25,0.596,0.043,169.7,1.0,30.3,2.51,27.1,72.9,89.8,79.7,10.2,61.0,50.8
25494,Shr1mp,initiator,"China,International",true,76,1596,true,62.8,121.6,72.7,0.295,0.642,0.064,0.576,0.25,0.255,86,21,65,68,68,0.669,0.047,188.5,1.07,25.5,2.63,54.2,59.3,49.2,78.0,67.8,93.2,67.8
10971,RieNs,initiator,"EMEA,International",false,69,1436,true,61.5,137.8,73.5,0.292,0.689,0.075,0.56,0.302,0.258,133,64,69,69,69,0.719,0.058,204.7,1.05,36.4,1.81,98.3,74.6,45.8,32.2,83.1,88.1,13.6
11225,Ethan,initiator,"Americas,International",false,87,1835,true,61.4,119.2,73.2,0.379,0.684,0.082,0.473,0.263,0.268,153,66,87,87,87,0.608,0.091,178.2,0.95,23.8,1.04,40.7,71.2,96.6,40.7,94.9,49.2,47.5
773,Lakia,initiator,Pacific,false,24,548,true,59.7,120.5,73.8,0.363,0.723,0.051,0.475,0.278,,24,0,24,24,24,0.597,0.057,178.2,0.91,24.0,1.46,47.5,83.1,93.2,3.4,33.9,50.8,35.6
7871,Xeppaa,initiator,Americas,false,28,603,true,58.8,126.9,73.2,0.328,0.706,0.046,0.431,0.257,0.248,73,45,28,28,28,0.658,0.061,191.5,0.97,26.0,1.16,69.5,69.5,78.0,15.3,23.7,20.3,55.9
4678,BeYN,initiator,Pacific,false,61,1298,true,56.9,119.6,72.2,0.291,0.666,0.062,0.503,0.214,0.232,123,62,61,61,61,0.635,0.062,181.2,0.99,29.6,2.16,42.4,52.5,40.7,66.1,61.0,66.1,93.2
10885,DaviH,initiator,Americas,false,31,651,true,54.7,113.0,72.7,0.321,0.611,0.04,0.531,0.283,,31,0,31,31,31,0.559,0.035,162.5,0.99,24.3,2.76,18.6,61.0,69.5,98.3,6.8,79.7,27.1
11704,STYRON,initiator,Pacific,false,17,357,true,54.3,123.1,72.0,0.291,0.714,0.078,0.622,0.242,,17,0,17,17,17,0.616,0.048,183.0,0.93,23.4,2.24,61.0,45.8,42.4,6.8,89.8,98.3,78.0
4181,Cloud,initiator,EMEA,false,43,938,true,52.3,128.1,72.7,0.29,0.688,0.069,0.492,0.278,0.251,107,64,43,43,43,0.649,0.071,187.9,0.97,26.5,1.71,72.9,62.7,37.3,37.3,79.7,57.6,33.9
9780,Jamppi,initiator,"EMEA,International",false,71,1488,true,51.6,126.8,72.1,0.317,0.7,0.095,0.467,0.266,0.255,127,56,71,71,71,0.694,0.108,196.7,0.98,28.2,1.81,67.8,47.5,66.1,22.0,98.3,44.1,42.4
15735,KROSTALY,initiator,"EMEA,International",false,73,1581,true,50.7,116.5,72.1,0.299,0.672,0.058,0.503,0.253,,73,0,73,73,73,0.613,0.057,174.9,0.94,31.2,2.09,30.5,49.2,52.5,59.3,45.8,64.4,62.7
6582,neT,initiator,EMEA,false,17,349,true,48.2,131.0,70.4,0.287,0.708,0.077,0.529,0.251,0.261,62,45,17,17,17,0.636,0.069,191.0,0.94,32.9,0.86,78.0,33.9,27.1,11.9,86.4,76.3,66.1
5796,Kr1stal,initiator,"International,Pacific",false,75,1613,true,47.7,122.7,72.2,0.246,0.645,0.064,0.495,0.257,0.241,105,30,75,75,75,0.625,0.065,180.2,1.0,25.9,2.48,57.6,50.8,5.1,76.3,64.4,59.3,59.3
36415,Viva,initiator,China,true,32,684,true,47.7,115.0,71.8,0.329,0.684,0.063,0.451,0.257,0.268,69,42,27,27,27,0.545,0.077,166.7,0.88,27.5,,25.4,42.4,79.7,42.4,62.7,32.2,57.6
7849,SiuFatBB,initiator,China,true,56,1183,true,47.1,108.6,72.9,0.314,0.623,0.042,0.484,0.303,0.291,91,43,48,50,50,0.575,0.045,159.7,0.97,31.8,,5.1,67.8,64.4,94.9,8.5,52.5,10.2
4,crashies,initiator,EMEA,false,55,1236,true,46.1,122.4,71.3,0.265,0.629,0.047,0.492,0.258,0.267,148,93,55,55,55,0.653,0.049,183.7,1.02,29.3,2.02,55.9,39.0,13.6,89.8,25.4,55.9,52.5
19677,lucas,initiator,China,true,62,1358,true,45.8,132.8,71.1,0.28,0.682,0.056,0.462,0.265,0.262,63,11,52,53,54,0.697,0.065,197.7,1.03,26.2,,84.7,35.6,23.7,45.8,42.4,40.7,44.1
7857,BerLIN,initiator,China,true,54,1129,true,43.2,122.8,71.8,0.346,0.695,0.068,0.393,0.457,0.425,58,13,45,46,48,0.589,0.104,176.0,0.92,32.5,,59.3,44.1,84.7,27.1,76.3,6.8,0.0
5654,Avez,initiator,EMEA,false,45,959,true,42.5,124.3,71.4,0.313,0.678,0.078,0.431,0.311,0.293,86,41,45,45,45,0.666,0.103,189.3,0.99,29.3,1.36,62.7,40.7,61.0,49.2,88.1,22.0,3.4
796,eeiu,initiator,"Americas,International",false,40,803,true,42.2,128.4,69.8,0.263,0.653,0.072,0.604,0.302,0.285,85,45,40,40,40,0.696,0.047,192.1,1.04,28.4,1.74,74.6,25.4,11.9,71.2,81.4,96.6,11.9
15639,chloric,initiator,EMEA,false,31,681,true,41.9,118.6,70.3,0.288,0.678,0.056,0.422,0.218,,31,0,31,31,31,0.596,0.076,173.2,0.92,24.6,1.03,37.3,32.2,32.2,47.5,39.0,15.3,91.5
13002,Akame,initiator,Pacific,false,55,1182,true,41.4,134.6,71.1,0.257,0.686,0.08,0.466,0.285,0.275,87,34,53,55,55,0.716,0.092,202.4,1.03,28.7,1.51,93.2,37.3,8.5,39.0,93.2,42.4,23.7
14441,aluba,initiator,China,true,24,519,true,39.2,114.0,72.4,0.287,0.705,0.04,0.429,0.241,,18,0,18,21,21,0.595,0.053,171.7,0.93,28.8,,20.3,54.2,30.5,16.9,5.1,18.6,79.7
4866,Kushy,initiator,Pacific,false,42,931,true,38.4,117.9,72.4,0.299,0.699,0.056,0.448,0.307,0.297,126,84,42,42,42,0.597,0.069,174.9,0.91,31.8,1.07,35.6,55.9,54.2,23.7,40.7,30.5,6.8
12365,coconut,initiator,China,true,60,1233,true,36.2,120.7,69.4,0.294,0.669,0.048,0.424,0.288,0.278,93,42,51,50,51,0.612,0.065,176.5,1.01,30.9,,50.8,20.3,47.5,64.4,27.1,16.9,22.0
12670,nekky,initiator,EMEA,false,49,1043,true,35.7,125.6,68.7,0.26,0.707,0.046,0.41,0.211,,49,0,49,49,49,0.651,0.066,186.1,0.92,29.0,2.4,66.1,13.6,10.2,13.6,20.3,11.9,96.6
6193,cauanzin,initiator,Americas,false,22,457,true,33.2,114.8,69.9,0.287,0.702,0.059,0.443,0.243,0.264,58,36,22,22,22,0.591,0.074,171.8,0.91,21.5,1.75,23.7,27.1,28.8,18.6,49.2,28.8,74.6
2164,Paincakes,initiator,Americas,false,25,519,true,32.9,111.6,69.6,0.314,0.688,0.046,0.462,0.28,,25,0,25,25,25,0.549,0.054,163.6,0.87,28.5,1.93,11.9,23.7,62.7,35.6,22.0,39.0,30.5
3017,nobody,initiator,"China,International",true,85,1763,true,32.0,116.6,69.5,0.291,0.677,0.061,0.432,0.279,0.284,136,59,77,78,78,0.626,0.08,182.0,0.92,30.2,1.47,32.2,22.0,39.0,50.8,54.2,23.7,32.2
4581,JonahP,initiator,Americas,false,32,701,true,30.8,120.5,68.8,0.268,0.689,0.05,0.368,0.249,0.247,132,100,32,32,32,0.589,0.086,175.0,0.9,24.5,1.85,45.8,15.3,16.9,33.9,32.2,3.4,71.2
8226,waddle,initiator,EMEA,false,18,367,true,29.9,133.0,68.3,0.292,0.719,0.035,0.342,0.313,,18,0,18,18,18,0.67,0.068,194.0,0.98,32.2,1.63,88.1,10.2,44.1,5.1,1.7,1.7,1.7
4521,UNFAKE,initiator,EMEA,false,27,569,true,28.9,106.1,70.0,0.243,0.673,0.046,0.441,0.234,0.259,41,14,27,27,27,0.548,0.058,155.8,0.86,31.8,1.05,1.7,28.8,3.4,54.2,18.6,25.4,84.7
565,starxo,initiator,"EMEA,International",false,59,1274,true,28.2,119.0,69.1,0.283,0.69,0.069,0.468,0.29,,59,0,59,59,59,0.619,0.078,179.0,0.93,26.2,1.88,39.0,18.6,25.4,30.5,78.0,45.8,20.3
985,Efina,initiator,Pacific,false,19,421,true,25.3,101.7,69.1,0.276,0.696,0.038,0.457,0.248,,19,0,19,19,19,0.511,0.045,149.6,0.77,19.8,2.61,0.0,16.9,20.3,25.4,3.4,35.6,72.9
21778,P0PPIN,initiator,Americas,false,25,535,true,24.7,115.7,68.3,0.297,0.74,0.079,0.452,0.297,,25,0,25,25,25,0.613,0.095,179.2,0.85,25.3,0.93,28.8,11.9,50.8,1.7,91.5,33.9,15.3
51249,FKEY,initiator,China,true,31,675,true,24.7,112.7,65.1,0.32,0.761,0.102,0.509,0.311,,25,0,25,26,26,0.616,0.099,178.0,0.79,30.8,,16.9,0.0,67.8,0.0,100.0,69.5,5.1
619,C0M,initiator,Americas,false,43,955,true,23.4,108.8,67.6,0.289,0.67,0.045,0.377,0.268,0.295,83,40,43,43,43,0.513,0.074,156.1,0.83,24.9,1.57,8.5,8.5,35.6,61.0,16.9,5.1,39.0
3049,sword9,initiator,China,true,41,865,true,23.0,107.4,70.2,0.273,0.649,0.043,0.398,0.291,0.285,55,17,38,37,38,0.562,0.066,159.1,0.88,24.1,,3.4,30.5,18.6,72.9,11.9,8.5,18.6
56260,bud,initiator,China,true,20,435,true,19.3,111.5,67.4,0.278,0.701,0.032,0.264,0.253,,20,0,20,20,20,0.582,0.09,162.1,0.89,29.4,,10.2,6.8,22.0,20.3,0.0,0.0,61.0
5565,Rosé,initiator,"EMEA,International",false,53,1136,true,18.6,112.4,67.0,0.266,0.695,0.061,0.408,0.26,,53,0,53,53,53,0.553,0.088,162.1,0.83,28.4,1.41,15.3,5.1,15.3,28.8,52.5,10.2,49.2
3674,iluri,initiator,EMEA,false,15,322,true,10.9,108.7,65.3,0.224,0.674,0.053,0.415,0.293,,15,0,15,15,15,0.581,0.075,159.7,0.9,39.9,3.11,6.8,1.7,0.0,52.5,35.6,13.6,16.9
25221,Xdll,initiator,Pacific,false,43,910,true,8.7,112.3,66.5,0.227,0.712,0.057,0.441,0.304,0.274,71,28,43,43,43,0.603,0.073,168.8,0.88,29.5,2.53,13.6,3.4,1.7,10.2,44.1,25.4,8.5
6126,sibeastw0w,initiator,China,true,5,112,false,,131.2,71.5,0.366,0.705,0.045,0.556,0.276,,5,0,5,4,5,0.598,0.036,181.0,1.01,32.4,,,,,,,,
41702,canady,initiator,Pacific,false,5,113,false,,117.9,73.5,0.177,0.655,0.142,0.8,0.262,,5,0,5,5,5,0.655,0.035,184.1,0.94,26.5,2.65,,,,,,,
10628,Misaya,initiator,Pacific,false,6,126,false,,102.9,61.0,0.254,0.778,0.071,0.692,0.229,,6,0,6,6,6,0.5,0.032,154.8,0.71,20.3,0.79,,,,,,,
8872,mazin,initiator,Americas,false,5,99,false,,87.6,62.9,0.192,0.707,0.051,0.385,0.3,,5,0,5,5,5,0.485,0.081,139.6,0.71,22.3,2.02,,,,,,,
3021,Biank,initiator,China,true,9,201,false,,108.6,70.8,0.164,0.711,0.085,0.5,0.365,0.275,38,29,9,9,9,0.562,0.085,164.8,0.87,23.4,,,,,,,,
30470,Kyu,initiator,Americas,false,12,278,false,,112.2,68.1,0.252,0.716,0.05,0.389,0.308,,12,0,12,12,12,0.568,0.079,167.8,0.85,22.7,1.44,,,,,,,
3980,Governor,initiator,Americas,false,8,164,false,,100.7,62.8,0.28,0.793,0.049,0.286,0.165,0.268,31,23,8,8,8,0.512,0.122,149.8,0.71,27.3,1.22,,,,,,,
9192,Cloudy,initiator,Pacific,false,11,234,false,,97.4,66.3,0.235,0.692,0.047,0.393,0.259,,11,0,11,11,11,0.487,0.073,141.8,0.76,30.5,1.71,,,,,,,
4325,musashi,initiator,EMEA,false,12,243,false,,115.6,68.6,0.292,0.704,0.115,0.636,0.248,,12,0,12,12,12,0.584,0.066,173.6,0.91,22.2,1.65,,,,,,,
4712,heybay,initiator,China,true,7,148,false,,99.2,65.5,0.284,0.723,0.02,0.125,0.372,0.341,18,13,5,5,5,0.5,0.143,155.7,0.74,24.2,,,,,,,,
651,frz,initiator,Americas,false,5,111,false,,104.6,68.7,0.252,0.658,0.045,0.455,0.096,,5,0,5,5,5,0.541,0.054,158.3,0.85,29.7,1.8,,,,,,,
40511,NIZ,initiator,Pacific,false,12,253,false,,129.0,74.6,0.296,0.66,0.043,0.524,0.264,,12,0,12,12,12,0.719,0.04,196.8,1.08,31.1,1.19,,,,,,,
1428,sheydos,initiator,EMEA,false,11,230,false,,101.8,72.7,0.27,0.661,0.043,0.476,0.23,0.235,28,17,11,11,11,0.548,0.048,157.1,0.86,31.7,1.74,,,,,,,
42513,Dingwei,initiator,China,true,5,118,false,,102.5,65.5,0.212,0.72,0.034,0.444,0.364,,5,0,5,5,5,0.559,0.042,155.5,0.8,31.0,,,,,,,,
3741,vo0kashu,sentinel,"China,International",true,73,1530,true,80.3,152.7,73.9,0.227,0.649,0.076,0.599,0.244,0.255,108,44,64,70,70,0.816,0.051,227.5,1.24,30.0,0.0,100.0,94.4,66.7,72.2,27.8,94.4,61.1
2173,MAGNUM,sentinel,EMEA,false,15,322,true,77.8,133.8,69.9,0.261,0.646,0.075,0.436,0.192,0.203,60,45,15,15,15,0.72,0.096,205.2,1.07,30.3,3.11,77.8,50.0,94.4,83.3,16.7,0.0,94.4
48925,Raxcal,sentinel,Pacific,false,19,421,true,73.3,126.0,74.3,0.28,0.646,0.071,0.492,0.254,,19,0,19,19,19,0.672,0.074,191.5,1.03,26.4,2.85,38.9,100.0,100.0,77.8,5.6,22.2,50.0
458,Chronicle,sentinel,"EMEA,International",false,71,1488,true,73.1,142.9,72.9,0.23,0.633,0.103,0.519,0.278,0.275,164,93,71,71,71,0.748,0.095,211.7,1.09,23.3,1.48,88.9,88.9,72.2,100.0,72.2,66.7,11.1
24007,Shyy,sentinel,Americas,false,26,563,true,71.1,132.6,72.8,0.227,0.641,0.069,0.52,0.248,0.274,71,45,26,26,26,0.705,0.064,200.2,1.07,23.2,1.95,61.1,83.3,61.1,88.9,0.0,72.2,55.6
4147,Cryocells,sentinel,Americas,false,62,1329,true,69.4,133.3,72.1,0.177,0.637,0.108,0.554,0.227,0.243,107,45,62,62,62,0.752,0.087,204.3,1.07,26.8,1.96,66.7,72.2,16.7,94.4,77.8,88.9,83.3
11921,silentzz,sentinel,Americas,false,16,335,true,56.7,113.7,70.5,0.248,0.693,0.087,0.617,0.171,0.237,44,28,16,16,16,0.6,0.054,170.0,0.88,28.4,1.19,11.1,55.6,77.8,44.4,38.9,100.0,100.0
2170,BABYBAY,sentinel,"Americas,International",false,92,1941,true,56.1,131.7,71.9,0.219,0.674,0.123,0.547,0.263,0.265,109,17,92,92,92,0.712,0.101,200.7,1.03,21.5,1.03,55.6,66.7,55.6,61.1,94.4,83.3,38.9
29873,benjyfishy,sentinel,"EMEA,International",false,69,1436,true,55.3,125.5,72.5,0.249,0.673,0.081,0.509,0.277,0.293,133,64,69,69,69,0.689,0.078,190.3,1.0,35.2,2.02,33.3,77.8,83.3,66.7,33.3,50.0,16.7
28716,lukxo,sentinel,Americas,false,53,1108,true,52.8,150.2,69.0,0.166,0.685,0.155,0.539,0.23,0.237,75,22,53,53,53,0.84,0.133,231.1,1.13,27.8,1.71,94.4,22.2,11.1,55.6,100.0,77.8,77.8
51238,yong,sentinel,Pacific,false,33,721,true,52.8,133.7,69.5,0.208,0.696,0.108,0.513,0.221,,33,0,33,33,33,0.7,0.103,199.8,0.97,31.6,1.25,72.2,33.3,44.4,27.8,83.3,55.6,88.9
10053,FireBallOps,sentinel,Americas,false,20,417,true,48.6,128.4,71.0,0.187,0.695,0.098,0.494,0.231,,20,0,20,20,20,0.693,0.101,192.7,0.96,40.6,1.2,44.4,61.1,22.2,33.3,61.1,27.8,72.2
34400,bao,sentinel,Americas,false,45,967,true,43.3,121.3,69.6,0.257,0.694,0.074,0.453,0.269,,45,0,45,45,45,0.614,0.09,179.0,0.93,30.4,1.65,22.2,44.4,88.9,38.9,11.1,5.6,33.3
6022,yosemite,sentinel,China,true,50,1059,true,30.6,138.1,68.5,0.212,0.72,0.097,0.508,0.302,0.283,59,18,41,44,44,0.727,0.093,206.9,1.05,29.7,,83.3,16.7,50.0,5.6,55.6,44.4,5.6
1818,tex,sentinel,Americas,false,56,1173,true,28.6,113.3,67.3,0.206,0.69,0.087,0.459,0.262,0.259,96,40,56,56,56,0.597,0.102,168.0,0.86,33.7,1.71,5.6,11.1,38.9,50.0,44.4,11.1,44.4
26171,Demon1,sentinel,Americas,false,40,828,true,25.8,131.7,69.4,0.157,0.698,0.12,0.495,0.274,0.26,62,22,40,40,40,0.742,0.122,199.8,1.01,39.9,2.17,50.0,27.8,0.0,22.2,88.9,33.3,22.2
7049,natz,sentinel,Pacific,false,15,313,true,21.7,119.7,64.8,0.204,0.751,0.099,0.517,0.233,,15,0,15,15,15,0.607,0.093,174.4,0.82,29.1,2.24,16.7,0.0,33.3,0.0,66.7,61.1,66.7
12795,Crewen,sentinel,"EMEA,International",false,53,1136,true,20.0,123.3,66.2,0.199,0.709,0.076,0.462,0.273,,53,0,53,53,53,0.661,0.088,184.0,0.93,36.2,0.79,27.8,5.6,27.8,16.7,22.2,16.7,27.8
27244,seph1roth,sentinel,Pacific,false,24,494,true,12.8,110.8,69.6,0.166,0.713,0.087,0.506,0.303,,24,0,24,24,24,0.623,0.085,173.4,0.85,37.0,1.21,0.0,38.9,5.6,11.1,50.0,38.9,0.0
7416,skye,sentinel,Pacific,false,2,44,false,,120.8,61.4,0.136,0.795,0.114,0.625,0.2,,2,0,2,2,2,0.75,0.068,192.3,0.9,43.7,0.0,,,,,,,
1369,doma,sentinel,EMEA,false,13,289,false,,111.5,71.9,0.242,0.633,0.062,0.5,0.195,,16,3,13,13,13,0.602,0.062,171.8,0.98,21.4,1.73,,,,,,,
13093,jzz,sentinel,Americas,false,5,99,false,,97.0,67.9,0.212,0.697,0.04,0.4,0.332,,5,0,5,5,5,0.465,0.061,141.0,0.77,23.5,1.01,,,,,,,
1524,H1ber,sentinel,EMEA,false,4,87,false,,111.7,58.9,0.207,0.736,0.023,0.133,0.328,,4,0,4,4,4,0.563,0.149,165.2,0.86,31.3,5.75,,,,,,,
12872,david,sentinel,Americas,false,7,132,false,,135.9,73.5,0.152,0.667,0.061,0.533,0.1,,7,0,7,7,7,0.705,0.053,193.5,1.04,36.6,2.27,,,,,,,
33576,margaret,sentinel,Pacific,false,6,126,false,,140.0,69.1,0.143,0.698,0.111,0.56,0.149,0.257,36,30,6,6,6,0.778,0.087,213.6,1.09,31.0,3.97,,,,,,,
8582,Laz,sentinel,Pacific,false,12,253,false,,122.3,68.0,0.19,0.664,0.055,0.438,0.154,,12,0,12,12,12,0.632,0.071,177.9,0.95,29.9,3.56,,,,,,,
8240,Layla,sentinel,China,true,5,118,false,,137.2,63.6,0.203,0.712,0.127,0.484,0.273,,5,0,5,5,5,0.788,0.136,215.1,1.05,28.6,,,,,,,,
3127,MONSTEERR,sentinel,EMEA,false,12,243,false,,152.8,68.8,0.259,0.704,0.062,0.395,0.278,0.256,26,14,12,12,12,0.782,0.095,216.6,1.1,30.5,2.47,,,,,,,
58008,Tonk,sentinel,China,true,5,112,false,,142.1,68.0,0.205,0.75,0.116,0.591,0.229,,5,0,5,4,5,0.75,0.08,210.6,1.04,30.7,,,,,,,,
17770,alvinboy,sentinel,Americas,false,4,88,false,,127.4,63.8,0.25,0.761,0.068,0.375,0.185,,4,0,4,4,4,0.591,0.114,180.6,0.92,27.5,3.41,,,,,,,
23062,Surf,sentinel,Pacific,false,5,113,false,,113.2,67.2,0.15,0.708,0.08,0.474,0.19,,5,0,5,5,5,0.646,0.088,177.3,0.84,32.3,0.0,,,,,,,
