player_id,player_name,scenario,partner,tac,baseline_cost,incremental_cost,npv,u_star,k_star_pct,payback_years,max_upfront,decision,payback_within_contract,cannot_break_even
6672,Meiy,downside,True,1695000,100000,1595000,-1330840,948194,395.1,,0,Stay,False,True
6672,Meiy,downside,False,1695000,100000,1595000,-1359640,948194,2370.5,,0,Stay,False,True
6672,Meiy,base,True,740000,100000,640000,-218715,354535,32.2,6.0,81285,Stay,False,False
6672,Meiy,base,False,740000,100000,640000,-413800,354535,70.9,,0,Stay,False,False
6672,Meiy,upside,True,260000,100000,160000,1889463,83810,2.5,0.0,1939463,Sign,True,False
6672,Meiy,upside,False,260000,100000,160000,856818,83810,5.1,0.1,906818,Sign,True,False
45492,swagzor,downside,True,1695000,100000,1595000,-1330840,948194,395.1,,0,Stay,False,True
45492,swagzor,downside,False,1695000,100000,1595000,-1359640,948194,2370.5,,0,Stay,False,True
45492,swagzor,base,True,740000,100000,640000,-218715,354535,32.2,6.0,81285,Stay,False,False
45492,swagzor,base,False,740000,100000,640000,-413800,354535,70.9,,0,Stay,False,False
45492,swagzor,upside,True,260000,100000,160000,1889463,83810,2.5,0.0,1939463,Sign,True,False
45492,swagzor,upside,False,260000,100000,160000,856818,83810,5.1,0.1,906818,Sign,True,False
5022,Derke,downside,True,1320000,100000,1220000,-955840,687778,286.6,,0,Stay,False,True
5022,Derke,downside,False,1320000,100000,1220000,-984640,687778,1719.4,,0,Stay,False,True
5022,Derke,base,True,590000,100000,490000,-68715,262267,23.8,3.0,81285,Stay,False,False
5022,Derke,base,False,590000,100000,490000,-263800,262267,52.5,,0,Stay,False,False
5022,Derke,upside,True,210000,100000,110000,1939463,55000,1.6,0.0,1939463,Sign,True,False
5022,Derke,upside,False,210000,100000,110000,906818,55000,3.3,0.0,906818,Sign,True,False
3520,ZmjjKK,downside,True,1320000,100000,1220000,-955840,687778,286.6,,0,Stay,False,True
3520,ZmjjKK,downside,False,1320000,100000,1220000,-984640,687778,1719.4,,0,Stay,False,True
3520,ZmjjKK,base,True,590000,100000,490000,-68715,262267,23.8,3.0,81285,Stay,False,False
3520,ZmjjKK,base,False,590000,100000,490000,-263800,262267,52.5,,0,Stay,False,False
3520,ZmjjKK,upside,True,210000,100000,110000,1939463,55000,1.6,0.0,1939463,Sign,True,False
3520,ZmjjKK,upside,False,210000,100000,110000,906818,55000,3.3,0.0,906818,Sign,True,False
25255,primmie,downside,True,1320000,100000,1220000,-955840,687778,286.6,,0,Stay,False,True
25255,primmie,downside,False,1320000,100000,1220000,-984640,687778,1719.4,,0,Stay,False,True
25255,primmie,base,True,590000,100000,490000,-68715,262267,23.8,3.0,81285,Stay,False,False
25255,primmie,base,False,590000,100000,490000,-263800,262267,52.5,,0,Stay,False,False
25255,primmie,upside,True,210000,100000,110000,1939463,55000,1.6,0.0,1939463,Sign,True,False
25255,primmie,upside,False,210000,100000,110000,906818,55000,3.3,0.0,906818,Sign,True,False
804,BuZz,downside,True,1320000,100000,1220000,-955840,687778,286.6,,0,Stay,False,True
804,BuZz,downside,False,1320000,100000,1220000,-984640,687778,1719.4,,0,Stay,False,True
804,BuZz,base,True,590000,100000,490000,-68715,262267,23.8,3.0,81285,Stay,False,False
804,BuZz,base,False,590000,100000,490000,-263800,262267,52.5,,0,Stay,False,False
804,BuZz,upside,True,210000,100000,110000,1939463,55000,1.6,0.0,1939463,Sign,True,False
804,BuZz,upside,False,210000,100000,110000,906818,55000,3.3,0.0,906818,Sign,True,False
8873,dgzin,downside,True,1670000,100000,1570000,-1305840,930833,387.8,,0,Stay,False,True
8873,dgzin,downside,False,1670000,100000,1570000,-1334640,930833,2327.1,,0,Stay,False,True
8873,dgzin,base,True,740000,100000,640000,-218715,354535,32.2,6.0,81285,Stay,False,False
8873,dgzin,base,False,740000,100000,640000,-413800,354535,70.9,,0,Stay,False,False
8873,dgzin,upside,True,310000,100000,210000,1839463,112619,3.4,0.1,1939463,Sign,True,False
8873,dgzin,upside,False,310000,100000,210000,806818,112619,6.8,0.2,906818,Sign,True,False
18796,OXY,downside,True,1670000,100000,1570000,-1305840,930833,387.8,,0,Stay,False,True
18796,OXY,downside,False,1670000,100000,1570000,-1334640,930833,2327.1,,0,Stay,False,True
18796,OXY,base,True,740000,100000,640000,-218715,354535,32.2,6.0,81285,Stay,False,False
18796,OXY,base,False,740000,100000,640000,-413800,354535,70.9,,0,Stay,False,False
18796,OXY,upside,True,310000,100000,210000,1839463,112619,3.4,0.1,1939463,Sign,True,False
18796,OXY,upside,False,310000,100000,210000,806818,112619,6.8,0.2,906818,Sign,True,False
21328,Wo0t,downside,True,1320000,100000,1220000,-955840,687778,286.6,,0,Stay,False,True
21328,Wo0t,downside,False,1320000,100000,1220000,-984640,687778,1719.4,,0,Stay,False,True
21328,Wo0t,base,True,590000,100000,490000,-68715,262267,23.8,3.0,81285,Stay,False,False
21328,Wo0t,base,False,590000,100000,490000,-263800,262267,52.5,,0,Stay,False,False
21328,Wo0t,upside,True,210000,100000,110000,1939463,55000,1.6,0.0,1939463,Sign,True,False
21328,Wo0t,upside,False,210000,100000,110000,906818,55000,3.3,0.0,906818,Sign,True,False
29893,Timotino,downside,True,1295000,100000,1195000,-930840,670417,279.3,,0,Stay,False,True
29893,Timotino,downside,False,1295000,100000,1195000,-959640,670417,1676.0,,0,Stay,False,True
29893,Timotino,base,True,590000,100000,490000,-68715,262267,23.8,3.0,81285,Stay,False,False
29893,Timotino,base,False,590000,100000,490000,-263800,262267,52.5,,0,Stay,False,False
29893,Timotino,upside,True,260000,100000,160000,1889463,83810,2.5,0.0,1939463,Sign,True,False
29893,Timotino,upside,False,260000,100000,160000,856818,83810,5.1,0.1,906818,Sign,True,False
8480,aspas,downside,True,1295000,100000,1195000,-930840,670417,279.3,,0,Stay,False,True
8480,aspas,downside,False,1295000,100000,1195000,-959640,670417,1676.0,,0,Stay,False,True
8480,aspas,base,True,590000,100000,490000,-68715,262267,23.8,3.0,81285,Stay,False,False
8480,aspas,base,False,590000,100000,490000,-263800,262267,52.5,,0,Stay,False,False
8480,aspas,upside,True,260000,100000,160000,1889463,83810,2.5,0.0,1939463,Sign,True,False
8480,aspas,upside,False,260000,100000,160000,856818,83810,5.1,0.1,906818,Sign,True,False
4885,whzy,downside,True,1320000,100000,1220000,-955840,687778,286.6,,0,Stay,False,True
4885,whzy,downside,False,1320000,100000,1220000,-984640,687778,1719.4,,0,Stay,False,True
4885,whzy,base,True,590000,100000,490000,-68715,262267,23.8,3.0,81285,Stay,False,False
4885,whzy,base,False,590000,100000,490000,-263800,262267,52.5,,0,Stay,False,False
4885,whzy,upside,True,210000,100000,110000,1939463,55000,1.6,0.0,1939463,Sign,True,False
4885,whzy,upside,False,210000,100000,110000,906818,55000,3.3,0.0,906818,Sign,True,False
4428,UdoTan,downside,True,1695000,100000,1595000,-1330840,948194,395.1,,0,Stay,False,True
4428,UdoTan,downside,False,1695000,100000,1595000,-1359640,948194,2370.5,,0,Stay,False,True
4428,UdoTan,base,True,740000,100000,640000,-218715,354535,32.2,6.0,81285,Stay,False,False
4428,UdoTan,base,False,740000,100000,640000,-413800,354535,70.9,,0,Stay,False,False
4428,UdoTan,upside,True,260000,100000,160000,1889463,83810,2.5,0.0,1939463,Sign,True,False
4428,UdoTan,upside,False,260000,100000,160000,856818,83810,5.1,0.1,906818,Sign,True,False
21216,f4ngeer,downside,True,1695000,100000,1595000,-1330840,948194,395.1,,0,Stay,False,True
21216,f4ngeer,downside,False,1695000,100000,1595000,-1359640,948194,2370.5,,0,Stay,False,True
21216,f4ngeer,base,True,740000,100000,640000,-218715,354535,32.2,6.0,81285,Stay,False,False
21216,f4ngeer,base,False,740000,100000,640000,-413800,354535,70.9,,0,Stay,False,False
21216,f4ngeer,upside,True,260000,100000,160000,1889463,83810,2.5,0.0,1939463,Sign,True,False
21216,f4ngeer,upside,False,260000,100000,160000,856818,83810,5.1,0.1,906818,Sign,True,False
18350,MiniBoo,downside,True,1695000,100000,1595000,-1330840,948194,395.1,,0,Stay,False,True
18350,MiniBoo,downside,False,1695000,100000,1595000,-1359640,948194,2370.5,,0,Stay,False,True
18350,MiniBoo,base,True,740000,100000,640000,-218715,354535,32.2,6.0,81285,Stay,False,False
18350,MiniBoo,base,False,740000,100000,640000,-413800,354535,70.9,,0,Stay,False,False
18350,MiniBoo,upside,True,260000,100000,160000,1889463,83810,2.5,0.0,1939463,Sign,True,False
18350,MiniBoo,upside,False,260000,100000,160000,856818,83810,5.1,0.1,906818,Sign,True,False
9196,t3xture,downside,True,1695000,100000,1595000,-1330840,948194,395.1,,0,Stay,False,True
9196,t3xture,downside,False,1695000,100000,1595000,-1359640,948194,2370.5,,0,Stay,False,True
9196,t3xture,base,True,740000,100000,640000,-218715,354535,32.2,6.0,81285,Stay,False,False
9196,t3xture,base,False,740000,100000,640000,-413800,354535,70.9,,0,Stay,False,False
9196,t3xture,upside,True,260000,100000,160000,1889463,83810,2.5,0.0,1939463,Sign,True,False
9196,t3xture,upside,False,260000,100000,160000,856818,83810,5.1,0.1,906818,Sign,True,False
36685,splash,downside,True,2070000,100000,1970000,-1705840,1208611,503.6,,0,Stay,False,True
36685,splash,downside,False,2070000,100000,1970000,-1734640,1208611,3021.5,,0,Stay,False,True
36685,splash,base,True,890000,100000,790000,-368715,446802,40.6,9.0,81285,Stay,False,False
36685,splash,base,False,890000,100000,790000,-563800,446802,89.4,,0,Stay,False,False
36685,splash,upside,True,310000,100000,210000,1839463,112619,3.4,0.1,1939463,Sign,True,False
36685,splash,upside,False,310000,100000,210000,806818,112619,6.8,0.2,906818,Sign,True,False
24895,Jemkin,downside,True,1695000,100000,1595000,-1330840,948194,395.1,,0,Stay,False,True
24895,Jemkin,downside,False,1695000,100000,1595000,-1359640,948194,2370.5,,0,Stay,False,True
24895,Jemkin,base,True,740000,100000,640000,-218715,354535,32.2,6.0,81285,Stay,False,False
24895,Jemkin,base,False,740000,100000,640000,-413800,354535,70.9,,0,Stay,False,False
24895,Jemkin,upside,True,260000,100000,160000,1889463,83810,2.5,0.0,1939463,Sign,True,False
24895,Jemkin,upside,False,260000,100000,160000,856818,83810,5.1,0.1,906818,Sign,True,False
21661,spike,downside,True,1670000,100000,1570000,-1305840,930833,387.8,,0,Stay,False,True
21661,spike,downside,False,1670000,100000,1570000,-1334640,930833,2327.1,,0,Stay,False,True
21661,spike,base,True,740000,100000,640000,-218715,354535,32.2,6.0,81285,Stay,False,False
21661,spike,base,False,740000,100000,640000,-413800,354535,70.9,,0,Stay,False,False
21661,spike,upside,True,310000,100000,210000,1839463,112619,3.4,0.1,1939463,Sign,True,False
21661,spike,upside,False,310000,100000,210000,806818,112619,6.8,0.2,906818,Sign,True,False
37494,Kai,downside,True,1695000,100000,1595000,-1330840,948194,395.1,,0,Stay,False,True
37494,Kai,downside,False,1695000,100000,1595000,-1359640,948194,2370.5,,0,Stay,False,True
37494,Kai,base,True,740000,100000,640000,-218715,354535,32.2,6.0,81285,Stay,False,False
37494,Kai,base,False,740000,100000,640000,-413800,354535,70.9,,0,Stay,False,False
37494,Kai,upside,True,260000,100000,160000,1889463,83810,2.5,0.0,1939463,Sign,True,False
37494,Kai,upside,False,260000,100000,160000,856818,83810,5.1,0.1,906818,Sign,True,False
5132,mada,downside,True,1295000,100000,1195000,-930840,670417,279.3,,0,Stay,False,True
5132,mada,downside,False,1295000,100000,1195000,-959640,670417,1676.0,,0,Stay,False,True
5132,mada,base,True,590000,100000,490000,-68715,262267,23.8,3.0,81285,Stay,False,False
5132,mada,base,False,590000,100000,490000,-263800,262267,52.5,,0,Stay,False,False
5132,mada,upside,True,260000,100000,160000,1889463,83810,2.5,0.0,1939463,Sign,True,False
5132,mada,upside,False,260000,100000,160000,856818,83810,5.1,0.1,906818,Sign,True,False
20144,LewN,downside,True,1695000,100000,1595000,-1330840,948194,395.1,,0,Stay,False,True
20144,LewN,downside,False,1695000,100000,1595000,-1359640,948194,2370.5,,0,Stay,False,True
20144,LewN,base,True,740000,100000,640000,-218715,354535,32.2,6.0,81285,Stay,False,False
20144,LewN,base,False,740000,100000,640000,-413800,354535,70.9,,0,Stay,False,False
20144,LewN,upside,True,260000,100000,160000,1889463,83810,2.5,0.0,1939463,Sign,True,False
20144,LewN,upside,False,260000,100000,160000,856818,83810,5.1,0.1,906818,Sign,True,False
54487,Xlele,downside,True,2070000,100000,1970000,-1705840,1208611,503.6,,0,Stay,False,True
54487,Xlele,downside,False,2070000,100000,1970000,-1734640,1208611,3021.5,,0,Stay,False,True
54487,Xlele,base,True,890000,100000,790000,-368715,446802,40.6,9.0,81285,Stay,False,False
54487,Xlele,base,False,890000,100000,790000,-563800,446802,89.4,,0,Stay,False,False
54487,Xlele,upside,True,310000,100000,210000,1839463,112619,3.4,0.1,1939463,Sign,True,False
54487,Xlele,upside,False,310000,100000,210000,806818,112619,6.8,0.2,906818,Sign,True,False
17086,something,downside,True,1320000,100000,1220000,-955840,687778,286.6,,0,Stay,False,True
17086,something,downside,False,1320000,100000,1220000,-984640,687778,1719.4,,0,Stay,False,True
17086,something,base,True,590000,100000,490000,-68715,262267,23.8,3.0,81285,Stay,False,False
17086,something,base,False,590000,100000,490000,-263800,262267,52.5,,0,Stay,False,False
17086,something,upside,True,210000,100000,110000,1939463,55000,1.6,0.0,1939463,Sign,True,False
17086,something,upside,False,210000,100000,110000,906818,55000,3.3,0.0,906818,Sign,True,False
10307,marteen,downside,True,1320000,100000,1220000,-955840,687778,286.6,,0,Stay,False,True
10307,marteen,downside,False,1320000,100000,1220000,-984640,687778,1719.4,,0,Stay,False,True
10307,marteen,base,True,590000,100000,490000,-68715,262267,23.8,3.0,81285,Stay,False,False
10307,marteen,base,False,590000,100000,490000,-263800,262267,52.5,,0,Stay,False,False
10307,marteen,upside,True,210000,100000,110000,1939463,55000,1.6,0.0,1939463,Sign,True,False
10307,marteen,upside,False,210000,100000,110000,906818,55000,3.3,0.0,906818,Sign,True,False
4004,zekken,downside,True,1295000,100000,1195000,-930840,670417,279.3,,0,Stay,False,True
4004,zekken,downside,False,1295000,100000,1195000,-959640,670417,1676.0,,0,Stay,False,True
4004,zekken,base,True,590000,100000,490000,-68715,262267,23.8,3.0,81285,Stay,False,False
4004,zekken,base,False,590000,100000,490000,-263800,262267,52.5,,0,Stay,False,False
4004,zekken,upside,True,260000,100000,160000,1889463,83810,2.5,0.0,1939463,Sign,True,False
4004,zekken,upside,False,260000,100000,160000,856818,83810,5.1,0.1,906818,Sign,True,False
40591,ComeBack,downside,True,2070000,100000,1970000,-1705840,1208611,503.6,,0,Stay,False,True
40591,ComeBack,downside,False,2070000,100000,1970000,-1734640,1208611,3021.5,,0,Stay,False,True
40591,ComeBack,base,True,890000,100000,790000,-368715,446802,40.6,9.0,81285,Stay,False,False
40591,ComeBack,base,False,890000,100000,790000,-563800,446802,89.4,,0,Stay,False,False
40591,ComeBack,upside,True,310000,100000,210000,1839463,112619,3.4,0.1,1939463,Sign,True,False
40591,ComeBack,upside,False,310000,100000,210000,806818,112619,6.8,0.2,906818,Sign,True,False
7378,Jinggg,downside,True,1320000,100000,1220000,-955840,687778,286.6,,0,Stay,False,True
7378,Jinggg,downside,False,1320000,100000,1220000,-984640,687778,1719.4,,0,Stay,False,True
7378,Jinggg,base,True,590000,100000,490000,-68715,262267,23.8,3.0,81285,Stay,False,False
7378,Jinggg,base,False,590000,100000,490000,-263800,262267,52.5,,0,Stay,False,False
7378,Jinggg,upside,True,210000,100000,110000,1939463,55000,1.6,0.0,1939463,Sign,True,False
7378,Jinggg,upside,False,210000,100000,110000,906818,55000,3.3,0.0,906818,Sign,True,False
28400,HYUNMIN,downside,True,2070000,100000,1970000,-1705840,1208611,503.6,,0,Stay,False,True
28400,HYUNMIN,downside,False,2070000,100000,1970000,-1734640,1208611,3021.5,,0,Stay,False,True
28400,HYUNMIN,base,True,890000,100000,790000,-368715,446802,40.6,9.0,81285,Stay,False,False
28400,HYUNMIN,base,False,890000,100000,790000,-563800,446802,89.4,,0,Stay,False,False
28400,HYUNMIN,upside,True,310000,100000,210000,1839463,112619,3.4,0.1,1939463,Sign,True,False
28400,HYUNMIN,upside,False,310000,100000,210000,806818,112619,6.8,0.2,906818,Sign,True,False
39357,s0pp,downside,True,1320000,100000,1220000,-955840,687778,286.6,,0,Stay,False,True
39357,s0pp,downside,False,1320000,100000,1220000,-984640,687778,1719.4,,0,Stay,False,True
39357,s0pp,base,True,590000,100000,490000,-68715,262267,23.8,3.0,81285,Stay,False,False
39357,s0pp,base,False,590000,100000,490000,-263800,262267,52.5,,0,Stay,False,False
39357,s0pp,upside,True,210000,100000,110000,1939463,55000,1.6,0.0,1939463,Sign,True,False
39357,s0pp,upside,False,210000,100000,110000,906818,55000,3.3,0.0,906818,Sign,True,False
49476,zhe,downside,True,2070000,100000,1970000,-1705840,1208611,503.6,,0,Stay,False,True
49476,zhe,downside,False,2070000,100000,1970000,-1734640,1208611,3021.5,,0,Stay,False,True
49476,zhe,base,True,890000,100000,790000,-368715,446802,40.6,9.0,81285,Stay,False,False
49476,zhe,base,False,890000,100000,790000,-563800,446802,89.4,,0,Stay,False,False
49476,zhe,upside,True,310000,100000,210000,1839463,112619,3.4,0.1,1939463,Sign,True,False
49476,zhe,upside,False,310000,100000,210000,806818,112619,6.8,0.2,906818,Sign,True,False
31305,Lar0k,downside,True,1695000,100000,1595000,-1330840,948194,395.1,,0,Stay,False,True
31305,Lar0k,downside,False,1695000,100000,1595000,-1359640,948194,2370.5,,0,Stay,False,True
31305,Lar0k,base,True,740000,100000,640000,-218715,354535,32.2,6.0,81285,Stay,False,False
31305,Lar0k,base,False,740000,100000,640000,-413800,354535,70.9,,0,Stay,False,False
31305,Lar0k,upside,True,260000,100000,160000,1889463,83810,2.5,0.0,1939463,Sign,True,False
31305,Lar0k,upside,False,260000,100000,160000,856818,83810,5.1,0.1,906818,Sign,True,False
14681,kamo,downside,True,1695000,100000,1595000,-1330840,948194,395.1,,0,Stay,False,True
14681,kamo,downside,False,1695000,100000,1595000,-1359640,948194,2370.5,,0,Stay,False,True
14681,kamo,base,True,740000,100000,640000,-218715,354535,32.2,6.0,81285,Stay,False,False
14681,kamo,base,False,740000,100000,640000,-413800,354535,70.9,,0,Stay,False,False
14681,kamo,upside,True,260000,100000,160000,1889463,83810,2.5,0.0,1939463,Sign,True,False
14681,kamo,upside,False,260000,100000,160000,856818,83810,5.1,0.1,906818,Sign,True,False
58496,Kachoww,downside,True,2070000,100000,1970000,-1705840,1208611,503.6,,0,Stay,False,True
58496,Kachoww,downside,False,2070000,100000,1970000,-1734640,1208611,3021.5,,0,Stay,False,True
58496,Kachoww,base,True,890000,100000,790000,-368715,446802,40.6,9.0,81285,Stay,False,False
58496,Kachoww,base,False,890000,100000,790000,-563800,446802,89.4,,0,Stay,False,False
58496,Kachoww,upside,True,310000,100000,210000,1839463,112619,3.4,0.1,1939463,Sign,True,False
58496,Kachoww,upside,False,310000,100000,210000,806818,112619,6.8,0.2,906818,Sign,True,False
2462,keznit,downside,True,1295000,100000,1195000,-930840,670417,279.3,,0,Stay,False,True
2462,keznit,downside,False,1295000,100000,1195000,-959640,670417,1676.0,,0,Stay,False,True
2462,keznit,base,True,590000,100000,490000,-68715,262267,23.8,3.0,81285,Stay,False,False
2462,keznit,base,False,590000,100000,490000,-263800,262267,52.5,,0,Stay,False,False
2462,keznit,upside,True,260000,100000,160000,1889463,83810,2.5,0.0,1939463,Sign,True,False
2462,keznit,upside,False,260000,100000,160000,856818,83810,5.1,0.1,906818,Sign,True,False
34057,Jerrwin,downside,True,1670000,100000,1570000,-1305840,930833,387.8,,0,Stay,False,True
34057,Jerrwin,downside,False,1670000,100000,1570000,-1334640,930833,2327.1,,0,Stay,False,True
34057,Jerrwin,base,True,740000,100000,640000,-218715,354535,32.2,6.0,81285,Stay,False,False
34057,Jerrwin,base,False,740000,100000,640000,-413800,354535,70.9,,0,Stay,False,False
34057,Jerrwin,upside,True,310000,100000,210000,1839463,112619,3.4,0.1,1939463,Sign,True,False
34057,Jerrwin,upside,False,310000,100000,210000,806818,112619,6.8,0.2,906818,Sign,True,False
3993,jawgemo,downside,True,920000,100000,820000,-555840,410000,170.8,,0,Stay,False,True
3993,jawgemo,downside,False,920000,100000,820000,-584640,410000,1025.0,,0,Stay,False,True
3993,jawgemo,base,True,440000,100000,340000,81285,170000,15.5,0.0,81285,Sign,True,False
3993,jawgemo,base,False,440000,100000,340000,-113800,170000,34.0,,0,Stay,False,False
3993,jawgemo,upside,True,210000,100000,110000,1939463,55000,1.6,0.0,1939463,Sign,True,False
3993,jawgemo,upside,False,210000,100000,110000,906818,55000,3.3,0.0,906818,Sign,True,False
46135,Zeus,downside,True,2070000,100000,1970000,-1705840,1208611,503.6,,0,Stay,False,True
46135,Zeus,downside,False,2070000,100000,1970000,-1734640,1208611,3021.5,,0,Stay,False,True
46135,Zeus,base,True,890000,100000,790000,-368715,446802,40.6,9.0,81285,Stay,False,False
46135,Zeus,base,False,890000,100000,790000,-563800,446802,89.4,,0,Stay,False,False
46135,Zeus,upside,True,310000,100000,210000,1839463,112619,3.4,0.1,1939463,Sign,True,False
46135,Zeus,upside,False,310000,100000,210000,806818,112619,6.8,0.2,906818,Sign,True,False
23365,koshmaras,downside,True,2070000,100000,1970000,-1705840,1208611,503.6,,0,Stay,False,True
23365,koshmaras,downside,False,2070000,100000,1970000,-1734640,1208611,3021.5,,0,Stay,False,True
23365,koshmaras,base,True,890000,100000,790000,-368715,446802,40.6,9.0,81285,Stay,False,False
23365,koshmaras,base,False,890000,100000,790000,-563800,446802,89.4,,0,Stay,False,False
23365,koshmaras,upside,True,310000,100000,210000,1839463,112619,3.4,0.1,1939463,Sign,True,False
23365,koshmaras,upside,False,310000,100000,210000,806818,112619,6.8,0.2,906818,Sign,True,False
9554,kaajak,downside,True,2070000,100000,1970000,-1705840,1208611,503.6,,0,Stay,False,True
9554,kaajak,downside,False,2070000,100000,1970000,-1734640,1208611,3021.5,,0,Stay,False,True
9554,kaajak,base,True,890000,100000,790000,-368715,446802,40.6,9.0,81285,Stay,False,False
9554,kaajak,base,False,890000,100000,790000,-563800,446802,89.4,,0,Stay,False,False
9554,kaajak,upside,True,310000,100000,210000,1839463,112619,3.4,0.1,1939463,Sign,True,False
9554,kaajak,upside,False,310000,100000,210000,806818,112619,6.8,0.2,906818,Sign,True,False
40935,lovers rock,downside,True,1695000,100000,1595000,-1330840,948194,395.1,,0,Stay,False,True
40935,lovers rock,downside,False,1695000,100000,1595000,-1359640,948194,2370.5,,0,Stay,False,True
40935,lovers rock,base,True,740000,100000,640000,-218715,354535,32.2,6.0,81285,Stay,False,False
40935,lovers rock,base,False,740000,100000,640000,-413800,354535,70.9,,0,Stay,False,False
40935,lovers rock,upside,True,260000,100000,160000,1889463,83810,2.5,0.0,1939463,Sign,True,False
40935,lovers rock,upside,False,260000,100000,160000,856818,83810,5.1,0.1,906818,Sign,True,False
55681,kozzy,downside,True,2070000,100000,1970000,-1705840,1208611,503.6,,0,Stay,False,True
55681,kozzy,downside,False,2070000,100000,1970000,-1734640,1208611,3021.5,,0,Stay,False,True
55681,kozzy,base,True,890000,100000,790000,-368715,446802,40.6,9.0,81285,Stay,False,False
55681,kozzy,base,False,890000,100000,790000,-563800,446802,89.4,,0,Stay,False,False
55681,kozzy,upside,True,310000,100000,210000,1839463,112619,3.4,0.1,1939463,Sign,True,False
55681,kozzy,upside,False,310000,100000,210000,806818,112619,6.8,0.2,906818,Sign,True,False
16924,stew,downside,True,1695000,100000,1595000,-1330840,948194,395.1,,0,Stay,False,True
16924,stew,downside,False,1695000,100000,1595000,-1359640,948194,2370.5,,0,Stay,False,True
16924,stew,base,True,740000,100000,640000,-218715,354535,32.2,6.0,81285,Stay,False,False
16924,stew,base,False,740000,100000,640000,-413800,354535,70.9,,0,Stay,False,False
16924,stew,upside,True,260000,100000,160000,1889463,83810,2.5,0.0,1939463,Sign,True,False
16924,stew,upside,False,260000,100000,160000,856818,83810,5.1,0.1,906818,Sign,True,False
49973,glacier,downside,True,1320000,100000,1220000,-955840,687778,286.6,,0,Stay,False,True
49973,glacier,downside,False,1320000,100000,1220000,-984640,687778,1719.4,,0,Stay,False,True
49973,glacier,base,True,590000,100000,490000,-68715,262267,23.8,3.0,81285,Stay,False,False
49973,glacier,base,False,590000,100000,490000,-263800,262267,52.5,,0,Stay,False,False
49973,glacier,upside,True,210000,100000,110000,1939463,55000,1.6,0.0,1939463,Sign,True,False
49973,glacier,upside,False,210000,100000,110000,906818,55000,3.3,0.0,906818,Sign,True,False
22047,Rarga,downside,True,1695000,100000,1595000,-1330840,948194,395.1,,0,Stay,False,True
22047,Rarga,downside,False,1695000,100000,1595000,-1359640,948194,2370.5,,0,Stay,False,True
22047,Rarga,base,True,740000,100000,640000,-218715,354535,32.2,6.0,81285,Stay,False,False
22047,Rarga,base,False,740000,100000,640000,-413800,354535,70.9,,0,Stay,False,False
22047,Rarga,upside,True,260000,100000,160000,1889463,83810,2.5,0.0,1939463,Sign,True,False
22047,Rarga,upside,False,260000,100000,160000,856818,83810,5.1,0.1,906818,Sign,True,False
41720,Favian,downside,True,1320000,100000,1220000,-955840,687778,286.6,,0,Stay,False,True
41720,Favian,downside,False,1320000,100000,1220000,-984640,687778,1719.4,,0,Stay,False,True
41720,Favian,base,True,590000,100000,490000,-68715,262267,23.8,3.0,81285,Stay,False,False
41720,Favian,base,False,590000,100000,490000,-263800,262267,52.5,,0,Stay,False,False
41720,Favian,upside,True,210000,100000,110000,1939463,55000,1.6,0.0,1939463,Sign,True,False
41720,Favian,upside,False,210000,100000,110000,906818,55000,3.3,0.0,906818,Sign,True,False
31827,Dambi,downside,True,1320000,100000,1220000,-955840,687778,286.6,,0,Stay,False,True
31827,Dambi,downside,False,1320000,100000,1220000,-984640,687778,1719.4,,0,Stay,False,True
31827,Dambi,base,True,590000,100000,490000,-68715,262267,23.8,3.0,81285,Stay,False,False
31827,Dambi,base,False,590000,100000,490000,-263800,262267,52.5,,0,Stay,False,False
31827,Dambi,upside,True,210000,100000,110000,1939463,55000,1.6,0.0,1939463,Sign,True,False
31827,Dambi,upside,False,210000,100000,110000,906818,55000,3.3,0.0,906818,Sign,True,False
4544,Filu,downside,True,2070000,100000,1970000,-1705840,1208611,503.6,,0,Stay,False,True
4544,Filu,downside,False,2070000,100000,1970000,-1734640,1208611,3021.5,,0,Stay,False,True
4544,Filu,base,True,890000,100000,790000,-368715,446802,40.6,9.0,81285,Stay,False,False
4544,Filu,base,False,890000,100000,790000,-563800,446802,89.4,,0,Stay,False,False
4544,Filu,upside,True,310000,100000,210000,1839463,112619,3.4,0.1,1939463,Sign,True,False
4544,Filu,upside,False,310000,100000,210000,806818,112619,6.8,0.2,906818,Sign,True,False
31753,SpiritZ1,downside,True,1695000,100000,1595000,-1330840,948194,395.1,,0,Stay,False,True
31753,SpiritZ1,downside,False,1695000,100000,1595000,-1359640,948194,2370.5,,0,Stay,False,True
31753,SpiritZ1,base,True,740000,100000,640000,-218715,354535,32.2,6.0,81285,Stay,False,False
31753,SpiritZ1,base,False,740000,100000,640000,-413800,354535,70.9,,0,Stay,False,False
31753,SpiritZ1,upside,True,260000,100000,160000,1889463,83810,2.5,0.0,1939463,Sign,True,False
31753,SpiritZ1,upside,False,260000,100000,160000,856818,83810,5.1,0.1,906818,Sign,True,False
3028,Life,downside,True,1695000,100000,1595000,-1330840,948194,395.1,,0,Stay,False,True
3028,Life,downside,False,1695000,100000,1595000,-1359640,948194,2370.5,,0,Stay,False,True
3028,Life,base,True,740000,100000,640000,-218715,354535,32.2,6.0,81285,Stay,False,False
3028,Life,base,False,740000,100000,640000,-413800,354535,70.9,,0,Stay,False,False
3028,Life,upside,True,260000,100000,160000,1889463,83810,2.5,0.0,1939463,Sign,True,False
3028,Life,upside,False,260000,100000,160000,856818,83810,5.1,0.1,906818,Sign,True,False
31828,Francis,downside,True,1320000,100000,1220000,-955840,687778,286.6,,0,Stay,False,True
31828,Francis,downside,False,1320000,100000,1220000,-984640,687778,1719.4,,0,Stay,False,True
31828,Francis,base,True,590000,100000,490000,-68715,262267,23.8,3.0,81285,Stay,False,False
31828,Francis,base,False,590000,100000,490000,-263800,262267,52.5,,0,Stay,False,False
31828,Francis,upside,True,210000,100000,110000,1939463,55000,1.6,0.0,1939463,Sign,True,False
31828,Francis,upside,False,210000,100000,110000,906818,55000,3.3,0.0,906818,Sign,True,False
11332,ara,downside,True,1320000,100000,1220000,-955840,687778,286.6,,0,Stay,False,True
11332,ara,downside,False,1320000,100000,1220000,-984640,687778,1719.4,,0,Stay,False,True
11332,ara,base,True,590000,100000,490000,-68715,262267,23.8,3.0,81285,Stay,False,False
11332,ara,base,False,590000,100000,490000,-263800,262267,52.5,,0,Stay,False,False
11332,ara,upside,True,210000,100000,110000,1939463,55000,1.6,0.0,1939463,Sign,True,False
11332,ara,upside,False,210000,100000,110000,906818,55000,3.3,0.0,906818,Sign,True,False
21659,Sato,downside,True,920000,100000,820000,-555840,410000,170.8,,0,Stay,False,True
21659,Sato,downside,False,920000,100000,820000,-584640,410000,1025.0,,0,Stay,False,True
21659,Sato,base,True,440000,100000,340000,81285,170000,15.5,0.0,81285,Sign,True,False
21659,Sato,base,False,440000,100000,340000,-113800,170000,34.0,,0,Stay,False,False
21659,Sato,upside,True,210000,100000,110000,1939463,55000,1.6,0.0,1939463,Sign,True,False
21659,Sato,upside,False,210000,100000,110000,906818,55000,3.3,0.0,906818,Sign,True,False
13788,JitBoyS,downside,True,1320000,100000,1220000,-955840,687778,286.6,,0,Stay,False,True
13788,JitBoyS,downside,False,1320000,100000,1220000,-984640,687778,1719.4,,0,Stay,False,True
13788,JitBoyS,base,True,590000,100000,490000,-68715,262267,23.8,3.0,81285,Stay,False,False
13788,JitBoyS,base,False,590000,100000,490000,-263800,262267,52.5,,0,Stay,False,False
13788,JitBoyS,upside,True,210000,100000,110000,1939463,55000,1.6,0.0,1939463,Sign,True,False
13788,JitBoyS,upside,False,210000,100000,110000,906818,55000,3.3,0.0,906818,Sign,True,False
52904,Akeman,downside,True,2070000,100000,1970000,-1705840,1208611,503.6,,0,Stay,False,True
52904,Akeman,downside,False,2070000,100000,1970000,-1734640,1208611,3021.5,,0,Stay,False,True
52904,Akeman,base,True,890000,100000,790000,-368715,446802,40.6,9.0,81285,Stay,False,False
52904,Akeman,base,False,890000,100000,790000,-563800,446802,89.4,,0,Stay,False,False
52904,Akeman,upside,True,310000,100000,210000,1839463,112619,3.4,0.1,1939463,Sign,True,False
52904,Akeman,upside,False,310000,100000,210000,806818,112619,6.8,0.2,906818,Sign,True,False
4881,Spitfires,downside,True,1695000,100000,1595000,-1330840,948194,395.1,,0,Stay,False,True
4881,Spitfires,downside,False,1695000,100000,1595000,-1359640,948194,2370.5,,0,Stay,False,True
4881,Spitfires,base,True,740000,100000,640000,-218715,354535,32.2,6.0,81285,Stay,False,False
4881,Spitfires,base,False,740000,100000,640000,-413800,354535,70.9,,0,Stay,False,False
4881,Spitfires,upside,True,260000,100000,160000,1889463,83810,2.5,0.0,1939463,Sign,True,False
4881,Spitfires,upside,False,260000,100000,160000,856818,83810,5.1,0.1,906818,Sign,True,False
5564,DeadInk,downside,True,2070000,100000,1970000,-1705840,1208611,503.6,,0,Stay,False,True
5564,DeadInk,downside,False,2070000,100000,1970000,-1734640,1208611,3021.5,,0,Stay,False,True
5564,DeadInk,base,True,890000,100000,790000,-368715,446802,40.6,9.0,81285,Stay,False,False
5564,DeadInk,base,False,890000,100000,790000,-563800,446802,89.4,,0,Stay,False,False
5564,DeadInk,upside,True,310000,100000,210000,1839463,112619,3.4,0.1,1939463,Sign,True,False
5564,DeadInk,upside,False,310000,100000,210000,806818,112619,6.8,0.2,906818,Sign,True,False
42235,Dynamite,downside,True,1695000,100000,1595000,-1330840,948194,395.1,,0,Stay,False,True
42235,Dynamite,downside,False,1695000,100000,1595000,-1359640,948194,2370.5,,0,Stay,False,True
42235,Dynamite,base,True,740000,100000,640000,-218715,354535,32.2,6.0,81285,Stay,False,False
42235,Dynamite,base,False,740000,100000,640000,-413800,354535,70.9,,0,Stay,False,False
42235,Dynamite,upside,True,260000,100000,160000,1889463,83810,2.5,0.0,1939463,Sign,True,False
42235,Dynamite,upside,False,260000,100000,160000,856818,83810,5.1,0.1,906818,Sign,True,False
48025,alym,downside,True,2070000,100000,1970000,-1705840,1208611,503.6,,0,Stay,False,True
48025,alym,downside,False,2070000,100000,1970000,-1734640,1208611,3021.5,,0,Stay,False,True
48025,alym,base,True,890000,100000,790000,-368715,446802,40.6,9.0,81285,Stay,False,False
48025,alym,base,False,890000,100000,790000,-563800,446802,89.4,,0,Stay,False,False
48025,alym,upside,True,310000,100000,210000,1839463,112619,3.4,0.1,1939463,Sign,True,False
48025,alym,upside,False,310000,100000,210000,806818,112619,6.8,0.2,906818,Sign,True,False
10338,Lime,downside,True,2070000,100000,1970000,-1705840,1208611,503.6,,0,Stay,False,True
10338,Lime,downside,False,2070000,100000,1970000,-1734640,1208611,3021.5,,0,Stay,False,True
10338,Lime,base,True,890000,100000,790000,-368715,446802,40.6,9.0,81285,Stay,False,False
10338,Lime,base,False,890000,100000,790000,-563800,446802,89.4,,0,Stay,False,False
10338,Lime,upside,True,310000,100000,210000,1839463,112619,3.4,0.1,1939463,Sign,True,False
10338,Lime,upside,False,310000,100000,210000,806818,112619,6.8,0.2,906818,Sign,True,False
11917,ExiT,downside,True,2070000,100000,1970000,-1705840,1208611,503.6,,0,Stay,False,True
11917,ExiT,downside,False,2070000,100000,1970000,-1734640,1208611,3021.5,,0,Stay,False,True
11917,ExiT,base,True,890000,100000,790000,-368715,446802,40.6,9.0,81285,Stay,False,False
11917,ExiT,base,False,890000,100000,790000,-563800,446802,89.4,,0,Stay,False,False
11917,ExiT,upside,True,310000,100000,210000,1839463,112619,3.4,0.1,1939463,Sign,True,False
11917,ExiT,upside,False,310000,100000,210000,806818,112619,6.8,0.2,906818,Sign,True,False
41224,tkzin,downside,True,920000,100000,820000,-555840,410000,170.8,,0,Stay,False,True
41224,tkzin,downside,False,920000,100000,820000,-584640,410000,1025.0,,0,Stay,False,True
41224,tkzin,base,True,440000,100000,340000,81285,170000,15.5,0.0,81285,Sign,True,False
41224,tkzin,base,False,440000,100000,340000,-113800,170000,34.0,,0,Stay,False,False
41224,tkzin,upside,True,210000,100000,110000,1939463,55000,1.6,0.0,1939463,Sign,True,False
41224,tkzin,upside,False,210000,100000,110000,906818,55000,3.3,0.0,906818,Sign,True,False
11737,Xan,downside,True,1695000,100000,1595000,-1330840,948194,395.1,,0,Stay,False,True
11737,Xan,downside,False,1695000,100000,1595000,-1359640,948194,2370.5,,0,Stay,False,True
11737,Xan,base,True,740000,100000,640000,-218715,354535,32.2,6.0,81285,Stay,False,False
11737,Xan,base,False,740000,100000,640000,-413800,354535,70.9,,0,Stay,False,False
11737,Xan,upside,True,260000,100000,160000,1889463,83810,2.5,0.0,1939463,Sign,True,False
11737,Xan,upside,False,260000,100000,160000,856818,83810,5.1,0.1,906818,Sign,True,False
7716,penny,downside,True,1670000,100000,1570000,-1305840,930833,387.8,,0,Stay,False,True
7716,penny,downside,False,1670000,100000,1570000,-1334640,930833,2327.1,,0,Stay,False,True
7716,penny,base,True,740000,100000,640000,-218715,354535,32.2,6.0,81285,Stay,False,False
7716,penny,base,False,740000,100000,640000,-413800,354535,70.9,,0,Stay,False,False
7716,penny,upside,True,310000,100000,210000,1839463,112619,3.4,0.1,1939463,Sign,True,False
7716,penny,upside,False,310000,100000,210000,806818,112619,6.8,0.2,906818,Sign,True,False
3722,koalanoob,downside,True,1295000,100000,1195000,-930840,670417,279.3,,0,Stay,False,True
3722,koalanoob,downside,False,1295000,100000,1195000,-959640,670417,1676.0,,0,Stay,False,True
3722,koalanoob,base,True,590000,100000,490000,-68715,262267,23.8,3.0,81285,Stay,False,False
3722,koalanoob,base,False,590000,100000,490000,-263800,262267,52.5,,0,Stay,False,False
3722,koalanoob,upside,True,260000,100000,160000,1889463,83810,2.5,0.0,1939463,Sign,True,False
3722,koalanoob,upside,False,260000,100000,160000,856818,83810,5.1,0.1,906818,Sign,True,False
63107,ra1ny,downside,True,2070000,100000,1970000,-1705840,1208611,503.6,,0,Stay,False,True
63107,ra1ny,downside,False,2070000,100000,1970000,-1734640,1208611,3021.5,,0,Stay,False,True
63107,ra1ny,base,True,890000,100000,790000,-368715,446802,40.6,9.0,81285,Stay,False,False
63107,ra1ny,base,False,890000,100000,790000,-563800,446802,89.4,,0,Stay,False,False
63107,ra1ny,upside,True,310000,100000,210000,1839463,112619,3.4,0.1,1939463,Sign,True,False
63107,ra1ny,upside,False,310000,100000,210000,806818,112619,6.8,0.2,906818,Sign,True,False
8376,seven,downside,True,920000,100000,820000,-555840,410000,170.8,,0,Stay,False,True
8376,seven,downside,False,920000,100000,820000,-584640,410000,1025.0,,0,Stay,False,True
8376,seven,base,True,440000,100000,340000,81285,170000,15.5,0.0,81285,Sign,True,False
8376,seven,base,False,440000,100000,340000,-113800,170000,34.0,,0,Stay,False,False
8376,seven,upside,True,210000,100000,110000,1939463,55000,1.6,0.0,1939463,Sign,True,False
8376,seven,upside,False,210000,100000,110000,906818,55000,3.3,0.0,906818,Sign,True,False
12793,xeus,downside,True,1320000,100000,1220000,-955840,687778,286.6,,0,Stay,False,True
12793,xeus,downside,False,1320000,100000,1220000,-984640,687778,1719.4,,0,Stay,False,True
12793,xeus,base,True,590000,100000,490000,-68715,262267,23.8,3.0,81285,Stay,False,False
12793,xeus,base,False,590000,100000,490000,-263800,262267,52.5,,0,Stay,False,False
12793,xeus,upside,True,210000,100000,110000,1939463,55000,1.6,0.0,1939463,Sign,True,False
12793,xeus,upside,False,210000,100000,110000,906818,55000,3.3,0.0,906818,Sign,True,False
50025,Setrod,downside,True,2070000,100000,1970000,-1705840,1208611,503.6,,0,Stay,False,True
50025,Setrod,downside,False,2070000,100000,1970000,-1734640,1208611,3021.5,,0,Stay,False,True
50025,Setrod,base,True,890000,100000,790000,-368715,446802,40.6,9.0,81285,Stay,False,False
50025,Setrod,base,False,890000,100000,790000,-563800,446802,89.4,,0,Stay,False,False
50025,Setrod,upside,True,310000,100000,210000,1839463,112619,3.4,0.1,1939463,Sign,True,False
50025,Setrod,upside,False,310000,100000,210000,806818,112619,6.8,0.2,906818,Sign,True,False
573,cNed,downside,True,2070000,100000,1970000,-1705840,1208611,503.6,,0,Stay,False,True
573,cNed,downside,False,2070000,100000,1970000,-1734640,1208611,3021.5,,0,Stay,False,True
573,cNed,base,True,890000,100000,790000,-368715,446802,40.6,9.0,81285,Stay,False,False
573,cNed,base,False,890000,100000,790000,-563800,446802,89.4,,0,Stay,False,False
573,cNed,upside,True,310000,100000,210000,1839463,112619,3.4,0.1,1939463,Sign,True,False
573,cNed,upside,False,310000,100000,210000,806818,112619,6.8,0.2,906818,Sign,True,False
18400,bipo,downside,True,1320000,100000,1220000,-955840,687778,286.6,,0,Stay,False,True
18400,bipo,downside,False,1320000,100000,1220000,-984640,687778,1719.4,,0,Stay,False,True
18400,bipo,base,True,590000,100000,490000,-68715,262267,23.8,3.0,81285,Stay,False,False
18400,bipo,base,False,590000,100000,490000,-263800,262267,52.5,,0,Stay,False,False
18400,bipo,upside,True,210000,100000,110000,1939463,55000,1.6,0.0,1939463,Sign,True,False
18400,bipo,upside,False,210000,100000,110000,906818,55000,3.3,0.0,906818,Sign,True,False
37532,Zexy,downside,True,1695000,100000,1595000,-1330840,948194,395.1,,0,Stay,False,True
37532,Zexy,downside,False,1695000,100000,1595000,-1359640,948194,2370.5,,0,Stay,False,True
37532,Zexy,base,True,740000,100000,640000,-218715,354535,32.2,6.0,81285,Stay,False,False
37532,Zexy,base,False,740000,100000,640000,-413800,354535,70.9,,0,Stay,False,False
37532,Zexy,upside,True,260000,100000,160000,1889463,83810,2.5,0.0,1939463,Sign,True,False
37532,Zexy,upside,False,260000,100000,160000,856818,83810,5.1,0.1,906818,Sign,True,False
11527,NoMan,downside,True,1695000,100000,1595000,-1330840,948194,395.1,,0,Stay,False,True
11527,NoMan,downside,False,1695000,100000,1595000,-1359640,948194,2370.5,,0,Stay,False,True
11527,NoMan,base,True,740000,100000,640000,-218715,354535,32.2,6.0,81285,Stay,False,False
11527,NoMan,base,False,740000,100000,640000,-413800,354535,70.9,,0,Stay,False,False
11527,NoMan,upside,True,260000,100000,160000,1889463,83810,2.5,0.0,1939463,Sign,True,False
11527,NoMan,upside,False,260000,100000,160000,856818,83810,5.1,0.1,906818,Sign,True,False
10160,Izzy,downside,True,1320000,100000,1220000,-955840,687778,286.6,,0,Stay,False,True
10160,Izzy,downside,False,1320000,100000,1220000,-984640,687778,1719.4,,0,Stay,False,True
10160,Izzy,base,True,590000,100000,490000,-68715,262267,23.8,3.0,81285,Stay,False,False
10160,Izzy,base,False,590000,100000,490000,-263800,262267,52.5,,0,Stay,False,False
10160,Izzy,upside,True,210000,100000,110000,1939463,55000,1.6,0.0,1939463,Sign,True,False
10160,Izzy,upside,False,210000,100000,110000,906818,55000,3.3,0.0,906818,Sign,True,False
41135,Dantedeu5,downside,True,1670000,100000,1570000,-1305840,930833,387.8,,0,Stay,False,True
41135,Dantedeu5,downside,False,1670000,100000,1570000,-1334640,930833,2327.1,,0,Stay,False,True
41135,Dantedeu5,base,True,740000,100000,640000,-218715,354535,32.2,6.0,81285,Stay,False,False
41135,Dantedeu5,base,False,740000,100000,640000,-413800,354535,70.9,,0,Stay,False,False
41135,Dantedeu5,upside,True,310000,100000,210000,1839463,112619,3.4,0.1,1939463,Sign,True,False
41135,Dantedeu5,upside,False,310000,100000,210000,806818,112619,6.8,0.2,906818,Sign,True,False
51099,ZynX,downside,True,2070000,100000,1970000,-1705840,1208611,503.6,,0,Stay,False,True
51099,ZynX,downside,False,2070000,100000,1970000,-1734640,1208611,3021.5,,0,Stay,False,True
51099,ZynX,base,True,890000,100000,790000,-368715,446802,40.6,9.0,81285,Stay,False,False
51099,ZynX,base,False,890000,100000,790000,-563800,446802,89.4,,0,Stay,False,False
51099,ZynX,upside,True,310000,100000,210000,1839463,112619,3.4,0.1,1939463,Sign,True,False
51099,ZynX,upside,False,310000,100000,210000,806818,112619,6.8,0.2,906818,Sign,True,False
25017,Ash,downside,True,1320000,100000,1220000,-955840,687778,286.6,,0,Stay,False,True
25017,Ash,downside,False,1320000,100000,1220000,-984640,687778,1719.4,,0,Stay,False,True
25017,Ash,base,True,590000,100000,490000,-68715,262267,23.8,3.0,81285,Stay,False,False
25017,Ash,base,False,590000,100000,490000,-263800,262267,52.5,,0,Stay,False,False
25017,Ash,upside,True,210000,100000,110000,1939463,55000,1.6,0.0,1939463,Sign,True,False
25017,Ash,upside,False,210000,100000,110000,906818,55000,3.3,0.0,906818,Sign,True,False
3983,Virtyy,downside,True,1670000,100000,1570000,-1305840,930833,387.8,,0,Stay,False,True
3983,Virtyy,downside,False,1670000,100000,1570000,-1334640,930833,2327.1,,0,Stay,False,True
3983,Virtyy,base,True,740000,100000,640000,-218715,354535,32.2,6.0,81285,Stay,False,False
3983,Virtyy,base,False,740000,100000,640000,-413800,354535,70.9,,0,Stay,False,False
3983,Virtyy,upside,True,310000,100000,210000,1839463,112619,3.4,0.1,1939463,Sign,True,False
3983,Virtyy,upside,False,310000,100000,210000,806818,112619,6.8,0.2,906818,Sign,True,False
39697,cb,downside,True,1320000,100000,1220000,-955840,687778,286.6,,0,Stay,False,True
39697,cb,downside,False,1320000,100000,1220000,-984640,687778,1719.4,,0,Stay,False,True
39697,cb,base,True,590000,100000,490000,-68715,262267,23.8,3.0,81285,Stay,False,False
39697,cb,base,False,590000,100000,490000,-263800,262267,52.5,,0,Stay,False,False
39697,cb,upside,True,210000,100000,110000,1939463,55000,1.6,0.0,1939463,Sign,True,False
39697,cb,upside,False,210000,100000,110000,906818,55000,3.3,0.0,906818,Sign,True,False
34776,Absol,downside,True,1695000,100000,1595000,-1330840,948194,395.1,,0,Stay,False,True
34776,Absol,downside,False,1695000,100000,1595000,-1359640,948194,2370.5,,0,Stay,False,True
34776,Absol,base,True,740000,100000,640000,-218715,354535,32.2,6.0,81285,Stay,False,False
34776,Absol,base,False,740000,100000,640000,-413800,354535,70.9,,0,Stay,False,False
34776,Absol,upside,True,260000,100000,160000,1889463,83810,2.5,0.0,1939463,Sign,True,False
34776,Absol,upside,False,260000,100000,160000,856818,83810,5.1,0.1,906818,Sign,True,False
64029,FT,downside,True,2445000,100000,2345000,-2080840,1469028,612.1,,0,Stay,False,True
64029,FT,downside,False,2445000,100000,2345000,-2109640,1469028,3672.6,,0,Stay,False,True
64029,FT,base,True,1040000,100000,940000,-518715,539070,49.0,12.0,81285,Stay,False,False
64029,FT,base,False,1040000,100000,940000,-713800,539070,107.8,,0,Stay,False,True
64029,FT,upside,True,360000,100000,260000,1789463,141429,4.2,0.1,1939463,Sign,True,False
64029,FT,upside,False,360000,100000,260000,756818,141429,8.6,0.3,906818,Sign,True,False
41798,nightz,downside,True,1295000,100000,1195000,-930840,670417,279.3,,0,Stay,False,True
41798,nightz,downside,False,1295000,100000,1195000,-959640,670417,1676.0,,0,Stay,False,True
41798,nightz,base,True,590000,100000,490000,-68715,262267,23.8,3.0,81285,Stay,False,False
41798,nightz,base,False,590000,100000,490000,-263800,262267,52.5,,0,Stay,False,False
41798,nightz,upside,True,260000,100000,160000,1889463,83810,2.5,0.0,1939463,Sign,True,False
41798,nightz,upside,False,260000,100000,160000,856818,83810,5.1,0.1,906818,Sign,True,False
46040,Youze,downside,True,2070000,100000,1970000,-1705840,1208611,503.6,,0,Stay,False,True
46040,Youze,downside,False,2070000,100000,1970000,-1734640,1208611,3021.5,,0,Stay,False,True
46040,Youze,base,True,890000,100000,790000,-368715,446802,40.6,9.0,81285,Stay,False,False
46040,Youze,base,False,890000,100000,790000,-563800,446802,89.4,,0,Stay,False,False
46040,Youze,upside,True,310000,100000,210000,1839463,112619,3.4,0.1,1939463,Sign,True,False
46040,Youze,upside,False,310000,100000,210000,806818,112619,6.8,0.2,906818,Sign,True,False
35302,Eggsterr,downside,True,1295000,100000,1195000,-930840,670417,279.3,,0,Stay,False,True
35302,Eggsterr,downside,False,1295000,100000,1195000,-959640,670417,1676.0,,0,Stay,False,True
35302,Eggsterr,base,True,590000,100000,490000,-68715,262267,23.8,3.0,81285,Stay,False,False
35302,Eggsterr,base,False,590000,100000,490000,-263800,262267,52.5,,0,Stay,False,False
35302,Eggsterr,upside,True,260000,100000,160000,1889463,83810,2.5,0.0,1939463,Sign,True,False
35302,Eggsterr,upside,False,260000,100000,160000,856818,83810,5.1,0.1,906818,Sign,True,False
