player_id,player_name,regions,maps_played,rounds_played,composite,agent_overlap_pct,map_adr_delta,map_coverage_pct,pct_performance,pct_map_fit,fit_score,delta_adr,delta_kast_pct,delta_fkpr,delta_opening_win_pct,delta_dpr,delta_cv_adr_2026,is_import_for_sen,import_source,country,contract_team,contract_end_year
6672,Meiy,Pacific,55,1182,80.1,100.0,3.0,100.0,95.2,89.2,94.9,26.0,7.3,-0.017,0.055,-0.028,0.036,true,nationality (proxy),jp,,
45492,swagzor,China,33,701,73.6,100.0,2.0,90.0,88.0,78.3,88.6,27.0,5.2,0.02,0.013,0.013,0.018,true,nationality (proxy),ru,,
5022,Derke,"EMEA,International",71,1488,72.1,100.0,2.0,100.0,83.1,77.1,85.8,20.4,5.9,-0.021,0.025,-0.052,0.07,true,nationality (proxy),fi,,
3520,ZmjjKK,"China,International",85,1763,76.2,100.0,0.1,100.0,92.8,49.4,83.7,25.5,4.5,0.003,0.024,-0.026,0.008,true,nationality (proxy),cn,,
25255,primmie,"International,Pacific",62,1273,86.1,30.0,3.6,100.0,100.0,91.6,80.4,34.4,7.5,-0.026,0.052,-0.072,0.011,true,nationality (proxy),th,,
804,BuZz,"International,Pacific",69,1476,70.4,100.0,0.7,90.0,80.7,56.6,79.5,17.6,6.2,-0.04,0.021,-0.049,0.006,true,nationality (proxy),kr,,
8873,dgzin,Americas,45,967,69.5,90.0,1.5,100.0,79.5,68.7,79.4,20.6,2.7,0.002,0.029,-0.023,0.039,false,contract database,br,EVIL GENIUSES,2027
18796,OXY,Americas,43,900,66.2,70.0,8.2,90.0,73.5,98.8,78.9,26.8,4.1,0.011,0.003,-0.005,0.053,false,contract database,us,CLOUD9,2028
21328,Wo0t,"EMEA,International",69,1436,67.1,70.0,4.2,100.0,74.7,94.0,78.3,13.1,6.8,-0.041,0.026,-0.056,0.028,true,nationality (proxy),tr,,
29893,Timotino,Americas,62,1329,68.0,100.0,0.8,100.0,75.9,61.4,78.3,17.0,3.0,0.005,0.002,-0.024,-0.027,false,contract database,ca,100 THIEVES,2027
8480,aspas,Americas,56,1173,72.9,100.0,-0.8,97.5,86.7,38.6,78.0,15.4,6.6,-0.046,0.029,-0.085,0.006,false,contract database,br,MIBR,2027
4885,whzy,China,60,1284,72.5,100.0,-0.8,95.0,85.5,37.3,77.1,21.5,5.5,-0.026,0.018,-0.032,0.005,true,nationality (proxy),cn,,
4428,UdoTan,"International,Pacific",75,1613,64.4,100.0,1.2,100.0,71.1,65.1,76.8,14.0,5.9,-0.048,0.002,-0.044,-0.025,true,nationality (proxy),kr,,
21216,f4ngeer,"China,International",76,1596,74.8,90.0,-0.9,100.0,90.4,36.1,76.7,18.6,3.6,-0.007,0.042,-0.069,0.031,true,nationality (proxy),ru,,
18350,MiniBoo,"EMEA,International",45,969,70.7,100.0,-0.6,87.5,81.9,39.8,75.9,14.3,5.0,-0.011,0.005,-0.047,-0.005,true,nationality (proxy),lt,,
9196,t3xture,Pacific,43,969,80.4,70.0,-1.0,95.0,97.6,33.7,74.7,19.9,4.7,-0.007,0.033,-0.042,-0.047,true,nationality (proxy),kr,,
36685,splash,China,71,1508,74.6,100.0,-2.5,100.0,89.2,18.1,74.1,30.9,6.3,-0.02,0.01,-0.021,0.012,true,nationality (proxy),id,,
24895,Jemkin,Pacific,53,1159,75.2,100.0,-3.9,100.0,91.6,10.8,73.5,11.6,5.6,-0.025,0.041,-0.102,-0.004,true,nationality (proxy),ru,,
21661,spike,"Americas,International",79,1608,66.0,90.0,0.7,100.0,72.3,57.8,73.1,13.8,6.5,-0.026,0.019,-0.025,0.036,false,contract database,br,LEVIATAN,2027
37494,Kai,China,63,1359,52.8,100.0,2.0,100.0,55.4,75.9,71.7,11.4,3.4,-0.029,0.012,-0.016,0.032,true,nationality (proxy),cn,,
5132,mada,"Americas,International",87,1835,60.8,100.0,0.7,100.0,63.9,55.4,70.8,5.1,4.8,-0.011,-0.002,-0.052,-0.012,false,contract database,ca,NRG,2027
20144,LewN,EMEA,45,959,64.2,90.0,-0.1,100.0,69.9,47.0,69.2,17.6,4.9,-0.026,0.018,-0.045,0.062,true,nationality (proxy),tr,,
54487,Xlele,China,40,844,45.2,100.0,3.1,90.0,42.2,90.4,68.7,4.5,5.3,-0.068,-0.002,-0.03,0.002,true,nationality (proxy),cn,,
17086,something,"International,Pacific",101,2155,61.2,90.0,0.5,100.0,65.1,51.8,68.0,10.2,5.4,-0.051,0.024,-0.121,0.026,true,nationality (proxy),ru,,
10307,marteen,"EMEA,International",59,1274,80.2,10.0,1.2,80.0,96.4,66.3,67.3,33.4,8.7,-0.048,0.037,-0.075,0.011,true,nationality (proxy),cz,,
4004,zekken,Americas,56,1173,55.1,60.0,3.8,97.5,57.8,92.8,67.1,9.6,6.5,-0.057,-0.005,-0.051,0.005,false,contract database,us,MIBR,2027
40591,ComeBack,EMEA,24,503,52.1,60.0,7.5,77.5,54.2,97.6,66.5,6.9,1.0,-0.014,0.051,-0.02,0.055,true,nationality (proxy),tr,,
7378,Jinggg,"International,Pacific",101,2155,68.0,100.0,-3.3,100.0,75.9,13.3,66.3,18.0,8.3,-0.068,0.025,-0.071,0.02,true,nationality (proxy),sg,,
28400,HYUNMIN,Pacific,61,1298,51.2,100.0,0.7,100.0,53.0,59.0,66.3,23.4,6.1,-0.075,-0.024,-0.035,0.047,true,nationality (proxy),kr,,
39357,s0pp,"EMEA,International",65,1394,78.0,60.0,-2.7,92.5,94.0,16.9,66.2,18.4,5.5,0.009,0.055,-0.015,0.01,true,nationality (proxy),tr,,
49476,zhe,China,73,1521,59.3,60.0,2.4,100.0,61.4,81.9,66.2,12.0,7.0,-0.043,-0.015,-0.063,0.02,true,nationality (proxy),cn,,
31305,Lar0k,"EMEA,International",53,1136,41.0,100.0,5.2,95.0,33.7,95.2,65.7,8.4,4.3,-0.066,-0.003,-0.049,0.098,true,nationality (proxy),tr,,
14681,kamo,"EMEA,International",72,1528,62.1,40.0,2.7,100.0,66.3,85.5,64.5,20.9,7.5,-0.068,0.009,-0.059,0.063,true,nationality (proxy),pl,,
58496,Kachoww,EMEA,16,352,85.7,60.0,-9.8,65.0,98.8,0.0,64.4,40.0,9.8,-0.009,0.094,-0.036,0.041,true,nationality (proxy),tr,,
2462,keznit,Americas,46,964,41.1,100.0,2.1,100.0,34.9,79.5,62.3,6.8,3.3,-0.03,-0.001,-0.001,0.057,false,contract database,cl,ENVY,2027
34057,Jerrwin,Americas,30,658,43.6,100.0,1.5,90.0,39.8,67.5,61.7,0.0,0.0,0.0,0.0,0.0,0.0,false,contract database,in,SENTINELS,2028
3993,jawgemo,"Americas,International",92,1941,38.4,100.0,2.1,100.0,30.1,80.7,60.2,7.9,3.7,-0.043,-0.046,-0.013,0.028,false,contract database,kh,G2,2026
46135,Zeus,Pacific,23,485,63.4,60.0,-0.5,87.5,68.7,43.4,60.2,20.5,8.1,-0.001,-0.034,0.003,0.048,true,nationality (proxy),ph,,
23365,koshmaras,"EMEA,International",52,1085,49.5,60.0,2.5,92.5,47.0,84.3,59.6,8.0,5.8,-0.036,-0.016,-0.021,0.028,true,nationality (proxy),lt,,
9554,kaajak,EMEA,55,1236,49.0,100.0,-0.2,97.5,45.8,45.8,59.3,10.7,1.0,-0.028,-0.021,-0.04,0.006,true,nationality (proxy),pl,,
40935,lovers rock,"EMEA,International",53,1136,72.4,60.0,-6.8,95.0,84.3,2.4,57.8,13.3,5.1,-0.016,0.083,-0.066,0.043,true,nationality (proxy),tr,,
55681,kozzy,EMEA,15,322,68.4,70.0,-6.4,52.5,78.3,3.6,57.6,35.0,3.7,-0.036,0.005,-0.024,-0.017,true,nationality (proxy),ro,,
16924,stew,China,39,795,49.9,100.0,-1.3,80.0,50.6,28.9,57.5,6.4,7.1,-0.082,0.013,-0.031,-0.002,true,nationality (proxy),kr,,
49973,glacier,China,36,772,46.9,100.0,-0.5,92.5,43.4,41.0,56.9,9.4,2.0,-0.001,-0.051,0.031,-0.022,true,nationality (proxy),tw,,
22047,Rarga,"China,International",89,1834,59.9,90.0,-4.1,95.0,62.7,9.6,56.2,10.1,5.1,-0.024,0.016,-0.033,0.04,true,nationality (proxy),ru,,
41720,Favian,EMEA,49,1043,43.8,100.0,-0.5,100.0,41.0,42.2,56.0,16.2,2.5,-0.074,-0.022,-0.016,-0.004,true,nationality (proxy),tr,,
31827,Dambi,"International,Pacific",71,1517,54.3,90.0,-2.4,100.0,56.6,19.3,55.6,13.5,4.3,-0.048,-0.026,-0.036,-0.008,true,nationality (proxy),kr,,
4544,Filu,EMEA,25,542,34.8,70.0,5.3,75.0,24.1,96.4,53.6,3.5,2.1,-0.069,-0.041,-0.058,0.003,true,nationality (proxy),pl,,
31753,SpiritZ1,"China,International",73,1530,56.6,30.0,1.1,100.0,59.0,63.9,53.0,14.8,2.3,-0.033,0.007,0.009,-0.029,true,nationality (proxy),tw,,
3028,Life,"China,International",66,1380,31.0,90.0,2.4,92.5,19.3,83.1,52.9,3.0,2.1,-0.03,-0.032,-0.002,0.069,true,nationality (proxy),cn,,
31828,Francis,"International,Pacific",71,1517,49.8,60.0,0.2,100.0,49.4,50.6,52.3,13.0,5.5,-0.053,-0.015,-0.032,0.038,true,nationality (proxy),kr,,
11332,ara,EMEA,42,889,43.4,100.0,-1.0,92.5,38.6,31.3,52.1,4.7,1.8,-0.031,-0.014,-0.043,0.012,true,nationality (proxy),ro,,
21659,Sato,"Americas,International",79,1608,62.6,40.0,-1.8,100.0,67.5,22.9,49.5,18.9,7.3,-0.066,-0.001,-0.071,0.028,false,contract database,br,LEVIATAN,2026
13788,JitBoyS,"International,Pacific",62,1273,35.4,70.0,1.9,100.0,26.5,74.7,49.4,3.1,3.7,-0.052,-0.028,-0.044,0.064,true,nationality (proxy),th,,
52904,Akeman,China,19,403,29.2,90.0,1.6,70.0,16.9,69.9,48.4,-1.9,0.4,-0.02,-0.047,0.023,0.03,true,nationality (proxy),cn,,
4881,Spitfires,China,30,670,20.2,90.0,2.9,92.5,7.2,88.0,48.1,1.7,1.5,-0.061,-0.057,-0.009,0.067,true,nationality (proxy),cn,,
5564,DeadInk,EMEA,16,352,58.5,40.0,-1.1,65.0,60.2,30.1,47.7,-9.4,5.0,-0.04,0.155,-0.127,0.004,true,nationality (proxy),tr,,
42235,Dynamite,China,62,1358,38.7,100.0,-2.3,100.0,31.3,20.5,45.8,8.7,3.9,-0.061,-0.061,-0.021,-0.004,true,nationality (proxy),cn,,
48025,alym,"Americas,International",37,747,38.7,90.0,-1.7,72.5,31.3,24.1,44.2,0.2,2.1,-0.022,-0.039,-0.022,0.013,true,nationality (proxy),kg,,
10338,Lime,EMEA,15,322,50.1,60.0,-3.4,52.5,51.8,12.0,43.9,-3.6,5.3,-0.051,0.02,-0.033,-0.016,true,nationality (proxy),gb,,
11917,ExiT,EMEA,18,400,31.3,90.0,-0.4,70.0,20.5,44.6,43.9,8.0,2.0,-0.048,-0.1,0.042,-0.022,true,nationality (proxy),sa,,
41224,tkzin,Americas,31,651,37.3,90.0,-1.3,85.0,28.9,27.7,43.9,12.2,3.6,-0.048,-0.073,0.005,0.027,false,contract database,br,LOUD,2026
11737,Xan,Pacific,17,352,25.4,60.0,2.7,67.5,13.3,86.7,43.3,2.2,1.9,-0.055,-0.031,0.021,0.046,true,nationality (proxy),my,,
7716,penny,Americas,23,503,25.6,70.0,1.7,65.0,14.5,73.5,43.1,-0.1,3.5,-0.086,-0.085,-0.078,0.029,false,nationality (proxy),ca,,
3722,koalanoob,"Americas,International",63,1310,35.1,70.0,0.1,92.5,25.3,48.2,42.2,1.5,1.8,-0.039,-0.039,-0.012,-0.013,false,contract database,ca,FURIA,2027
63107,ra1ny,China,20,433,41.4,70.0,-1.3,70.0,36.1,26.5,42.2,24.2,-0.1,-0.023,-0.079,0.063,0.053,true,nationality (proxy),cn,,
8376,seven,EMEA,38,797,21.8,70.0,1.6,95.0,9.6,72.3,40.4,6.4,3.0,-0.069,-0.11,-0.007,0.062,false,nationality (proxy),mx,,
12793,xeus,"EMEA,International",73,1581,36.7,40.0,1.0,100.0,27.7,62.7,39.5,8.2,2.1,-0.069,-0.013,-0.015,0.007,true,nationality (proxy),tr,,
50025,Setrod,China,41,841,47.5,60.0,-5.1,92.5,44.6,7.2,39.1,4.3,4.7,-0.037,0.008,-0.05,0.071,true,nationality (proxy),tw,,
573,cNed,EMEA,20,430,17.3,90.0,0.7,75.0,4.8,54.2,38.5,-12.6,-1.4,-0.07,-0.086,-0.017,-0.009,true,nationality (proxy),tr,,
18400,bipo,"EMEA,International",55,1187,20.7,100.0,-0.9,72.5,8.4,34.9,38.0,-11.4,1.9,-0.082,-0.079,-0.041,0.001,true,nationality (proxy),it,,
37532,Zexy,Pacific,40,908,30.2,100.0,-2.8,100.0,18.1,15.7,38.0,1.0,0.0,-0.03,-0.023,-0.006,0.048,true,nationality (proxy),kr,,
11527,NoMan,"China,International",87,1787,23.3,100.0,-1.3,95.0,12.0,25.3,37.3,-9.0,2.3,-0.071,-0.053,-0.068,0.058,true,nationality (proxy),hk,,
10160,Izzy,EMEA,27,584,43.3,60.0,-4.5,70.0,37.3,8.4,35.8,-2.2,3.6,-0.03,-0.036,-0.069,0.007,true,nationality (proxy),tr,,
41135,Dantedeu5,Americas,40,814,23.1,60.0,0.6,87.5,10.8,53.0,33.7,-9.8,2.6,-0.056,-0.088,0.007,-0.007,false,contract database,ar,KRÜ VISA,2028
51099,ZynX,Pacific,18,405,12.4,30.0,8.2,75.0,2.4,100.0,33.7,1.7,0.1,-0.08,-0.052,0.019,0.099,true,nationality (proxy),kr,,
25017,Ash,Pacific,41,931,31.3,60.0,-1.0,95.0,20.5,32.5,33.4,-2.3,4.8,-0.073,-0.044,-0.048,0.021,true,nationality (proxy),kr,,
3983,Virtyy,Americas,22,457,18.8,60.0,0.8,72.5,6.0,60.2,33.1,-12.3,0.5,-0.064,-0.086,0.013,-0.018,false,nationality (proxy),do,,
39697,cb,"China,International",47,975,34.1,60.0,-5.3,97.5,22.9,6.0,28.0,1.9,3.3,-0.087,-0.059,-0.072,-0.032,true,nationality (proxy),cn,,
34776,Absol,Pacific,43,910,27.8,60.0,-2.9,92.5,15.7,14.5,26.4,9.4,0.9,-0.049,-0.054,-0.007,0.063,true,nationality (proxy),jp,,
64029,FT,China,27,591,9.6,30.0,1.6,82.5,0.0,71.1,25.3,-13.1,-0.4,-0.107,-0.068,-0.038,0.082,true,nationality (proxy),cn,,
41798,nightz,Americas,21,429,49.6,0.0,-8.1,82.5,48.2,1.2,24.4,12.7,4.4,-0.086,0.026,-0.006,0.003,false,contract database,us,ENVY,2027
46040,Youze,China,15,293,12.3,60.0,-2.1,72.5,1.2,21.7,21.0,-17.3,-3.3,-0.073,-0.116,0.016,-0.022,true,nationality (proxy),tw,,
35302,Eggsterr,Americas,25,535,16.1,0.0,-6.4,80.0,3.6,4.8,3.0,-14.9,2.3,-0.075,-0.039,-0.003,0.045,false,contract database,us,ENVY,2027
