player_id,player_name,regions,country,maps_played,rounds_played,adr,adr_maps,kast_pct,fkpr,fdpr,fk_fd_per_round,opening_win_pct,dpr,cv_adr_2026,composite,composite_band,fit_score,fit_band,pct_performance,agent_overlap_pct,pct_map_fit,map_adr_delta,map_coverage_pct,fit_pts_performance,fit_pts_agent_overlap,fit_pts_map_fit,is_import_for_sen,import_source,contract_team,contract_end_year,years_left,contract_match,upfront_base,break_even_base,cost_group,is_baseline,is_shortlist
6672,Meiy,Pacific,jp,55,1182,153.0,53,73.1,0.174,0.131,0.043,0.571,0.738,0.28,80.1,Top 10 of 84,94.9,Top 10 of 84,95.2,100.0,89.2,3.0,100.0,47.6,25.0,22.3,true,nationality (proxy),DETONATION FOCUSME,2027,1,matched,300000,32.2,"Under contract, 1 year left · needs the import slot",false,true
45492,swagzor,China,ru,33,701,154.0,27,71.0,0.211,0.188,0.023,0.529,0.779,0.262,73.6,Top 25 of 84,88.6,Top 10 of 84,88.0,100.0,78.3,2.0,90.0,44.0,25.0,19.6,true,nationality (proxy),NOVA ESPORTS,2027,1,matched,300000,32.2,"Under contract, 1 year left · needs the import slot",false,true
5022,Derke,"EMEA,International",fi,71,1488,147.4,71,71.7,0.17,0.144,0.026,0.541,0.714,0.314,72.1,Top 25 of 84,85.8,Top 10 of 84,83.1,100.0,77.1,2.0,100.0,41.6,25.0,19.3,true,nationality (proxy),TEAM VITALITY,2026,0,matched,150000,23.8,Free agent · needs the import slot,false,true
3520,ZmjjKK,"China,International",cn,85,1763,152.5,77,70.3,0.194,0.165,0.029,0.54,0.74,0.252,76.2,Top 10 of 84,83.7,Top 10 of 84,92.8,100.0,49.4,0.1,100.0,46.4,25.0,12.4,true,nationality (proxy),EDWARD GAMING,2026,0,matched,150000,23.8,Free agent · needs the import slot,false,true
25255,primmie,"International,Pacific",th,62,1273,161.4,62,73.3,0.165,0.126,0.039,0.568,0.694,0.255,86.1,Top 10 of 84,80.4,Top 10 of 84,100.0,30.0,91.6,3.6,100.0,50.0,7.5,22.9,true,nationality (proxy),FULL SENSE,2026,0,matched,150000,23.8,Free agent · needs the import slot,false,true
804,BuZz,"International,Pacific",kr,69,1476,144.6,69,72.0,0.151,0.13,0.021,0.537,0.717,0.25,70.4,Top 25 of 84,79.5,Top 10 of 84,80.7,100.0,56.6,0.7,90.0,40.4,25.0,14.2,true,nationality (proxy),T1,2026,0,matched,150000,23.8,Free agent · needs the import slot,false,true
8873,dgzin,Americas,br,45,967,147.6,45,68.5,0.193,0.161,0.032,0.545,0.743,0.283,69.5,Top 25 of 84,79.4,Top 10 of 84,79.5,90.0,68.7,1.5,100.0,39.8,22.5,17.2,false,contract database,EVIL GENIUSES,2027,1,matched,150000,23.8,"Under contract, 1 year left · resident",false,true
18796,OXY,Americas,us,43,900,153.8,43,69.9,0.202,0.188,0.014,0.519,0.761,0.297,66.2,Top 25 of 84,78.9,Top 10 of 84,73.5,70.0,98.8,8.2,90.0,36.8,17.5,24.7,false,contract database,CLOUD9,2028,2,matched,300000,32.2,"Under contract, 2 years left · resident",false,true
21328,Wo0t,"EMEA,International",tr,69,1436,140.1,69,72.6,0.15,0.127,0.023,0.542,0.71,0.272,67.1,Top 25 of 84,78.3,Top 10 of 84,74.7,70.0,94.0,4.2,100.0,37.4,17.5,23.5,true,nationality (proxy),TEAM HERETICS,2026,0,matched,150000,23.8,Free agent · needs the import slot,false,true
29893,Timotino,Americas,ca,62,1329,144.0,62,68.8,0.196,0.182,0.014,0.518,0.742,0.217,68.0,Top 25 of 84,78.3,Top 10 of 84,75.9,100.0,61.4,0.8,100.0,38.0,25.0,15.4,false,contract database,100 THIEVES,2027,1,matched,150000,23.8,"Under contract, 1 year left · resident",false,true
8480,aspas,Americas,br,56,1173,142.4,56,72.4,0.145,0.121,0.024,0.545,0.681,0.25,72.9,Top 25 of 84,78.0,Top 25 of 84,86.7,100.0,38.6,-0.8,97.5,43.4,25.0,9.7,false,contract database,MIBR,2027,1,matched,150000,23.8,"Under contract, 1 year left · resident",false,false
4885,whzy,China,cn,60,1284,148.5,52,71.3,0.165,0.144,0.021,0.534,0.734,0.249,72.5,Top 25 of 84,77.1,Top 25 of 84,85.5,100.0,37.3,-0.8,95.0,42.8,25.0,9.3,true,nationality (proxy),BILIBILI GAMING,2026,0,matched,150000,23.8,Free agent · needs the import slot,false,false
4428,UdoTan,"International,Pacific",kr,75,1613,141.0,75,71.7,0.143,0.133,0.01,0.518,0.722,0.219,64.4,Top 25 of 84,76.8,Top 25 of 84,71.1,100.0,65.1,1.2,100.0,35.6,25.0,16.3,true,nationality (proxy),GLOBAL ESPORTS,2027,1,matched,300000,32.2,"Under contract, 1 year left · needs the import slot",false,false
21216,f4ngeer,"China,International",ru,76,1596,145.6,65,69.4,0.184,0.146,0.038,0.558,0.697,0.275,74.8,Top 10 of 84,76.7,Top 25 of 84,90.4,90.0,36.1,-0.9,100.0,45.2,22.5,9.0,true,nationality (proxy),ALL GAMERS,2027,1,matched,300000,32.2,"Under contract, 1 year left · needs the import slot",false,false
18350,MiniBoo,"EMEA,International",lt,45,969,141.3,45,70.8,0.18,0.165,0.015,0.521,0.719,0.239,70.7,Top 25 of 84,75.9,Top 25 of 84,81.9,100.0,39.8,-0.6,87.5,41.0,25.0,10.0,true,nationality (proxy),TEAM LIQUID,2027,1,matched,300000,32.2,"Under contract, 1 year left · needs the import slot",false,false
9196,t3xture,Pacific,kr,43,969,146.9,43,70.5,0.184,0.151,0.033,0.549,0.724,0.197,80.4,Top 10 of 84,74.7,Top 25 of 84,97.6,70.0,33.7,-1.0,95.0,48.8,17.5,8.4,true,nationality (proxy),GEN.G,2027,1,matched,300000,32.2,"Under contract, 1 year left · needs the import slot",false,false
36685,splash,China,id,71,1508,157.9,63,72.1,0.171,0.154,0.017,0.526,0.745,0.256,74.6,Top 10 of 84,74.1,Top 25 of 84,89.2,100.0,18.1,-2.5,100.0,44.6,25.0,4.5,true,nationality (proxy),TYLOO GAMING,2028,2,matched,450000,40.6,"Under contract, 2 years left · needs the import slot",false,false
24895,Jemkin,Pacific,ru,53,1159,138.6,53,71.4,0.166,0.132,0.034,0.557,0.664,0.24,75.2,Top 10 of 84,73.5,Top 25 of 84,91.6,100.0,10.8,-3.9,100.0,45.8,25.0,2.7,true,nationality (proxy),REX REGUM QEON,2027,1,matched,300000,32.2,"Under contract, 1 year left · needs the import slot",false,false
21661,spike,"Americas,International",br,79,1608,140.8,79,72.3,0.165,0.144,0.021,0.535,0.741,0.28,66.0,Top 25 of 84,73.1,Top 25 of 84,72.3,90.0,57.8,0.7,100.0,36.2,22.5,14.5,false,contract database,LEVIATAN,2027,1,matched,150000,23.8,"Under contract, 1 year left · resident",false,false
37494,Kai,China,cn,63,1359,138.4,52,69.2,0.162,0.144,0.018,0.528,0.75,0.276,52.8,Top half of 84,71.7,Top 25 of 84,55.4,100.0,75.9,2.0,100.0,27.7,25.0,19.0,true,nationality (proxy),TRACE ESPORTS,2027,1,matched,300000,32.2,"Under contract, 1 year left · needs the import slot",false,false
5132,mada,"Americas,International",ca,87,1835,132.1,87,70.6,0.18,0.171,0.009,0.514,0.714,0.232,60.8,Top half of 84,70.8,Top 25 of 84,63.9,100.0,55.4,0.7,100.0,32.0,25.0,13.9,false,contract database,NRG,2027,1,matched,150000,23.8,"Under contract, 1 year left · resident",false,false
20144,LewN,EMEA,tr,45,959,144.6,45,70.7,0.165,0.144,0.021,0.534,0.721,0.306,64.2,Top half of 84,69.2,Top 25 of 84,69.9,90.0,47.0,-0.1,100.0,35.0,22.5,11.8,true,nationality (proxy),KARMINE CORP,2027,1,matched,300000,32.2,"Under contract, 1 year left · needs the import slot",false,false
54487,Xlele,China,cn,40,844,131.5,35,71.1,0.123,0.116,0.007,0.514,0.736,0.246,45.2,Bottom half of 84,68.7,Top 25 of 84,42.2,100.0,90.4,3.1,90.0,21.1,25.0,22.6,true,nationality (proxy),FUNPLUS PHOENIX,2028,2,matched,450000,40.6,"Under contract, 2 years left · needs the import slot",false,false
17086,something,"International,Pacific",ru,101,2155,137.2,99,71.2,0.14,0.119,0.021,0.54,0.645,0.27,61.2,Top half of 84,68.0,Top 25 of 84,65.1,90.0,51.8,0.5,100.0,32.6,22.5,13.0,true,nationality (proxy),PAPER REX,2026,0,matched,150000,23.8,Free agent · needs the import slot,false,false
10307,marteen,"EMEA,International",cz,59,1274,160.4,59,74.5,0.143,0.115,0.028,0.553,0.691,0.255,80.2,Top 10 of 84,67.3,Top 25 of 84,96.4,10.0,66.3,1.2,80.0,48.2,2.5,16.6,true,nationality (proxy),Gentle Mates,2026,0,matched,150000,23.8,Free agent · needs the import slot,false,false
4004,zekken,Americas,us,56,1173,136.6,56,72.3,0.134,0.128,0.006,0.511,0.715,0.249,55.1,Top half of 84,67.1,Top half of 84,57.8,60.0,92.8,3.8,97.5,28.9,15.0,23.2,false,contract database,MIBR,2027,1,matched,150000,23.8,"Under contract, 1 year left · resident",false,false
40591,ComeBack,EMEA,tr,24,503,133.9,24,66.8,0.177,0.135,0.042,0.567,0.746,0.299,52.1,Top half of 84,66.5,Top half of 84,54.2,60.0,97.6,7.5,77.5,27.1,15.0,24.4,true,nationality (proxy),,,2,not found,450000,40.6,Contract unknown (2 years assumed) · needs the import slot,false,false
7378,Jinggg,"International,Pacific",sg,101,2155,145.0,99,74.1,0.123,0.104,0.019,0.541,0.695,0.264,68.0,Top 25 of 84,66.3,Top half of 84,75.9,100.0,13.3,-3.3,100.0,38.0,25.0,3.3,true,nationality (proxy),PAPER REX,2026,0,matched,150000,23.8,Free agent · needs the import slot,false,false
28400,HYUNMIN,Pacific,kr,61,1298,150.4,61,71.9,0.116,0.119,-0.003,0.492,0.731,0.291,51.2,Top half of 84,66.3,Top half of 84,53.0,100.0,59.0,0.7,100.0,26.5,25.0,14.8,true,nationality (proxy),DRX,2028,2,matched,450000,40.6,"Under contract, 2 years left · needs the import slot",false,false
39357,s0pp,"EMEA,International",tr,65,1394,145.4,65,71.3,0.2,0.151,0.049,0.571,0.751,0.254,78.0,Top 10 of 84,66.2,Top half of 84,94.0,60.0,16.9,-2.7,92.5,47.0,15.0,4.2,true,nationality (proxy),FUT ESPORTS,2026,0,matched,150000,23.8,Free agent · needs the import slot,false,false
49476,zhe,China,cn,73,1521,139.0,61,72.8,0.148,0.147,0.001,0.501,0.703,0.264,59.3,Top half of 84,66.2,Top half of 84,61.4,60.0,81.9,2.4,100.0,30.7,15.0,20.5,true,nationality (proxy),JDG ESPORTS,2028,2,matched,450000,40.6,"Under contract, 2 years left · needs the import slot",false,false
31305,Lar0k,"EMEA,International",tr,53,1136,135.4,53,70.1,0.125,0.119,0.006,0.513,0.717,0.342,41.0,Bottom half of 84,65.7,Top half of 84,33.7,100.0,95.2,5.2,95.0,16.9,25.0,23.8,true,nationality (proxy),BBL ESPORTS,2027,1,matched,300000,32.2,"Under contract, 1 year left · needs the import slot",false,false
14681,kamo,"EMEA,International",pl,72,1528,147.9,72,73.3,0.123,0.111,0.012,0.525,0.707,0.307,62.1,Top half of 84,64.5,Top half of 84,66.3,40.0,85.5,2.7,100.0,33.2,10.0,21.4,true,nationality (proxy),TEAM LIQUID,2027,1,matched,300000,32.2,"Under contract, 1 year left · needs the import slot",false,false
58496,Kachoww,EMEA,tr,16,352,167.0,16,75.6,0.182,0.116,0.066,0.61,0.73,0.285,85.7,Top 10 of 84,64.4,Top half of 84,98.8,60.0,0.0,-9.8,65.0,49.4,15.0,0.0,true,nationality (proxy),,,2,not found,450000,40.6,Contract unknown (2 years assumed) · needs the import slot,false,false
2462,keznit,Americas,cl,46,964,133.8,46,69.1,0.161,0.151,0.01,0.515,0.765,0.301,41.1,Bottom half of 84,62.3,Top half of 84,34.9,100.0,79.5,2.1,100.0,17.5,25.0,19.9,false,contract database,ENVY,2027,1,matched,150000,23.8,"Under contract, 1 year left · resident",false,false
34057,Jerrwin,Americas,in,30,658,127.0,30,65.8,0.191,0.179,0.012,0.516,0.766,0.244,43.6,Bottom half of 84,61.7,Top half of 84,39.8,100.0,67.5,1.5,90.0,19.9,25.0,16.9,false,contract database,SENTINELS,2028,2,matched,300000,32.2,"Under contract, 2 years left · resident",true,false
3993,jawgemo,"Americas,International",kh,92,1941,134.9,92,69.5,0.148,0.167,-0.019,0.47,0.753,0.272,38.4,Bottom half of 84,60.2,Top half of 84,30.1,100.0,80.7,2.1,100.0,15.1,25.0,20.2,false,contract database,G2,2026,0,matched,0,15.5,Free agent · resident,false,false
46135,Zeus,Pacific,ph,23,485,147.5,23,73.9,0.19,0.204,-0.014,0.482,0.769,0.292,63.4,Top half of 84,60.2,Top half of 84,68.7,60.0,43.4,-0.5,87.5,34.4,15.0,10.9,true,nationality (proxy),,,2,ambiguous,450000,40.6,Contract unknown (2 years assumed) · needs the import slot,false,false
23365,koshmaras,"EMEA,International",lt,52,1085,135.0,52,71.6,0.155,0.155,0.0,0.5,0.745,0.272,49.5,Bottom half of 84,59.6,Top half of 84,47.0,60.0,84.3,2.5,92.5,23.5,15.0,21.1,true,nationality (proxy),TEAM HERETICS,2028,2,matched,450000,40.6,"Under contract, 2 years left · needs the import slot",false,false
9554,kaajak,EMEA,pl,55,1236,137.7,55,66.8,0.163,0.166,-0.003,0.495,0.726,0.25,49.0,Bottom half of 84,59.3,Top half of 84,45.8,100.0,45.8,-0.2,97.5,22.9,25.0,11.5,true,nationality (proxy),FNATIC,2028,2,matched,450000,40.6,"Under contract, 2 years left · needs the import slot",false,false
40935,lovers rock,"EMEA,International",tr,53,1136,140.3,53,70.9,0.175,0.117,0.058,0.599,0.7,0.287,72.4,Top 25 of 84,57.8,Top half of 84,84.3,60.0,2.4,-6.8,95.0,42.2,15.0,0.6,true,nationality (proxy),BBL ESPORTS,2027,1,matched,300000,32.2,"Under contract, 1 year left · needs the import slot",false,false
55681,kozzy,EMEA,ro,15,322,162.0,15,69.5,0.155,0.143,0.012,0.521,0.742,0.227,68.4,Top 25 of 84,57.6,Top half of 84,78.3,70.0,3.6,-6.4,52.5,39.2,17.5,0.9,true,nationality (proxy),,,2,not found,450000,40.6,Contract unknown (2 years assumed) · needs the import slot,false,false
16924,stew,China,kr,39,795,133.4,33,72.9,0.109,0.097,0.012,0.529,0.735,0.242,49.9,Top half of 84,57.5,Bottom half of 84,50.6,100.0,28.9,-1.3,80.0,25.3,25.0,7.2,true,nationality (proxy),EDWARD GAMING,2027,1,matched,300000,32.2,"Under contract, 1 year left · needs the import slot",false,false
49973,glacier,China,tw,36,772,136.4,30,67.8,0.19,0.218,-0.028,0.465,0.797,0.222,46.9,Bottom half of 84,56.9,Bottom half of 84,43.4,100.0,41.0,-0.5,92.5,21.7,25.0,10.3,true,nationality (proxy),WOLVES ESPORTS,2026,0,matched,150000,23.8,Free agent · needs the import slot,false,false
22047,Rarga,"China,International",ru,89,1834,137.1,79,70.9,0.167,0.146,0.021,0.532,0.733,0.284,59.9,Top half of 84,56.2,Bottom half of 84,62.7,90.0,9.6,-4.1,95.0,31.4,22.5,2.4,true,nationality (proxy),XI LAI GAMING,2027,1,matched,300000,32.2,"Under contract, 1 year left · needs the import slot",false,false
41720,Favian,EMEA,tr,49,1043,143.2,49,68.3,0.117,0.12,-0.003,0.494,0.75,0.24,43.8,Bottom half of 84,56.0,Bottom half of 84,41.0,100.0,42.2,-0.5,100.0,20.5,25.0,10.6,true,nationality (proxy),Eternal Fire,2026,0,matched,150000,23.8,Free agent · needs the import slot,false,false
31827,Dambi,"International,Pacific",kr,71,1517,140.5,71,70.1,0.143,0.149,-0.006,0.49,0.73,0.236,54.3,Top half of 84,55.6,Bottom half of 84,56.6,90.0,19.3,-2.4,100.0,28.3,22.5,4.8,true,nationality (proxy),NongShim RedForce,2026,0,matched,150000,23.8,Free agent · needs the import slot,false,false
4544,Filu,EMEA,pl,25,542,130.5,25,67.9,0.122,0.135,-0.013,0.475,0.708,0.247,34.8,Bottom half of 84,53.6,Bottom half of 84,24.1,70.0,96.4,5.3,75.0,12.1,17.5,24.1,true,nationality (proxy),,,2,not found,450000,40.6,Contract unknown (2 years assumed) · needs the import slot,false,false
31753,SpiritZ1,"China,International",tw,73,1530,141.8,64,68.1,0.158,0.144,0.014,0.523,0.775,0.215,56.6,Top half of 84,53.0,Bottom half of 84,59.0,30.0,63.9,1.1,100.0,29.5,7.5,16.0,true,nationality (proxy),DRAGON RANGER GAMING,2027,1,matched,300000,32.2,"Under contract, 1 year left · needs the import slot",false,false
3028,Life,"China,International",cn,66,1380,130.0,55,67.9,0.161,0.172,-0.011,0.484,0.764,0.313,31.0,Bottom half of 84,52.9,Bottom half of 84,19.3,90.0,83.1,2.4,92.5,9.7,22.5,20.8,true,nationality (proxy),DRAGON RANGER GAMING,2027,1,matched,300000,32.2,"Under contract, 1 year left · needs the import slot",false,false
31828,Francis,"International,Pacific",kr,71,1517,140.0,71,71.3,0.138,0.137,0.001,0.501,0.734,0.282,49.8,Bottom half of 84,52.3,Bottom half of 84,49.4,60.0,50.6,0.2,100.0,24.7,15.0,12.7,true,nationality (proxy),NongShim RedForce,2026,0,matched,150000,23.8,Free agent · needs the import slot,false,false
11332,ara,EMEA,ro,42,889,131.7,42,67.6,0.16,0.159,0.001,0.502,0.723,0.256,43.4,Bottom half of 84,52.1,Bottom half of 84,38.6,100.0,31.3,-1.0,92.5,19.3,25.0,7.8,true,nationality (proxy),GiantX,2026,0,matched,150000,23.8,Free agent · needs the import slot,false,false
21659,Sato,"Americas,International",br,79,1608,145.9,79,73.1,0.125,0.118,0.007,0.515,0.695,0.272,62.6,Top half of 84,49.5,Bottom half of 84,67.5,40.0,22.9,-1.8,100.0,33.8,10.0,5.7,false,contract database,LEVIATAN,2026,0,matched,0,15.5,Free agent · resident,false,false
13788,JitBoyS,"International,Pacific",th,62,1273,130.1,62,69.5,0.139,0.146,-0.007,0.488,0.722,0.308,35.4,Bottom half of 84,49.4,Bottom half of 84,26.5,70.0,74.7,1.9,100.0,13.3,17.5,18.7,true,nationality (proxy),FULL SENSE,2026,0,matched,150000,23.8,Free agent · needs the import slot,false,false
52904,Akeman,China,cn,19,403,125.1,19,66.2,0.171,0.194,-0.023,0.469,0.789,0.274,29.2,Bottom half of 84,48.4,Bottom half of 84,16.9,90.0,69.9,1.6,70.0,8.5,22.5,17.5,true,nationality (proxy),,,2,not found,450000,40.6,Contract unknown (2 years assumed) · needs the import slot,false,false
4881,Spitfires,China,cn,30,670,128.7,27,67.3,0.13,0.153,-0.023,0.459,0.757,0.311,20.2,Bottom half of 84,48.1,Bottom half of 84,7.2,90.0,88.0,2.9,92.5,3.6,22.5,22.0,true,nationality (proxy),TITAN ESPORTS CLUB,2027,1,matched,300000,32.2,"Under contract, 1 year left · needs the import slot",false,false
5564,DeadInk,EMEA,tr,16,352,117.6,16,70.8,0.151,0.074,0.077,0.671,0.639,0.248,58.5,Top half of 84,47.7,Bottom half of 84,60.2,40.0,30.1,-1.1,65.0,30.1,10.0,7.5,true,nationality (proxy),,,2,not found,450000,40.6,Contract unknown (2 years assumed) · needs the import slot,false,false
42235,Dynamite,China,cn,62,1358,135.7,52,69.7,0.13,0.156,-0.026,0.455,0.745,0.24,38.7,Bottom half of 84,45.8,Bottom half of 84,31.3,100.0,20.5,-2.3,100.0,15.7,25.0,5.1,true,nationality (proxy),TITAN ESPORTS CLUB,2027,1,matched,300000,32.2,"Under contract, 1 year left · needs the import slot",false,false
48025,alym,"Americas,International",kg,37,747,127.2,37,67.9,0.169,0.185,-0.016,0.477,0.744,0.257,38.7,Bottom half of 84,44.2,Bottom half of 84,31.3,90.0,24.1,-1.7,72.5,15.7,22.5,6.0,true,nationality (proxy),,,2,not found,450000,40.6,Contract unknown (2 years assumed) · needs the import slot,false,false
10338,Lime,EMEA,gb,15,322,123.4,15,71.1,0.14,0.121,0.019,0.536,0.733,0.228,50.1,Top half of 84,43.9,Bottom half of 84,51.8,60.0,12.0,-3.4,52.5,25.9,15.0,3.0,true,nationality (proxy),,,2,not found,450000,40.6,Contract unknown (2 years assumed) · needs the import slot,false,false
11917,ExiT,EMEA,sa,18,400,135.0,18,67.8,0.143,0.2,-0.057,0.416,0.808,0.222,31.3,Bottom half of 84,43.9,Bottom half of 84,20.5,90.0,44.6,-0.4,70.0,10.3,22.5,11.2,true,nationality (proxy),,,2,not found,450000,40.6,Contract unknown (2 years assumed) · needs the import slot,false,false
41224,tkzin,Americas,br,31,651,139.2,31,69.4,0.143,0.18,-0.037,0.443,0.771,0.271,37.3,Bottom half of 84,43.9,Bottom half of 84,28.9,90.0,27.7,-1.3,85.0,14.5,22.5,6.9,false,contract database,LOUD,2026,0,matched,0,15.5,Free agent · resident,false,false
11737,Xan,Pacific,my,17,352,129.2,17,67.7,0.136,0.145,-0.009,0.485,0.787,0.29,25.4,Bottom half of 84,43.3,Bottom half of 84,13.3,60.0,86.7,2.7,67.5,6.7,15.0,21.7,true,nationality (proxy),REX REGUM QEON,2027,1,matched,300000,32.2,"Under contract, 1 year left · needs the import slot",false,false
7716,penny,Americas,ca,23,503,126.9,23,69.3,0.105,0.139,-0.034,0.431,0.688,0.273,25.6,Bottom half of 84,43.1,Bottom half of 84,14.5,70.0,73.5,1.7,65.0,7.3,17.5,18.4,false,nationality (proxy),,,2,not found,300000,32.2,Contract unknown (2 years assumed) · resident,false,false
3722,koalanoob,"Americas,International",ca,63,1310,128.5,63,67.6,0.152,0.166,-0.014,0.477,0.754,0.231,35.1,Bottom half of 84,42.2,Bottom half of 84,25.3,70.0,48.2,0.1,92.5,12.7,17.5,12.1,false,contract database,FURIA,2027,1,matched,150000,23.8,"Under contract, 1 year left · resident",false,false
63107,ra1ny,China,cn,20,433,151.2,16,65.7,0.168,0.217,-0.049,0.437,0.829,0.297,41.4,Bottom half of 84,42.2,Bottom half of 84,36.1,70.0,26.5,-1.3,70.0,18.1,17.5,6.6,true,nationality (proxy),,,2,ambiguous,450000,40.6,Contract unknown (2 years assumed) · needs the import slot,false,false
8376,seven,EMEA,mx,38,797,133.4,38,68.8,0.122,0.178,-0.056,0.406,0.759,0.306,21.8,Bottom half of 84,40.4,Bottom half of 84,9.6,70.0,72.3,1.6,95.0,4.8,17.5,18.1,false,nationality (proxy),PCIFIC,2026,0,matched,0,15.5,Free agent · resident,false,false
12793,xeus,"EMEA,International",tr,73,1581,135.2,73,67.9,0.122,0.121,0.001,0.503,0.751,0.251,36.7,Bottom half of 84,39.5,Bottom half of 84,27.7,40.0,62.7,1.0,100.0,13.9,10.0,15.7,true,nationality (proxy),FUT ESPORTS,2026,0,matched,150000,23.8,Free agent · needs the import slot,false,false
50025,Setrod,China,tw,41,841,131.3,35,70.5,0.154,0.14,0.014,0.524,0.716,0.315,47.5,Bottom half of 84,39.1,Bottom half of 84,44.6,60.0,7.2,-5.1,92.5,22.3,15.0,1.8,true,nationality (proxy),FUNPLUS PHOENIX,2028,2,matched,450000,40.6,"Under contract, 2 years left · needs the import slot",false,false
573,cNed,EMEA,tr,20,430,114.4,20,64.4,0.121,0.16,-0.039,0.43,0.749,0.235,17.3,Bottom half of 84,38.5,Bottom half of 84,4.8,90.0,54.2,0.7,75.0,2.4,22.5,13.6,true,nationality (proxy),,,2,not found,450000,40.6,Contract unknown (2 years assumed) · needs the import slot,false,false
18400,bipo,"EMEA,International",it,55,1187,115.6,55,67.7,0.109,0.14,-0.031,0.437,0.725,0.245,20.7,Bottom half of 84,38.0,Bottom half of 84,8.4,100.0,34.9,-0.9,72.5,4.2,25.0,8.7,true,nationality (proxy),Gentle Mates,2026,0,matched,150000,23.8,Free agent · needs the import slot,false,false
37532,Zexy,Pacific,kr,40,908,128.0,40,65.8,0.161,0.165,-0.004,0.493,0.76,0.292,30.2,Bottom half of 84,38.0,Bottom half of 84,18.1,100.0,15.7,-2.8,100.0,9.1,25.0,3.9,true,nationality (proxy),VARREL,2027,1,matched,300000,32.2,"Under contract, 1 year left · needs the import slot",false,false
11527,NoMan,"China,International",hk,87,1787,118.0,79,68.1,0.12,0.139,-0.019,0.463,0.698,0.302,23.3,Bottom half of 84,37.3,Bottom half of 84,12.0,100.0,25.3,-1.3,95.0,6.0,25.0,6.3,true,nationality (proxy),XI LAI GAMING,2027,1,matched,300000,32.2,"Under contract, 1 year left · needs the import slot",false,false
10160,Izzy,EMEA,tr,27,584,124.8,27,69.4,0.161,0.175,-0.014,0.48,0.697,0.251,43.3,Bottom half of 84,35.8,Bottom half of 84,37.3,60.0,8.4,-4.5,70.0,18.7,15.0,2.1,true,nationality (proxy),Eternal Fire,2026,0,matched,150000,23.8,Free agent · needs the import slot,false,false
41135,Dantedeu5,Americas,ar,40,814,117.2,40,68.4,0.135,0.181,-0.046,0.428,0.773,0.237,23.1,Bottom half of 84,33.7,Bottom half of 84,10.8,60.0,53.0,0.6,87.5,5.4,15.0,13.3,false,contract database,KRÜ VISA,2028,2,matched,300000,32.2,"Under contract, 2 years left · resident",false,false
51099,ZynX,Pacific,kr,18,405,128.7,18,65.9,0.111,0.128,-0.017,0.464,0.785,0.343,12.4,Bottom half of 84,33.7,Bottom half of 84,2.4,30.0,100.0,8.2,75.0,1.2,7.5,25.0,true,nationality (proxy),,,2,not found,450000,40.6,Contract unknown (2 years assumed) · needs the import slot,false,false
25017,Ash,Pacific,kr,41,931,124.7,41,70.6,0.118,0.132,-0.014,0.472,0.718,0.265,31.3,Bottom half of 84,33.4,Bottom half of 84,20.5,60.0,32.5,-1.0,95.0,10.3,15.0,8.1,true,nationality (proxy),GEN.G,2026,0,matched,150000,23.8,Free agent · needs the import slot,false,false
3983,Virtyy,Americas,do,22,457,114.7,22,66.3,0.127,0.168,-0.041,0.43,0.779,0.226,18.8,Bottom half of 84,33.1,Bottom half of 84,6.0,60.0,60.2,0.8,72.5,3.0,15.0,15.1,false,nationality (proxy),,,2,not found,300000,32.2,Contract unknown (2 years assumed) · resident,false,false
39697,cb,"China,International",cn,47,975,128.9,38,69.1,0.104,0.123,-0.019,0.457,0.694,0.212,34.1,Bottom half of 84,28.0,Bottom half of 84,22.9,60.0,6.0,-5.3,97.5,11.5,15.0,1.5,true,nationality (proxy),NOVA ESPORTS,2026,0,matched,150000,23.8,Free agent · needs the import slot,false,false
34776,Absol,Pacific,jp,43,910,136.4,43,66.7,0.142,0.165,-0.023,0.462,0.759,0.307,27.8,Bottom half of 84,26.4,Bottom half of 84,15.7,60.0,14.5,-2.9,92.5,7.9,15.0,3.6,true,nationality (proxy),ZETA DIVISION,2027,1,matched,300000,32.2,"Under contract, 1 year left · needs the import slot",false,false
64029,FT,China,cn,27,591,113.9,19,65.4,0.084,0.103,-0.019,0.448,0.728,0.326,9.6,Bottom half of 84,25.3,Bottom half of 84,0.0,30.0,71.1,1.6,82.5,0.0,7.5,17.8,true,nationality (proxy),BILIBILI GAMING,2029,3,matched,600000,49.0,"Under contract, 3 years left · needs the import slot",false,false
41798,nightz,Americas,us,21,429,139.7,21,70.2,0.105,0.089,0.016,0.542,0.76,0.247,49.6,Bottom half of 84,24.4,Bottom half of 84,48.2,0.0,1.2,-8.1,82.5,24.1,0.0,0.3,false,contract database,ENVY,2027,1,matched,150000,23.8,"Under contract, 1 year left · resident",false,false
46040,Youze,China,tw,15,293,109.7,13,62.5,0.118,0.176,-0.058,0.4,0.782,0.222,12.3,Bottom half of 84,21.0,Bottom half of 84,1.2,60.0,21.7,-2.1,72.5,0.6,15.0,5.4,true,nationality (proxy),,,2,not found,450000,40.6,Contract unknown (2 years assumed) · needs the import slot,false,false
35302,Eggsterr,Americas,us,25,535,112.1,25,68.1,0.116,0.127,-0.011,0.477,0.763,0.289,16.1,Bottom half of 84,3.0,Bottom half of 84,3.6,0.0,4.8,-6.4,80.0,1.8,0.0,1.2,false,contract database,ENVY,2027,1,matched,150000,23.8,"Under contract, 1 year left · resident",false,false
