player_id,player_name,fit_band,is_shortlist,is_baseline,map_name,sen_games,sen_win_pct,sen_rounds,adr,adr_maps,adr_rounds,pool_adr,adr_vs_pool,low_sample
6672,Meiy,Top 10 of 84,true,false,Breeze,8,50.0,172,147.9,5,102,138.9,9.0,false
6672,Meiy,Top 10 of 84,true,false,Haven,6,50.0,129,155.8,8,188,138.3,17.6,false
6672,Meiy,Top 10 of 84,true,false,Split,6,33.3,145,178.6,8,160,138.8,39.8,false
6672,Meiy,Top 10 of 84,true,false,Lotus,5,40.0,116,158.8,7,160,142.8,16.0,false
6672,Meiy,Top 10 of 84,true,false,Ascent,3,0.0,64,138.3,7,141,140.6,-2.3,false
6672,Meiy,Top 10 of 84,true,false,Summit,3,66.7,52,147.0,1,20,136.6,10.4,true
6672,Meiy,Top 10 of 84,true,false,Bind,2,50.0,50,148.5,3,65,136.0,12.5,false
6672,Meiy,Top 10 of 84,true,false,Corrode,2,0.0,47,177.0,1,18,139.2,37.8,true
6672,Meiy,Top 10 of 84,true,false,Sunset,2,50.0,47,102.2,3,59,137.6,-35.4,false
6672,Meiy,Top 10 of 84,true,false,Abyss,1,100.0,21,103.0,1,21,134.3,-31.3,true
6672,Meiy,Top 10 of 84,true,false,Fracture,1,0.0,24,170.1,2,43,138.4,31.7,true
6672,Meiy,Top 10 of 84,true,false,Pearl,1,100.0,24,155.2,7,150,136.9,18.4,false
45492,swagzor,Top 10 of 84,true,false,Breeze,8,50.0,172,139.8,3,50,138.9,1.0,false
45492,swagzor,Top 10 of 84,true,false,Haven,6,50.0,129,132.5,2,41,138.3,-5.7,true
45492,swagzor,Top 10 of 84,true,false,Split,6,33.3,145,168.5,5,105,138.8,29.8,false
45492,swagzor,Top 10 of 84,true,false,Lotus,5,40.0,116,169.8,6,132,142.8,26.9,false
45492,swagzor,Top 10 of 84,true,false,Ascent,3,0.0,64,173.0,1,20,140.6,32.4,true
45492,swagzor,Top 10 of 84,true,false,Summit,3,66.7,52,158.6,4,93,136.6,22.0,false
45492,swagzor,Top 10 of 84,true,false,Bind,2,50.0,50,126.0,1,24,136.0,-10.0,true
45492,swagzor,Top 10 of 84,true,false,Corrode,2,0.0,47,,,,139.2,,
45492,swagzor,Top 10 of 84,true,false,Sunset,2,50.0,47,128.9,3,69,137.6,-8.7,false
45492,swagzor,Top 10 of 84,true,false,Abyss,1,100.0,21,,,,134.3,,
45492,swagzor,Top 10 of 84,true,false,Fracture,1,0.0,24,141.6,2,36,138.4,3.2,true
45492,swagzor,Top 10 of 84,true,false,Pearl,1,100.0,24,,,,136.9,,
5022,Derke,Top 10 of 84,true,false,Breeze,8,50.0,172,168.3,12,237,138.9,29.4,false
5022,Derke,Top 10 of 84,true,false,Haven,6,50.0,129,137.4,11,260,138.3,-0.9,false
5022,Derke,Top 10 of 84,true,false,Split,6,33.3,145,135.0,11,228,138.8,-3.7,false
5022,Derke,Top 10 of 84,true,false,Lotus,5,40.0,116,157.2,10,202,142.8,14.3,false
5022,Derke,Top 10 of 84,true,false,Ascent,3,0.0,64,146.8,5,106,140.6,6.2,false
5022,Derke,Top 10 of 84,true,false,Summit,3,66.7,52,136.0,1,19,136.6,-0.6,true
5022,Derke,Top 10 of 84,true,false,Bind,2,50.0,50,129.4,3,61,136.0,-6.6,false
5022,Derke,Top 10 of 84,true,false,Corrode,2,0.0,47,188.4,3,57,139.2,49.2,false
5022,Derke,Top 10 of 84,true,false,Sunset,2,50.0,47,154.4,2,42,137.6,16.8,true
5022,Derke,Top 10 of 84,true,false,Abyss,1,100.0,21,116.8,5,100,134.3,-17.6,false
5022,Derke,Top 10 of 84,true,false,Fracture,1,0.0,24,152.9,2,42,138.4,14.5,true
5022,Derke,Top 10 of 84,true,false,Pearl,1,100.0,24,147.7,6,134,136.9,10.8,false
3520,ZmjjKK,Top 10 of 84,true,false,Breeze,8,50.0,172,148.0,11,223,138.9,9.2,false
3520,ZmjjKK,Top 10 of 84,true,false,Haven,6,50.0,129,147.5,13,280,138.3,9.2,false
3520,ZmjjKK,Top 10 of 84,true,false,Split,6,33.3,145,157.3,13,272,138.8,18.5,false
3520,ZmjjKK,Top 10 of 84,true,false,Lotus,5,40.0,116,171.6,9,181,142.8,28.8,false
3520,ZmjjKK,Top 10 of 84,true,false,Ascent,3,0.0,64,130.9,2,46,140.6,-9.7,true
3520,ZmjjKK,Top 10 of 84,true,false,Summit,3,66.7,52,216.0,1,22,136.6,79.4,true
3520,ZmjjKK,Top 10 of 84,true,false,Bind,2,50.0,50,140.7,4,82,136.0,4.7,false
3520,ZmjjKK,Top 10 of 84,true,false,Corrode,2,0.0,47,142.1,2,39,139.2,2.9,true
3520,ZmjjKK,Top 10 of 84,true,false,Sunset,2,50.0,47,134.9,5,113,137.6,-2.7,false
3520,ZmjjKK,Top 10 of 84,true,false,Abyss,1,100.0,21,180.6,3,61,134.3,46.2,false
3520,ZmjjKK,Top 10 of 84,true,false,Fracture,1,0.0,24,145.3,7,142,138.4,6.8,false
3520,ZmjjKK,Top 10 of 84,true,false,Pearl,1,100.0,24,152.0,7,141,136.9,15.1,false
25255,primmie,Top 10 of 84,true,false,Breeze,8,50.0,172,173.1,5,101,138.9,34.2,false
25255,primmie,Top 10 of 84,true,false,Haven,6,50.0,129,163.8,8,164,138.3,25.6,false
25255,primmie,Top 10 of 84,true,false,Split,6,33.3,145,176.5,11,244,138.8,37.8,false
25255,primmie,Top 10 of 84,true,false,Lotus,5,40.0,116,161.1,7,153,142.8,18.2,false
25255,primmie,Top 10 of 84,true,false,Ascent,3,0.0,64,139.5,3,58,140.6,-1.1,false
25255,primmie,Top 10 of 84,true,false,Summit,3,66.7,52,142.5,4,72,136.6,5.9,false
25255,primmie,Top 10 of 84,true,false,Bind,2,50.0,50,159.9,3,56,136.0,23.9,false
25255,primmie,Top 10 of 84,true,false,Corrode,2,0.0,47,155.6,2,33,139.2,16.4,true
25255,primmie,Top 10 of 84,true,false,Sunset,2,50.0,47,140.3,5,110,137.6,2.7,false
25255,primmie,Top 10 of 84,true,false,Abyss,1,100.0,21,144.0,1,22,134.3,9.7,true
25255,primmie,Top 10 of 84,true,false,Fracture,1,0.0,24,146.2,5,94,138.4,7.8,false
25255,primmie,Top 10 of 84,true,false,Pearl,1,100.0,24,172.2,8,166,136.9,35.3,false
804,BuZz,Top 10 of 84,true,false,Breeze,8,50.0,172,139.0,11,222,138.9,0.2,false
804,BuZz,Top 10 of 84,true,false,Haven,6,50.0,129,145.5,14,308,138.3,7.3,false
804,BuZz,Top 10 of 84,true,false,Split,6,33.3,145,161.2,8,184,138.8,22.5,false
804,BuZz,Top 10 of 84,true,false,Lotus,5,40.0,116,149.1,10,212,142.8,6.3,false
804,BuZz,Top 10 of 84,true,false,Ascent,3,0.0,64,129.3,7,139,140.6,-11.3,false
804,BuZz,Top 10 of 84,true,false,Summit,3,66.7,52,,,,136.6,,
804,BuZz,Top 10 of 84,true,false,Bind,2,50.0,50,155.2,6,120,136.0,19.2,false
804,BuZz,Top 10 of 84,true,false,Corrode,2,0.0,47,109.0,1,22,139.2,-30.2,true
804,BuZz,Top 10 of 84,true,false,Sunset,2,50.0,47,131.2,2,44,137.6,-6.4,true
804,BuZz,Top 10 of 84,true,false,Abyss,1,100.0,21,143.4,2,56,134.3,9.0,true
804,BuZz,Top 10 of 84,true,false,Fracture,1,0.0,24,,,,138.4,,
804,BuZz,Top 10 of 84,true,false,Pearl,1,100.0,24,139.9,8,169,136.9,3.1,false
8873,dgzin,Top 10 of 84,true,false,Breeze,8,50.0,172,142.9,6,114,138.9,4.1,false
8873,dgzin,Top 10 of 84,true,false,Haven,6,50.0,129,160.9,10,221,138.3,22.6,false
8873,dgzin,Top 10 of 84,true,false,Split,6,33.3,145,128.0,1,18,138.8,-10.8,true
8873,dgzin,Top 10 of 84,true,false,Lotus,5,40.0,116,139.7,5,117,142.8,-3.1,false
8873,dgzin,Top 10 of 84,true,false,Ascent,3,0.0,64,147.4,2,32,140.6,6.9,true
8873,dgzin,Top 10 of 84,true,false,Summit,3,66.7,52,172.0,2,40,136.6,35.4,true
8873,dgzin,Top 10 of 84,true,false,Bind,2,50.0,50,142.1,4,93,136.0,6.1,false
8873,dgzin,Top 10 of 84,true,false,Corrode,2,0.0,47,203.8,2,41,139.2,64.6,true
8873,dgzin,Top 10 of 84,true,false,Sunset,2,50.0,47,139.5,5,107,137.6,1.9,false
8873,dgzin,Top 10 of 84,true,false,Abyss,1,100.0,21,137.9,3,69,134.3,3.6,false
8873,dgzin,Top 10 of 84,true,false,Fracture,1,0.0,24,123.0,1,21,138.4,-15.4,true
8873,dgzin,Top 10 of 84,true,false,Pearl,1,100.0,24,128.2,4,94,136.9,-8.7,false
18796,OXY,Top 10 of 84,true,false,Breeze,8,50.0,172,186.4,10,209,138.9,47.5,false
18796,OXY,Top 10 of 84,true,false,Haven,6,50.0,129,172.0,6,124,138.3,33.7,false
18796,OXY,Top 10 of 84,true,false,Split,6,33.3,145,143.8,8,180,138.8,5.0,false
18796,OXY,Top 10 of 84,true,false,Lotus,5,40.0,116,137.0,5,104,142.8,-5.8,false
18796,OXY,Top 10 of 84,true,false,Ascent,3,0.0,64,,,,140.6,,
18796,OXY,Top 10 of 84,true,false,Summit,3,66.7,52,126.4,2,38,136.6,-10.2,true
18796,OXY,Top 10 of 84,true,false,Bind,2,50.0,50,134.2,2,40,136.0,-1.8,true
18796,OXY,Top 10 of 84,true,false,Corrode,2,0.0,47,135.0,1,24,139.2,-4.2,true
18796,OXY,Top 10 of 84,true,false,Sunset,2,50.0,47,144.3,3,64,137.6,6.7,false
18796,OXY,Top 10 of 84,true,false,Abyss,1,100.0,21,132.8,2,39,134.3,-1.6,true
18796,OXY,Top 10 of 84,true,false,Fracture,1,0.0,24,,,,138.4,,
18796,OXY,Top 10 of 84,true,false,Pearl,1,100.0,24,130.5,4,78,136.9,-6.4,false
21328,Wo0t,Top 10 of 84,true,false,Breeze,8,50.0,172,139.6,6,116,138.9,0.8,false
21328,Wo0t,Top 10 of 84,true,false,Haven,6,50.0,129,147.3,12,254,138.3,9.0,false
21328,Wo0t,Top 10 of 84,true,false,Split,6,33.3,145,120.4,4,74,138.8,-18.4,false
21328,Wo0t,Top 10 of 84,true,false,Lotus,5,40.0,116,167.1,14,292,142.8,24.3,false
21328,Wo0t,Top 10 of 84,true,false,Ascent,3,0.0,64,129.6,9,196,140.6,-11.0,false
21328,Wo0t,Top 10 of 84,true,false,Summit,3,66.7,52,157.5,3,66,136.6,20.9,false
21328,Wo0t,Top 10 of 84,true,false,Bind,2,50.0,50,114.4,5,103,136.0,-21.6,false
21328,Wo0t,Top 10 of 84,true,false,Corrode,2,0.0,47,174.0,1,24,139.2,34.8,true
21328,Wo0t,Top 10 of 84,true,false,Sunset,2,50.0,47,105.7,3,60,137.6,-31.9,false
21328,Wo0t,Top 10 of 84,true,false,Abyss,1,100.0,21,107.3,3,62,134.3,-27.0,false
21328,Wo0t,Top 10 of 84,true,false,Fracture,1,0.0,24,136.9,5,103,138.4,-1.6,false
21328,Wo0t,Top 10 of 84,true,false,Pearl,1,100.0,24,128.7,4,86,136.9,-8.1,false
29893,Timotino,Top 10 of 84,true,false,Breeze,8,50.0,172,144.9,10,196,138.9,6.0,false
29893,Timotino,Top 10 of 84,true,false,Haven,6,50.0,129,140.8,9,206,138.3,2.5,false
29893,Timotino,Top 10 of 84,true,false,Split,6,33.3,145,158.4,10,230,138.8,19.6,false
29893,Timotino,Top 10 of 84,true,false,Lotus,5,40.0,116,126.3,3,58,142.8,-16.5,false
29893,Timotino,Top 10 of 84,true,false,Ascent,3,0.0,64,156.5,3,70,140.6,15.9,false
29893,Timotino,Top 10 of 84,true,false,Summit,3,66.7,52,109.1,3,55,136.6,-27.5,false
29893,Timotino,Top 10 of 84,true,false,Bind,2,50.0,50,141.6,5,110,136.0,5.6,false
29893,Timotino,Top 10 of 84,true,false,Corrode,2,0.0,47,145.8,3,64,139.2,6.6,false
29893,Timotino,Top 10 of 84,true,false,Sunset,2,50.0,47,137.9,4,101,137.6,0.3,false
29893,Timotino,Top 10 of 84,true,false,Abyss,1,100.0,21,144.7,3,52,134.3,10.3,false
29893,Timotino,Top 10 of 84,true,false,Fracture,1,0.0,24,162.9,2,46,138.4,24.5,true
29893,Timotino,Top 10 of 84,true,false,Pearl,1,100.0,24,138.0,7,141,136.9,1.1,false
8480,aspas,Top 25 of 84,false,false,Breeze,8,50.0,172,145.7,9,189,138.9,6.9,false
8480,aspas,Top 25 of 84,false,false,Haven,6,50.0,129,135.1,11,226,138.3,-3.2,false
8480,aspas,Top 25 of 84,false,false,Split,6,33.3,145,139.9,9,205,138.8,1.1,false
8480,aspas,Top 25 of 84,false,false,Lotus,5,40.0,116,150.6,3,78,142.8,7.8,false
8480,aspas,Top 25 of 84,false,false,Ascent,3,0.0,64,150.1,3,57,140.6,9.5,false
8480,aspas,Top 25 of 84,false,false,Summit,3,66.7,52,96.0,1,17,136.6,-40.6,true
8480,aspas,Top 25 of 84,false,false,Bind,2,50.0,50,161.4,3,59,136.0,25.4,false
8480,aspas,Top 25 of 84,false,false,Corrode,2,0.0,47,139.0,3,62,139.2,-0.2,false
8480,aspas,Top 25 of 84,false,false,Sunset,2,50.0,47,153.3,7,142,137.6,15.7,false
8480,aspas,Top 25 of 84,false,false,Abyss,1,100.0,21,120.4,5,97,134.3,-14.0,false
8480,aspas,Top 25 of 84,false,false,Fracture,1,0.0,24,164.8,2,41,138.4,26.4,true
8480,aspas,Top 25 of 84,false,false,Pearl,1,100.0,24,,,,136.9,,
4885,whzy,Top 25 of 84,false,false,Breeze,8,50.0,172,158.4,5,117,138.9,19.6,false
4885,whzy,Top 25 of 84,false,false,Haven,6,50.0,129,159.1,6,131,138.3,20.9,false
4885,whzy,Top 25 of 84,false,false,Split,6,33.3,145,135.6,9,191,138.8,-3.2,false
4885,whzy,Top 25 of 84,false,false,Lotus,5,40.0,116,132.1,7,144,142.8,-10.7,false
4885,whzy,Top 25 of 84,false,false,Ascent,3,0.0,64,,0,,140.6,,true
4885,whzy,Top 25 of 84,false,false,Summit,3,66.7,52,201.2,3,63,136.6,64.6,false
4885,whzy,Top 25 of 84,false,false,Bind,2,50.0,50,151.6,4,89,136.0,15.6,false
4885,whzy,Top 25 of 84,false,false,Corrode,2,0.0,47,,,,139.2,,
4885,whzy,Top 25 of 84,false,false,Sunset,2,50.0,47,146.6,3,78,137.6,9.0,false
4885,whzy,Top 25 of 84,false,false,Abyss,1,100.0,21,143.0,6,127,134.3,8.7,false
4885,whzy,Top 25 of 84,false,false,Fracture,1,0.0,24,122.6,3,64,138.4,-15.9,false
4885,whzy,Top 25 of 84,false,false,Pearl,1,100.0,24,159.1,6,115,136.9,22.2,false
4428,UdoTan,Top 25 of 84,false,false,Breeze,8,50.0,172,144.4,13,278,138.9,5.5,false
4428,UdoTan,Top 25 of 84,false,false,Haven,6,50.0,129,134.1,9,204,138.3,-4.1,false
4428,UdoTan,Top 25 of 84,false,false,Split,6,33.3,145,145.6,14,290,138.8,6.8,false
4428,UdoTan,Top 25 of 84,false,false,Lotus,5,40.0,116,151.8,7,145,142.8,8.9,false
4428,UdoTan,Top 25 of 84,false,false,Ascent,3,0.0,64,128.7,6,128,140.6,-11.9,false
4428,UdoTan,Top 25 of 84,false,false,Summit,3,66.7,52,153.7,4,88,136.6,17.1,false
4428,UdoTan,Top 25 of 84,false,false,Bind,2,50.0,50,137.6,3,68,136.0,1.6,false
4428,UdoTan,Top 25 of 84,false,false,Corrode,2,0.0,47,152.0,1,23,139.2,12.8,true
4428,UdoTan,Top 25 of 84,false,false,Sunset,2,50.0,47,149.0,4,92,137.6,11.3,false
4428,UdoTan,Top 25 of 84,false,false,Abyss,1,100.0,21,126.8,6,130,134.3,-7.6,false
4428,UdoTan,Top 25 of 84,false,false,Fracture,1,0.0,24,168.1,2,45,138.4,29.7,true
4428,UdoTan,Top 25 of 84,false,false,Pearl,1,100.0,24,123.4,6,122,136.9,-13.5,false
21216,f4ngeer,Top 25 of 84,false,false,Breeze,8,50.0,172,126.2,2,47,138.9,-12.7,true
21216,f4ngeer,Top 25 of 84,false,false,Haven,6,50.0,129,154.3,7,154,138.3,16.1,false
21216,f4ngeer,Top 25 of 84,false,false,Split,6,33.3,145,141.2,13,274,138.8,2.4,false
21216,f4ngeer,Top 25 of 84,false,false,Lotus,5,40.0,116,152.6,9,189,142.8,9.8,false
21216,f4ngeer,Top 25 of 84,false,false,Ascent,3,0.0,64,141.0,3,65,140.6,0.4,false
21216,f4ngeer,Top 25 of 84,false,false,Summit,3,66.7,52,138.2,4,83,136.6,1.7,false
21216,f4ngeer,Top 25 of 84,false,false,Bind,2,50.0,50,146.5,7,146,136.0,10.5,false
21216,f4ngeer,Top 25 of 84,false,false,Corrode,2,0.0,47,161.0,2,43,139.2,21.8,true
21216,f4ngeer,Top 25 of 84,false,false,Sunset,2,50.0,47,147.0,7,155,137.6,9.3,false
21216,f4ngeer,Top 25 of 84,false,false,Abyss,1,100.0,21,137.0,4,75,134.3,2.6,false
21216,f4ngeer,Top 25 of 84,false,false,Fracture,1,0.0,24,162.1,2,37,138.4,23.7,true
21216,f4ngeer,Top 25 of 84,false,false,Pearl,1,100.0,24,138.6,5,91,136.9,1.7,false
18350,MiniBoo,Top 25 of 84,false,false,Breeze,8,50.0,172,141.9,8,171,138.9,3.1,false
18350,MiniBoo,Top 25 of 84,false,false,Haven,6,50.0,129,136.6,2,51,138.3,-1.6,true
18350,MiniBoo,Top 25 of 84,false,false,Split,6,33.3,145,147.7,7,152,138.8,8.9,false
18350,MiniBoo,Top 25 of 84,false,false,Lotus,5,40.0,116,119.6,3,65,142.8,-23.2,false
18350,MiniBoo,Top 25 of 84,false,false,Ascent,3,0.0,64,122.8,2,47,140.6,-17.8,true
18350,MiniBoo,Top 25 of 84,false,false,Summit,3,66.7,52,,,,136.6,,
18350,MiniBoo,Top 25 of 84,false,false,Bind,2,50.0,50,165.4,7,144,136.0,29.4,false
18350,MiniBoo,Top 25 of 84,false,false,Corrode,2,0.0,47,146.6,4,80,139.2,7.4,false
18350,MiniBoo,Top 25 of 84,false,false,Sunset,2,50.0,47,,,,137.6,,
18350,MiniBoo,Top 25 of 84,false,false,Abyss,1,100.0,21,140.5,4,90,134.3,6.2,false
18350,MiniBoo,Top 25 of 84,false,false,Fracture,1,0.0,24,100.0,1,15,138.4,-38.4,true
18350,MiniBoo,Top 25 of 84,false,false,Pearl,1,100.0,24,130.1,7,154,136.9,-6.7,false
9196,t3xture,Top 25 of 84,false,false,Breeze,8,50.0,172,142.9,6,128,138.9,4.1,false
9196,t3xture,Top 25 of 84,false,false,Haven,6,50.0,129,136.1,7,153,138.3,-2.2,false
9196,t3xture,Top 25 of 84,false,false,Split,6,33.3,145,151.6,5,113,138.8,12.8,false
9196,t3xture,Top 25 of 84,false,false,Lotus,5,40.0,116,153.8,5,115,142.8,10.9,false
9196,t3xture,Top 25 of 84,false,false,Ascent,3,0.0,64,164.3,3,61,140.6,23.8,false
9196,t3xture,Top 25 of 84,false,false,Summit,3,66.7,52,149.3,3,70,136.6,12.7,false
9196,t3xture,Top 25 of 84,false,false,Bind,2,50.0,50,171.5,2,42,136.0,35.5,true
9196,t3xture,Top 25 of 84,false,false,Corrode,2,0.0,47,,,,139.2,,
9196,t3xture,Top 25 of 84,false,false,Sunset,2,50.0,47,152.5,5,121,137.6,14.9,false
9196,t3xture,Top 25 of 84,false,false,Abyss,1,100.0,21,133.7,2,45,134.3,-0.7,true
9196,t3xture,Top 25 of 84,false,false,Fracture,1,0.0,24,152.0,1,16,138.4,13.6,true
9196,t3xture,Top 25 of 84,false,false,Pearl,1,100.0,24,131.7,4,105,136.9,-5.2,false
36685,splash,Top 25 of 84,false,false,Breeze,8,50.0,172,163.6,8,161,138.9,24.7,false
36685,splash,Top 25 of 84,false,false,Haven,6,50.0,129,127.7,8,165,138.3,-10.6,false
36685,splash,Top 25 of 84,false,false,Split,6,33.3,145,154.7,11,264,138.8,15.9,false
36685,splash,Top 25 of 84,false,false,Lotus,5,40.0,116,215.9,2,35,142.8,73.1,true
36685,splash,Top 25 of 84,false,false,Ascent,3,0.0,64,151.8,2,42,140.6,11.2,true
36685,splash,Top 25 of 84,false,false,Summit,3,66.7,52,171.7,5,104,136.6,35.1,false
36685,splash,Top 25 of 84,false,false,Bind,2,50.0,50,174.9,6,130,136.0,38.9,false
36685,splash,Top 25 of 84,false,false,Corrode,2,0.0,47,155.1,4,83,139.2,15.9,false
36685,splash,Top 25 of 84,false,false,Sunset,2,50.0,47,151.4,6,125,137.6,13.8,false
36685,splash,Top 25 of 84,false,false,Abyss,1,100.0,21,176.4,2,44,134.3,42.0,true
36685,splash,Top 25 of 84,false,false,Fracture,1,0.0,24,152.4,4,79,138.4,14.0,false
36685,splash,Top 25 of 84,false,false,Pearl,1,100.0,24,159.1,5,103,136.9,22.2,false
24895,Jemkin,Top 25 of 84,false,false,Breeze,8,50.0,172,127.4,9,187,138.9,-11.5,false
24895,Jemkin,Top 25 of 84,false,false,Haven,6,50.0,129,131.5,10,222,138.3,-6.8,false
24895,Jemkin,Top 25 of 84,false,false,Split,6,33.3,145,174.6,2,50,138.8,35.8,true
24895,Jemkin,Top 25 of 84,false,false,Lotus,5,40.0,116,137.3,4,90,142.8,-5.5,false
24895,Jemkin,Top 25 of 84,false,false,Ascent,3,0.0,64,123.5,2,39,140.6,-17.0,true
24895,Jemkin,Top 25 of 84,false,false,Summit,3,66.7,52,128.9,3,69,136.6,-7.7,false
24895,Jemkin,Top 25 of 84,false,false,Bind,2,50.0,50,151.4,4,87,136.0,15.5,false
24895,Jemkin,Top 25 of 84,false,false,Corrode,2,0.0,47,148.5,3,67,139.2,9.3,false
24895,Jemkin,Top 25 of 84,false,false,Sunset,2,50.0,47,132.4,5,105,137.6,-5.2,false
24895,Jemkin,Top 25 of 84,false,false,Abyss,1,100.0,21,145.2,2,60,134.3,10.9,true
24895,Jemkin,Top 25 of 84,false,false,Fracture,1,0.0,24,157.6,3,56,138.4,19.1,false
24895,Jemkin,Top 25 of 84,false,false,Pearl,1,100.0,24,144.1,6,127,136.9,7.2,false
21661,spike,Top 25 of 84,false,false,Breeze,8,50.0,172,137.2,6,133,138.9,-1.6,false
21661,spike,Top 25 of 84,false,false,Haven,6,50.0,129,151.5,9,193,138.3,13.2,false
21661,spike,Top 25 of 84,false,false,Split,6,33.3,145,138.8,18,373,138.8,0.0,false
21661,spike,Top 25 of 84,false,false,Lotus,5,40.0,116,146.1,7,131,142.8,3.3,false
21661,spike,Top 25 of 84,false,false,Ascent,3,0.0,64,152.2,7,138,140.6,11.6,false
21661,spike,Top 25 of 84,false,false,Summit,3,66.7,52,132.6,4,85,136.6,-4.0,false
21661,spike,Top 25 of 84,false,false,Bind,2,50.0,50,136.5,7,142,136.0,0.5,false
21661,spike,Top 25 of 84,false,false,Corrode,2,0.0,47,159.0,1,23,139.2,19.8,true
21661,spike,Top 25 of 84,false,false,Sunset,2,50.0,47,138.7,4,72,137.6,1.1,false
21661,spike,Top 25 of 84,false,false,Abyss,1,100.0,21,134.6,2,42,134.3,0.2,true
21661,spike,Top 25 of 84,false,false,Fracture,1,0.0,24,111.2,5,99,138.4,-27.2,false
21661,spike,Top 25 of 84,false,false,Pearl,1,100.0,24,146.8,9,177,136.9,9.9,false
37494,Kai,Top 25 of 84,false,false,Breeze,8,50.0,172,137.4,6,128,138.9,-1.4,false
37494,Kai,Top 25 of 84,false,false,Haven,6,50.0,129,148.6,2,46,138.3,10.3,true
37494,Kai,Top 25 of 84,false,false,Split,6,33.3,145,142.5,8,182,138.8,3.7,false
37494,Kai,Top 25 of 84,false,false,Lotus,5,40.0,116,148.5,11,233,142.8,5.7,false
37494,Kai,Top 25 of 84,false,false,Ascent,3,0.0,64,150.2,5,98,140.6,9.6,false
37494,Kai,Top 25 of 84,false,false,Summit,3,66.7,52,106.4,3,63,136.6,-30.1,false
37494,Kai,Top 25 of 84,false,false,Bind,2,50.0,50,142.2,4,89,136.0,6.3,false
37494,Kai,Top 25 of 84,false,false,Corrode,2,0.0,47,141.0,1,17,139.2,1.8,true
37494,Kai,Top 25 of 84,false,false,Sunset,2,50.0,47,130.1,7,157,137.6,-7.5,false
37494,Kai,Top 25 of 84,false,false,Abyss,1,100.0,21,123.9,3,75,134.3,-10.4,false
37494,Kai,Top 25 of 84,false,false,Fracture,1,0.0,24,155.0,1,21,138.4,16.6,true
37494,Kai,Top 25 of 84,false,false,Pearl,1,100.0,24,79.0,1,16,136.9,-57.9,true
5132,mada,Top 25 of 84,false,false,Breeze,8,50.0,172,134.3,13,281,138.9,-4.5,false
5132,mada,Top 25 of 84,false,false,Haven,6,50.0,129,133.0,11,236,138.3,-5.3,false
5132,mada,Top 25 of 84,false,false,Split,6,33.3,145,135.1,8,187,138.8,-3.6,false
5132,mada,Top 25 of 84,false,false,Lotus,5,40.0,116,140.8,11,221,142.8,-2.0,false
5132,mada,Top 25 of 84,false,false,Ascent,3,0.0,64,109.2,3,63,140.6,-31.4,false
5132,mada,Top 25 of 84,false,false,Summit,3,66.7,52,134.5,4,82,136.6,-2.1,false
5132,mada,Top 25 of 84,false,false,Bind,2,50.0,50,125.0,3,68,136.0,-11.0,false
5132,mada,Top 25 of 84,false,false,Corrode,2,0.0,47,118.2,3,61,139.2,-21.0,false
5132,mada,Top 25 of 84,false,false,Sunset,2,50.0,47,115.9,4,82,137.6,-21.7,false
5132,mada,Top 25 of 84,false,false,Abyss,1,100.0,21,127.9,10,203,134.3,-6.4,false
5132,mada,Top 25 of 84,false,false,Fracture,1,0.0,24,164.6,4,91,138.4,26.2,false
5132,mada,Top 25 of 84,false,false,Pearl,1,100.0,24,126.3,13,260,136.9,-10.5,false
20144,LewN,Top 25 of 84,false,false,Breeze,8,50.0,172,155.0,2,45,138.9,16.1,true
20144,LewN,Top 25 of 84,false,false,Haven,6,50.0,129,140.4,11,242,138.3,2.1,false
20144,LewN,Top 25 of 84,false,false,Split,6,33.3,145,139.2,4,98,138.8,0.4,false
20144,LewN,Top 25 of 84,false,false,Lotus,5,40.0,116,155.4,9,185,142.8,12.5,false
20144,LewN,Top 25 of 84,false,false,Ascent,3,0.0,64,145.8,3,55,140.6,5.2,false
20144,LewN,Top 25 of 84,false,false,Summit,3,66.7,52,134.2,3,77,136.6,-2.4,false
20144,LewN,Top 25 of 84,false,false,Bind,2,50.0,50,166.0,1,21,136.0,30.0,true
20144,LewN,Top 25 of 84,false,false,Corrode,2,0.0,47,105.0,1,24,139.2,-34.2,true
20144,LewN,Top 25 of 84,false,false,Sunset,2,50.0,47,141.6,3,56,137.6,4.0,false
20144,LewN,Top 25 of 84,false,false,Abyss,1,100.0,21,204.6,3,52,134.3,70.2,false
20144,LewN,Top 25 of 84,false,false,Fracture,1,0.0,24,113.4,2,42,138.4,-25.0,true
20144,LewN,Top 25 of 84,false,false,Pearl,1,100.0,24,123.2,3,62,136.9,-13.7,false
54487,Xlele,Top 25 of 84,false,false,Breeze,8,50.0,172,145.3,6,132,138.9,6.4,false
54487,Xlele,Top 25 of 84,false,false,Haven,6,50.0,129,117.0,1,26,138.3,-21.3,true
54487,Xlele,Top 25 of 84,false,false,Split,6,33.3,145,132.7,4,84,138.8,-6.0,false
54487,Xlele,Top 25 of 84,false,false,Lotus,5,40.0,116,135.4,9,187,142.8,-7.4,false
54487,Xlele,Top 25 of 84,false,false,Ascent,3,0.0,64,120.5,4,82,140.6,-20.1,false
54487,Xlele,Top 25 of 84,false,false,Summit,3,66.7,52,136.5,2,35,136.6,-0.1,true
54487,Xlele,Top 25 of 84,false,false,Bind,2,50.0,50,122.2,3,68,136.0,-13.8,false
54487,Xlele,Top 25 of 84,false,false,Corrode,2,0.0,47,,,,139.2,,
54487,Xlele,Top 25 of 84,false,false,Sunset,2,50.0,47,126.3,5,104,137.6,-11.3,false
54487,Xlele,Top 25 of 84,false,false,Abyss,1,100.0,21,,,,134.3,,
54487,Xlele,Top 25 of 84,false,false,Fracture,1,0.0,24,115.0,1,21,138.4,-23.4,true
54487,Xlele,Top 25 of 84,false,false,Pearl,1,100.0,24,,,,136.9,,
17086,something,Top 25 of 84,false,false,Breeze,8,50.0,172,141.1,18,386,138.9,2.3,false
17086,something,Top 25 of 84,false,false,Haven,6,50.0,129,128.7,8,190,138.3,-9.5,false
17086,something,Top 25 of 84,false,false,Split,6,33.3,145,132.7,20,417,138.8,-6.1,false
17086,something,Top 25 of 84,false,false,Lotus,5,40.0,116,147.8,9,171,142.8,5.0,false
17086,something,Top 25 of 84,false,false,Ascent,3,0.0,64,156.2,8,168,140.6,15.6,false
17086,something,Top 25 of 84,false,false,Summit,3,66.7,52,195.4,2,37,136.6,58.8,true
17086,something,Top 25 of 84,false,false,Bind,2,50.0,50,116.1,4,87,136.0,-19.9,false
17086,something,Top 25 of 84,false,false,Corrode,2,0.0,47,139.9,8,168,139.2,0.7,false
17086,something,Top 25 of 84,false,false,Sunset,2,50.0,47,111.8,3,73,137.6,-25.8,false
17086,something,Top 25 of 84,false,false,Abyss,1,100.0,21,125.0,3,60,134.3,-9.3,false
17086,something,Top 25 of 84,false,false,Fracture,1,0.0,24,131.0,6,127,138.4,-7.5,false
17086,something,Top 25 of 84,false,false,Pearl,1,100.0,24,135.2,10,216,136.9,-1.7,false
10307,marteen,Top 25 of 84,false,false,Breeze,8,50.0,172,,,,138.9,,
10307,marteen,Top 25 of 84,false,false,Haven,6,50.0,129,163.7,10,236,138.3,25.5,false
10307,marteen,Top 25 of 84,false,false,Split,6,33.3,145,158.5,9,172,138.8,19.7,false
10307,marteen,Top 25 of 84,false,false,Lotus,5,40.0,116,186.9,6,130,142.8,44.0,false
10307,marteen,Top 25 of 84,false,false,Ascent,3,0.0,64,147.0,5,98,140.6,6.4,false
10307,marteen,Top 25 of 84,false,false,Summit,3,66.7,52,95.0,1,22,136.6,-41.6,true
10307,marteen,Top 25 of 84,false,false,Bind,2,50.0,50,151.6,6,129,136.0,15.6,false
10307,marteen,Top 25 of 84,false,false,Corrode,2,0.0,47,165.2,3,72,139.2,26.0,false
10307,marteen,Top 25 of 84,false,false,Sunset,2,50.0,47,143.5,4,86,137.6,5.9,false
10307,marteen,Top 25 of 84,false,false,Abyss,1,100.0,21,162.8,4,92,134.3,28.5,false
10307,marteen,Top 25 of 84,false,false,Fracture,1,0.0,24,165.8,3,54,138.4,27.4,false
10307,marteen,Top 25 of 84,false,false,Pearl,1,100.0,24,163.8,8,183,136.9,26.9,false
4004,zekken,Top half of 84,false,false,Breeze,8,50.0,172,137.8,9,189,138.9,-1.0,false
4004,zekken,Top half of 84,false,false,Haven,6,50.0,129,148.0,11,226,138.3,9.7,false
4004,zekken,Top half of 84,false,false,Split,6,33.3,145,144.0,9,205,138.8,5.3,false
4004,zekken,Top half of 84,false,false,Lotus,5,40.0,116,146.6,3,78,142.8,3.8,false
4004,zekken,Top half of 84,false,false,Ascent,3,0.0,64,132.9,3,57,140.6,-7.6,false
4004,zekken,Top half of 84,false,false,Summit,3,66.7,52,114.0,1,17,136.6,-22.6,true
4004,zekken,Top half of 84,false,false,Bind,2,50.0,50,112.2,3,59,136.0,-23.8,false
4004,zekken,Top half of 84,false,false,Corrode,2,0.0,47,132.8,3,62,139.2,-6.4,false
4004,zekken,Top half of 84,false,false,Sunset,2,50.0,47,138.6,7,142,137.6,1.0,false
4004,zekken,Top half of 84,false,false,Abyss,1,100.0,21,106.1,5,97,134.3,-28.2,false
4004,zekken,Top half of 84,false,false,Fracture,1,0.0,24,131.3,2,41,138.4,-7.1,true
4004,zekken,Top half of 84,false,false,Pearl,1,100.0,24,,,,136.9,,
40591,ComeBack,Top half of 84,false,false,Breeze,8,50.0,172,159.0,2,39,138.9,20.1,true
40591,ComeBack,Top half of 84,false,false,Haven,6,50.0,129,160.1,5,103,138.3,21.8,false
40591,ComeBack,Top half of 84,false,false,Split,6,33.3,145,112.5,2,41,138.8,-26.3,true
40591,ComeBack,Top half of 84,false,false,Lotus,5,40.0,116,142.1,4,85,142.8,-0.7,false
40591,ComeBack,Top half of 84,false,false,Ascent,3,0.0,64,,,,140.6,,
40591,ComeBack,Top half of 84,false,false,Summit,3,66.7,52,,,,136.6,,
40591,ComeBack,Top half of 84,false,false,Bind,2,50.0,50,119.9,5,104,136.0,-16.0,false
40591,ComeBack,Top half of 84,false,false,Corrode,2,0.0,47,105.0,1,24,139.2,-34.2,true
40591,ComeBack,Top half of 84,false,false,Sunset,2,50.0,47,,,,137.6,,
40591,ComeBack,Top half of 84,false,false,Abyss,1,100.0,21,129.4,3,62,134.3,-4.9,false
40591,ComeBack,Top half of 84,false,false,Fracture,1,0.0,24,,,,138.4,,
40591,ComeBack,Top half of 84,false,false,Pearl,1,100.0,24,109.7,2,45,136.9,-27.2,true
7378,Jinggg,Top half of 84,false,false,Breeze,8,50.0,172,134.4,18,386,138.9,-4.5,false
7378,Jinggg,Top half of 84,false,false,Haven,6,50.0,129,143.0,8,190,138.3,4.7,false
7378,Jinggg,Top half of 84,false,false,Split,6,33.3,145,139.5,20,417,138.8,0.7,false
7378,Jinggg,Top half of 84,false,false,Lotus,5,40.0,116,172.5,9,171,142.8,29.7,false
7378,Jinggg,Top half of 84,false,false,Ascent,3,0.0,64,126.2,8,168,140.6,-14.4,false
7378,Jinggg,Top half of 84,false,false,Summit,3,66.7,52,150.1,2,37,136.6,13.5,true
7378,Jinggg,Top half of 84,false,false,Bind,2,50.0,50,141.6,4,87,136.0,5.7,false
7378,Jinggg,Top half of 84,false,false,Corrode,2,0.0,47,152.8,8,168,139.2,13.6,false
7378,Jinggg,Top half of 84,false,false,Sunset,2,50.0,47,148.3,3,73,137.6,10.7,false
7378,Jinggg,Top half of 84,false,false,Abyss,1,100.0,21,119.6,3,60,134.3,-14.7,false
7378,Jinggg,Top half of 84,false,false,Fracture,1,0.0,24,198.0,6,127,138.4,59.5,false
7378,Jinggg,Top half of 84,false,false,Pearl,1,100.0,24,138.1,10,216,136.9,1.2,false
28400,HYUNMIN,Top half of 84,false,false,Breeze,8,50.0,172,140.2,6,119,138.9,1.4,false
28400,HYUNMIN,Top half of 84,false,false,Haven,6,50.0,129,154.8,10,205,138.3,16.5,false
28400,HYUNMIN,Top half of 84,false,false,Split,6,33.3,145,153.3,7,144,138.8,14.5,false
28400,HYUNMIN,Top half of 84,false,false,Lotus,5,40.0,116,160.9,9,215,142.8,18.0,false
28400,HYUNMIN,Top half of 84,false,false,Ascent,3,0.0,64,161.5,3,72,140.6,20.9,false
28400,HYUNMIN,Top half of 84,false,false,Summit,3,66.7,52,144.9,3,53,136.6,8.3,false
28400,HYUNMIN,Top half of 84,false,false,Bind,2,50.0,50,161.8,3,59,136.0,25.8,false
28400,HYUNMIN,Top half of 84,false,false,Corrode,2,0.0,47,150.1,3,60,139.2,10.9,false
28400,HYUNMIN,Top half of 84,false,false,Sunset,2,50.0,47,134.6,6,124,137.6,-3.0,false
28400,HYUNMIN,Top half of 84,false,false,Abyss,1,100.0,21,140.6,3,64,134.3,6.3,false
28400,HYUNMIN,Top half of 84,false,false,Fracture,1,0.0,24,158.8,4,97,138.4,20.3,false
28400,HYUNMIN,Top half of 84,false,false,Pearl,1,100.0,24,131.0,4,86,136.9,-5.9,false
39357,s0pp,Top half of 84,false,false,Breeze,8,50.0,172,150.2,2,36,138.9,11.4,true
39357,s0pp,Top half of 84,false,false,Haven,6,50.0,129,154.3,13,293,138.3,16.0,false
39357,s0pp,Top half of 84,false,false,Split,6,33.3,145,132.7,10,202,138.8,-6.1,false
39357,s0pp,Top half of 84,false,false,Lotus,5,40.0,116,123.9,12,271,142.8,-18.9,false
39357,s0pp,Top half of 84,false,false,Ascent,3,0.0,64,162.0,10,188,140.6,21.4,false
39357,s0pp,Top half of 84,false,false,Summit,3,66.7,52,162.3,2,45,136.6,25.7,true
39357,s0pp,Top half of 84,false,false,Bind,2,50.0,50,136.9,3,64,136.0,0.9,false
39357,s0pp,Top half of 84,false,false,Corrode,2,0.0,47,,,,139.2,,
39357,s0pp,Top half of 84,false,false,Sunset,2,50.0,47,155.9,3,69,137.6,18.3,false
39357,s0pp,Top half of 84,false,false,Abyss,1,100.0,21,,,,134.3,,
39357,s0pp,Top half of 84,false,false,Fracture,1,0.0,24,139.8,5,103,138.4,1.4,false
39357,s0pp,Top half of 84,false,false,Pearl,1,100.0,24,162.4,5,123,136.9,25.5,false
49476,zhe,Top half of 84,false,false,Breeze,8,50.0,172,139.0,5,104,138.9,0.2,false
49476,zhe,Top half of 84,false,false,Haven,6,50.0,129,156.4,9,184,138.3,18.1,false
49476,zhe,Top half of 84,false,false,Split,6,33.3,145,134.1,10,208,138.8,-4.7,false
49476,zhe,Top half of 84,false,false,Lotus,5,40.0,116,151.1,8,152,142.8,8.3,false
49476,zhe,Top half of 84,false,false,Ascent,3,0.0,64,151.9,3,65,140.6,11.3,false
49476,zhe,Top half of 84,false,false,Summit,3,66.7,52,130.2,6,119,136.6,-6.4,false
49476,zhe,Top half of 84,false,false,Bind,2,50.0,50,121.9,4,92,136.0,-14.1,false
49476,zhe,Top half of 84,false,false,Corrode,2,0.0,47,92.8,2,39,139.2,-46.4,true
49476,zhe,Top half of 84,false,false,Sunset,2,50.0,47,137.0,4,91,137.6,-0.6,false
49476,zhe,Top half of 84,false,false,Abyss,1,100.0,21,112.0,1,24,134.3,-22.3,true
49476,zhe,Top half of 84,false,false,Fracture,1,0.0,24,135.8,4,89,138.4,-2.7,false
49476,zhe,Top half of 84,false,false,Pearl,1,100.0,24,145.7,5,95,136.9,8.8,false
31305,Lar0k,Top half of 84,false,false,Breeze,8,50.0,172,164.1,7,147,138.9,25.2,false
31305,Lar0k,Top half of 84,false,false,Haven,6,50.0,129,127.1,11,231,138.3,-11.2,false
31305,Lar0k,Top half of 84,false,false,Split,6,33.3,145,135.3,7,162,138.8,-3.5,false
31305,Lar0k,Top half of 84,false,false,Lotus,5,40.0,116,170.3,5,106,142.8,27.5,false
31305,Lar0k,Top half of 84,false,false,Ascent,3,0.0,64,121.5,5,104,140.6,-19.1,false
31305,Lar0k,Top half of 84,false,false,Summit,3,66.7,52,112.9,2,45,136.6,-23.7,true
31305,Lar0k,Top half of 84,false,false,Bind,2,50.0,50,,,,136.0,,
31305,Lar0k,Top half of 84,false,false,Corrode,2,0.0,47,125.0,1,19,139.2,-14.2,true
31305,Lar0k,Top half of 84,false,false,Sunset,2,50.0,47,128.4,4,83,137.6,-9.2,false
31305,Lar0k,Top half of 84,false,false,Abyss,1,100.0,21,143.7,6,136,134.3,9.4,false
31305,Lar0k,Top half of 84,false,false,Fracture,1,0.0,24,167.0,1,18,138.4,28.6,true
31305,Lar0k,Top half of 84,false,false,Pearl,1,100.0,24,83.9,4,85,136.9,-53.0,false
14681,kamo,Top half of 84,false,false,Breeze,8,50.0,172,141.0,10,216,138.9,2.1,false
14681,kamo,Top half of 84,false,false,Haven,6,50.0,129,154.6,5,122,138.3,16.4,false
14681,kamo,Top half of 84,false,false,Split,6,33.3,145,153.3,11,223,138.8,14.5,false
14681,kamo,Top half of 84,false,false,Lotus,5,40.0,116,173.4,11,224,142.8,30.5,false
14681,kamo,Top half of 84,false,false,Ascent,3,0.0,64,185.6,6,124,140.6,45.0,false
14681,kamo,Top half of 84,false,false,Summit,3,66.7,52,132.3,4,90,136.6,-4.3,false
14681,kamo,Top half of 84,false,false,Bind,2,50.0,50,121.1,7,144,136.0,-14.8,false
14681,kamo,Top half of 84,false,false,Corrode,2,0.0,47,110.6,4,80,139.2,-28.6,false
14681,kamo,Top half of 84,false,false,Sunset,2,50.0,47,92.0,1,20,137.6,-45.6,true
14681,kamo,Top half of 84,false,false,Abyss,1,100.0,21,140.2,5,116,134.3,5.9,false
14681,kamo,Top half of 84,false,false,Fracture,1,0.0,24,82.0,1,15,138.4,-56.4,true
14681,kamo,Top half of 84,false,false,Pearl,1,100.0,24,150.0,7,154,136.9,13.1,false
58496,Kachoww,Top half of 84,false,false,Breeze,8,50.0,172,,,,138.9,,
58496,Kachoww,Top half of 84,false,false,Haven,6,50.0,129,137.0,1,23,138.3,-1.3,true
58496,Kachoww,Top half of 84,false,false,Split,6,33.3,145,158.4,4,84,138.8,19.6,false
58496,Kachoww,Top half of 84,false,false,Lotus,5,40.0,116,141.6,3,72,142.8,-1.2,false
58496,Kachoww,Top half of 84,false,false,Ascent,3,0.0,64,166.7,2,46,140.6,26.2,true
58496,Kachoww,Top half of 84,false,false,Summit,3,66.7,52,162.4,3,64,136.6,25.8,false
58496,Kachoww,Top half of 84,false,false,Bind,2,50.0,50,,,,136.0,,
58496,Kachoww,Top half of 84,false,false,Corrode,2,0.0,47,,,,139.2,,
58496,Kachoww,Top half of 84,false,false,Sunset,2,50.0,47,310.0,1,15,137.6,172.4,true
58496,Kachoww,Top half of 84,false,false,Abyss,1,100.0,21,196.0,2,48,134.3,61.7,true
58496,Kachoww,Top half of 84,false,false,Fracture,1,0.0,24,,,,138.4,,
58496,Kachoww,Top half of 84,false,false,Pearl,1,100.0,24,,,,136.9,,
2462,keznit,Top half of 84,false,false,Breeze,8,50.0,172,136.3,5,105,138.9,-2.5,false
2462,keznit,Top half of 84,false,false,Haven,6,50.0,129,130.6,7,145,138.3,-7.7,false
2462,keznit,Top half of 84,false,false,Split,6,33.3,145,148.6,5,107,138.8,9.8,false
2462,keznit,Top half of 84,false,false,Lotus,5,40.0,116,146.6,3,60,142.8,3.8,false
2462,keznit,Top half of 84,false,false,Ascent,3,0.0,64,139.8,6,125,140.6,-0.8,false
2462,keznit,Top half of 84,false,false,Summit,3,66.7,52,95.7,2,37,136.6,-40.9,true
2462,keznit,Top half of 84,false,false,Bind,2,50.0,50,154.0,3,55,136.0,18.0,false
2462,keznit,Top half of 84,false,false,Corrode,2,0.0,47,148.3,3,65,139.2,9.1,false
2462,keznit,Top half of 84,false,false,Sunset,2,50.0,47,103.5,3,56,137.6,-34.1,false
2462,keznit,Top half of 84,false,false,Abyss,1,100.0,21,106.4,3,64,134.3,-27.9,false
2462,keznit,Top half of 84,false,false,Fracture,1,0.0,24,101.0,1,17,138.4,-37.4,true
2462,keznit,Top half of 84,false,false,Pearl,1,100.0,24,137.3,5,128,136.9,0.4,false
34057,Jerrwin,Top half of 84,false,true,Breeze,8,50.0,172,136.7,6,126,138.9,-2.2,false
34057,Jerrwin,Top half of 84,false,true,Haven,6,50.0,129,111.4,6,129,138.3,-26.9,false
34057,Jerrwin,Top half of 84,false,true,Split,6,33.3,145,137.4,4,97,138.8,-1.4,false
34057,Jerrwin,Top half of 84,false,true,Lotus,5,40.0,116,133.2,4,95,142.8,-9.6,false
34057,Jerrwin,Top half of 84,false,true,Ascent,3,0.0,64,128.9,3,64,140.6,-11.7,false
34057,Jerrwin,Top half of 84,false,true,Summit,3,66.7,52,116.4,3,52,136.6,-20.2,false
34057,Jerrwin,Top half of 84,false,true,Bind,2,50.0,50,131.0,1,24,136.0,-5.0,true
34057,Jerrwin,Top half of 84,false,true,Corrode,2,0.0,47,,,,139.2,,
34057,Jerrwin,Top half of 84,false,true,Sunset,2,50.0,47,131.2,2,47,137.6,-6.4,true
34057,Jerrwin,Top half of 84,false,true,Abyss,1,100.0,21,,,,134.3,,
34057,Jerrwin,Top half of 84,false,true,Fracture,1,0.0,24,99.0,1,24,138.4,-39.4,true
34057,Jerrwin,Top half of 84,false,true,Pearl,1,100.0,24,,,,136.9,,
3993,jawgemo,Top half of 84,false,false,Breeze,8,50.0,172,140.9,14,284,138.9,2.1,false
3993,jawgemo,Top half of 84,false,false,Haven,6,50.0,129,157.7,13,279,138.3,19.4,false
3993,jawgemo,Top half of 84,false,false,Split,6,33.3,145,128.6,15,335,138.8,-10.2,false
3993,jawgemo,Top half of 84,false,false,Lotus,5,40.0,116,135.6,12,251,142.8,-7.3,false
3993,jawgemo,Top half of 84,false,false,Ascent,3,0.0,64,101.0,7,145,140.6,-39.5,false
3993,jawgemo,Top half of 84,false,false,Summit,3,66.7,52,122.7,2,40,136.6,-13.9,true
3993,jawgemo,Top half of 84,false,false,Bind,2,50.0,50,109.9,4,91,136.0,-26.1,false
3993,jawgemo,Top half of 84,false,false,Corrode,2,0.0,47,124.8,6,115,139.2,-14.4,false
3993,jawgemo,Top half of 84,false,false,Sunset,2,50.0,47,157.1,5,120,137.6,19.5,false
3993,jawgemo,Top half of 84,false,false,Abyss,1,100.0,21,116.2,7,134,134.3,-18.2,false
3993,jawgemo,Top half of 84,false,false,Fracture,1,0.0,24,125.0,1,26,138.4,-13.4,true
3993,jawgemo,Top half of 84,false,false,Pearl,1,100.0,24,158.1,6,121,136.9,21.2,false
46135,Zeus,Top half of 84,false,false,Breeze,8,50.0,172,158.0,4,78,138.9,19.1,false
46135,Zeus,Top half of 84,false,false,Haven,6,50.0,129,122.8,3,60,138.3,-15.4,false
46135,Zeus,Top half of 84,false,false,Split,6,33.3,145,139.5,4,90,138.8,0.7,false
46135,Zeus,Top half of 84,false,false,Lotus,5,40.0,116,192.0,1,24,142.8,49.2,true
46135,Zeus,Top half of 84,false,false,Ascent,3,0.0,64,112.9,3,63,140.6,-27.7,false
46135,Zeus,Top half of 84,false,false,Summit,3,66.7,52,168.1,4,90,136.6,31.5,false
46135,Zeus,Top half of 84,false,false,Bind,2,50.0,50,,,,136.0,,
46135,Zeus,Top half of 84,false,false,Corrode,2,0.0,47,,,,139.2,,
46135,Zeus,Top half of 84,false,false,Sunset,2,50.0,47,173.3,2,41,137.6,35.7,true
46135,Zeus,Top half of 84,false,false,Abyss,1,100.0,21,,,,134.3,,
46135,Zeus,Top half of 84,false,false,Fracture,1,0.0,24,146.0,1,21,138.4,7.6,true
46135,Zeus,Top half of 84,false,false,Pearl,1,100.0,24,126.0,1,18,136.9,-10.9,true
23365,koshmaras,Top half of 84,false,false,Breeze,8,50.0,172,142.3,5,99,138.9,3.4,false
23365,koshmaras,Top half of 84,false,false,Haven,6,50.0,129,154.2,7,151,138.3,16.0,false
23365,koshmaras,Top half of 84,false,false,Split,6,33.3,145,108.9,3,55,138.8,-29.9,false
23365,koshmaras,Top half of 84,false,false,Lotus,5,40.0,116,130.8,13,270,142.8,-12.0,false
23365,koshmaras,Top half of 84,false,false,Ascent,3,0.0,64,156.4,9,196,140.6,15.8,false
23365,koshmaras,Top half of 84,false,false,Summit,3,66.7,52,118.6,3,66,136.6,-18.0,false
23365,koshmaras,Top half of 84,false,false,Bind,2,50.0,50,71.0,1,21,136.0,-65.0,true
23365,koshmaras,Top half of 84,false,false,Corrode,2,0.0,47,,,,139.2,,
23365,koshmaras,Top half of 84,false,false,Sunset,2,50.0,47,130.5,3,60,137.6,-7.1,false
23365,koshmaras,Top half of 84,false,false,Abyss,1,100.0,21,,,,134.3,,
23365,koshmaras,Top half of 84,false,false,Fracture,1,0.0,24,124.7,5,103,138.4,-13.8,false
23365,koshmaras,Top half of 84,false,false,Pearl,1,100.0,24,112.0,3,64,136.9,-24.9,false
9554,kaajak,Top half of 84,false,false,Breeze,8,50.0,172,148.7,7,152,138.9,9.9,false
9554,kaajak,Top half of 84,false,false,Haven,6,50.0,129,138.6,6,127,138.3,0.3,false
9554,kaajak,Top half of 84,false,false,Split,6,33.3,145,135.3,10,233,138.8,-3.5,false
9554,kaajak,Top half of 84,false,false,Lotus,5,40.0,116,133.7,6,105,142.8,-9.2,false
9554,kaajak,Top half of 84,false,false,Ascent,3,0.0,64,104.7,4,88,140.6,-35.8,false
9554,kaajak,Top half of 84,false,false,Summit,3,66.7,52,140.0,4,103,136.6,3.4,false
9554,kaajak,Top half of 84,false,false,Bind,2,50.0,50,144.9,6,154,136.0,8.9,false
9554,kaajak,Top half of 84,false,false,Corrode,2,0.0,47,116.1,4,101,139.2,-23.1,false
9554,kaajak,Top half of 84,false,false,Sunset,2,50.0,47,146.6,2,41,137.6,9.0,true
9554,kaajak,Top half of 84,false,false,Abyss,1,100.0,21,152.9,4,91,134.3,18.6,false
9554,kaajak,Top half of 84,false,false,Fracture,1,0.0,24,166.7,2,41,138.4,28.3,true
9554,kaajak,Top half of 84,false,false,Pearl,1,100.0,24,,,,136.9,,
40935,lovers rock,Top half of 84,false,false,Breeze,8,50.0,172,121.1,7,147,138.9,-17.7,false
40935,lovers rock,Top half of 84,false,false,Haven,6,50.0,129,139.5,11,231,138.3,1.2,false
40935,lovers rock,Top half of 84,false,false,Split,6,33.3,145,123.5,7,162,138.8,-15.2,false
40935,lovers rock,Top half of 84,false,false,Lotus,5,40.0,116,125.3,5,106,142.8,-17.6,false
40935,lovers rock,Top half of 84,false,false,Ascent,3,0.0,64,165.8,5,104,140.6,25.2,false
40935,lovers rock,Top half of 84,false,false,Summit,3,66.7,52,175.0,2,45,136.6,38.4,true
40935,lovers rock,Top half of 84,false,false,Bind,2,50.0,50,,,,136.0,,
40935,lovers rock,Top half of 84,false,false,Corrode,2,0.0,47,201.0,1,19,139.2,61.8,true
40935,lovers rock,Top half of 84,false,false,Sunset,2,50.0,47,146.3,4,83,137.6,8.7,false
40935,lovers rock,Top half of 84,false,false,Abyss,1,100.0,21,140.6,6,136,134.3,6.3,false
40935,lovers rock,Top half of 84,false,false,Fracture,1,0.0,24,92.0,1,18,138.4,-46.4,true
40935,lovers rock,Top half of 84,false,false,Pearl,1,100.0,24,167.6,4,85,136.9,30.8,false
55681,kozzy,Top half of 84,false,false,Breeze,8,50.0,172,,,,138.9,,
55681,kozzy,Top half of 84,false,false,Haven,6,50.0,129,149.8,2,47,138.3,11.6,true
55681,kozzy,Top half of 84,false,false,Split,6,33.3,145,164.0,2,46,138.8,25.2,true
55681,kozzy,Top half of 84,false,false,Lotus,5,40.0,116,147.3,6,116,142.8,4.4,false
55681,kozzy,Top half of 84,false,false,Ascent,3,0.0,64,,,,140.6,,
55681,kozzy,Top half of 84,false,false,Summit,3,66.7,52,188.6,2,41,136.6,52.0,true
55681,kozzy,Top half of 84,false,false,Bind,2,50.0,50,,,,136.0,,
55681,kozzy,Top half of 84,false,false,Corrode,2,0.0,47,,,,139.2,,
55681,kozzy,Top half of 84,false,false,Sunset,2,50.0,47,,,,137.6,,
55681,kozzy,Top half of 84,false,false,Abyss,1,100.0,21,177.2,3,72,134.3,42.8,false
55681,kozzy,Top half of 84,false,false,Fracture,1,0.0,24,,,,138.4,,
55681,kozzy,Top half of 84,false,false,Pearl,1,100.0,24,,,,136.9,,
16924,stew,Bottom half of 84,false,false,Breeze,8,50.0,172,156.0,1,21,138.9,17.1,true
16924,stew,Bottom half of 84,false,false,Haven,6,50.0,129,121.8,9,184,138.3,-16.5,false
16924,stew,Bottom half of 84,false,false,Split,6,33.3,145,151.0,3,65,138.8,12.2,false
16924,stew,Bottom half of 84,false,false,Lotus,5,40.0,116,127.7,4,69,142.8,-15.1,false
16924,stew,Bottom half of 84,false,false,Ascent,3,0.0,64,,,,140.6,,
16924,stew,Bottom half of 84,false,false,Summit,3,66.7,52,,,,136.6,,
16924,stew,Bottom half of 84,false,false,Bind,2,50.0,50,156.4,4,92,136.0,20.5,false
16924,stew,Bottom half of 84,false,false,Corrode,2,0.0,47,117.1,2,39,139.2,-22.1,true
16924,stew,Bottom half of 84,false,false,Sunset,2,50.0,47,,,,137.6,,
16924,stew,Bottom half of 84,false,false,Abyss,1,100.0,21,105.0,1,24,134.3,-29.3,true
16924,stew,Bottom half of 84,false,false,Fracture,1,0.0,24,134.8,4,89,138.4,-3.7,false
16924,stew,Bottom half of 84,false,false,Pearl,1,100.0,24,133.1,5,95,136.9,-3.8,false
49973,glacier,Bottom half of 84,false,false,Breeze,8,50.0,172,119.0,1,14,138.9,-19.9,true
49973,glacier,Bottom half of 84,false,false,Haven,6,50.0,129,127.4,4,88,138.3,-10.9,false
49973,glacier,Bottom half of 84,false,false,Split,6,33.3,145,161.0,1,17,138.8,22.2,true
49973,glacier,Bottom half of 84,false,false,Lotus,5,40.0,116,138.4,9,200,142.8,-4.4,false
49973,glacier,Bottom half of 84,false,false,Ascent,3,0.0,64,153.4,3,62,140.6,12.8,false
49973,glacier,Bottom half of 84,false,false,Summit,3,66.7,52,154.2,3,73,136.6,17.6,false
49973,glacier,Bottom half of 84,false,false,Bind,2,50.0,50,103.0,2,44,136.0,-33.0,true
49973,glacier,Bottom half of 84,false,false,Corrode,2,0.0,47,,,,139.2,,
49973,glacier,Bottom half of 84,false,false,Sunset,2,50.0,47,120.4,3,64,137.6,-17.2,false
49973,glacier,Bottom half of 84,false,false,Abyss,1,100.0,21,,,,134.3,,
49973,glacier,Bottom half of 84,false,false,Fracture,1,0.0,24,140.6,3,66,138.4,2.2,false
49973,glacier,Bottom half of 84,false,false,Pearl,1,100.0,24,141.0,1,19,136.9,4.1,true
22047,Rarga,Bottom half of 84,false,false,Breeze,8,50.0,172,152.0,11,230,138.9,13.1,false
22047,Rarga,Bottom half of 84,false,false,Haven,6,50.0,129,122.3,12,242,138.3,-15.9,false
22047,Rarga,Bottom half of 84,false,false,Split,6,33.3,145,119.5,14,290,138.8,-19.3,false
22047,Rarga,Bottom half of 84,false,false,Lotus,5,40.0,116,127.2,17,332,142.8,-15.6,false
22047,Rarga,Bottom half of 84,false,false,Ascent,3,0.0,64,175.1,2,37,140.6,34.5,true
22047,Rarga,Bottom half of 84,false,false,Summit,3,66.7,52,154.0,1,26,136.6,17.4,true
22047,Rarga,Bottom half of 84,false,false,Bind,2,50.0,50,153.5,7,149,136.0,17.5,false
22047,Rarga,Bottom half of 84,false,false,Corrode,2,0.0,47,,,,139.2,,
22047,Rarga,Bottom half of 84,false,false,Sunset,2,50.0,47,146.0,1,23,137.6,8.4,true
22047,Rarga,Bottom half of 84,false,false,Abyss,1,100.0,21,154.8,5,112,134.3,20.5,false
22047,Rarga,Bottom half of 84,false,false,Fracture,1,0.0,24,163.4,3,64,138.4,24.9,false
22047,Rarga,Bottom half of 84,false,false,Pearl,1,100.0,24,140.9,6,115,136.9,4.0,false
41720,Favian,Bottom half of 84,false,false,Breeze,8,50.0,172,130.6,4,83,138.9,-8.3,false
41720,Favian,Bottom half of 84,false,false,Haven,6,50.0,129,149.7,2,33,138.3,11.5,true
41720,Favian,Bottom half of 84,false,false,Split,6,33.3,145,142.5,11,232,138.8,3.7,false
41720,Favian,Bottom half of 84,false,false,Lotus,5,40.0,116,150.4,12,263,142.8,7.6,false
41720,Favian,Bottom half of 84,false,false,Ascent,3,0.0,64,137.1,6,120,140.6,-3.5,false
41720,Favian,Bottom half of 84,false,false,Summit,3,66.7,52,160.0,1,30,136.6,23.4,true
41720,Favian,Bottom half of 84,false,false,Bind,2,50.0,50,144.9,3,77,136.0,8.9,false
41720,Favian,Bottom half of 84,false,false,Corrode,2,0.0,47,97.0,1,14,139.2,-42.2,true
41720,Favian,Bottom half of 84,false,false,Sunset,2,50.0,47,149.0,1,19,137.6,11.4,true
41720,Favian,Bottom half of 84,false,false,Abyss,1,100.0,21,155.0,1,21,134.3,20.7,true
41720,Favian,Bottom half of 84,false,false,Fracture,1,0.0,24,118.9,3,67,138.4,-19.5,false
41720,Favian,Bottom half of 84,false,false,Pearl,1,100.0,24,155.7,4,84,136.9,18.9,false
31827,Dambi,Bottom half of 84,false,false,Breeze,8,50.0,172,122.4,8,167,138.9,-16.4,false
31827,Dambi,Bottom half of 84,false,false,Haven,6,50.0,129,147.4,14,283,138.3,9.1,false
31827,Dambi,Bottom half of 84,false,false,Split,6,33.3,145,136.1,11,240,138.8,-2.7,false
31827,Dambi,Bottom half of 84,false,false,Lotus,5,40.0,116,137.3,3,60,142.8,-5.6,false
31827,Dambi,Bottom half of 84,false,false,Ascent,3,0.0,64,156.4,6,125,140.6,15.8,false
31827,Dambi,Bottom half of 84,false,false,Summit,3,66.7,52,137.0,2,44,136.6,0.4,true
31827,Dambi,Bottom half of 84,false,false,Bind,2,50.0,50,150.4,4,82,136.0,14.4,false
31827,Dambi,Bottom half of 84,false,false,Corrode,2,0.0,47,143.4,5,115,139.2,4.2,false
31827,Dambi,Bottom half of 84,false,false,Sunset,2,50.0,47,145.6,5,115,137.6,8.0,false
31827,Dambi,Bottom half of 84,false,false,Abyss,1,100.0,21,137.7,7,146,134.3,3.4,false
31827,Dambi,Bottom half of 84,false,false,Fracture,1,0.0,24,120.1,3,77,138.4,-18.3,false
31827,Dambi,Bottom half of 84,false,false,Pearl,1,100.0,24,152.8,3,63,136.9,15.9,false
4544,Filu,Bottom half of 84,false,false,Breeze,8,50.0,172,153.8,3,58,138.9,15.0,false
4544,Filu,Bottom half of 84,false,false,Haven,6,50.0,129,112.1,3,62,138.3,-26.2,false
4544,Filu,Bottom half of 84,false,false,Split,6,33.3,145,136.8,5,107,138.8,-2.0,false
4544,Filu,Bottom half of 84,false,false,Lotus,5,40.0,116,152.6,4,85,142.8,9.8,false
4544,Filu,Bottom half of 84,false,false,Ascent,3,0.0,64,,,,140.6,,
4544,Filu,Bottom half of 84,false,false,Summit,3,66.7,52,,,,136.6,,
4544,Filu,Bottom half of 84,false,false,Bind,2,50.0,50,123.8,6,143,136.0,-12.2,false
4544,Filu,Bottom half of 84,false,false,Corrode,2,0.0,47,,,,139.2,,
4544,Filu,Bottom half of 84,false,false,Sunset,2,50.0,47,,,,137.6,,
4544,Filu,Bottom half of 84,false,false,Abyss,1,100.0,21,87.0,1,20,134.3,-47.3,true
4544,Filu,Bottom half of 84,false,false,Fracture,1,0.0,24,131.0,1,22,138.4,-7.4,true
4544,Filu,Bottom half of 84,false,false,Pearl,1,100.0,24,109.0,2,45,136.9,-27.8,true
31753,SpiritZ1,Bottom half of 84,false,false,Breeze,8,50.0,172,144.8,10,199,138.9,5.9,false
31753,SpiritZ1,Bottom half of 84,false,false,Haven,6,50.0,129,148.5,11,241,138.3,10.3,false
31753,SpiritZ1,Bottom half of 84,false,false,Split,6,33.3,145,129.8,8,173,138.8,-8.9,false
31753,SpiritZ1,Bottom half of 84,false,false,Lotus,5,40.0,116,150.8,13,250,142.8,8.0,false
31753,SpiritZ1,Bottom half of 84,false,false,Ascent,3,0.0,64,144.6,3,51,140.6,4.0,false
31753,SpiritZ1,Bottom half of 84,false,false,Summit,3,66.7,52,126.9,3,69,136.6,-9.7,false
31753,SpiritZ1,Bottom half of 84,false,false,Bind,2,50.0,50,145.4,3,76,136.0,9.4,false
31753,SpiritZ1,Bottom half of 84,false,false,Corrode,2,0.0,47,131.9,4,84,139.2,-7.3,false
31753,SpiritZ1,Bottom half of 84,false,false,Sunset,2,50.0,47,154.7,2,47,137.6,17.1,true
31753,SpiritZ1,Bottom half of 84,false,false,Abyss,1,100.0,21,128.1,3,62,134.3,-6.2,false
31753,SpiritZ1,Bottom half of 84,false,false,Fracture,1,0.0,24,110.0,1,22,138.4,-28.4,true
31753,SpiritZ1,Bottom half of 84,false,false,Pearl,1,100.0,24,140.8,3,53,136.9,3.9,false
3028,Life,Bottom half of 84,false,false,Breeze,8,50.0,172,129.4,9,178,138.9,-9.5,false
3028,Life,Bottom half of 84,false,false,Haven,6,50.0,129,133.3,12,261,138.3,-4.9,false
3028,Life,Bottom half of 84,false,false,Split,6,33.3,145,128.6,5,111,138.8,-10.1,false
3028,Life,Bottom half of 84,false,false,Lotus,5,40.0,116,144.5,13,250,142.8,1.7,false
3028,Life,Bottom half of 84,false,false,Ascent,3,0.0,64,121.6,3,51,140.6,-19.0,false
3028,Life,Bottom half of 84,false,false,Summit,3,66.7,52,129.4,3,69,136.6,-7.2,false
3028,Life,Bottom half of 84,false,false,Bind,2,50.0,50,113.7,4,96,136.0,-22.3,false
3028,Life,Bottom half of 84,false,false,Corrode,2,0.0,47,,,,139.2,,
3028,Life,Bottom half of 84,false,false,Sunset,2,50.0,47,131.7,2,47,137.6,-5.9,true
3028,Life,Bottom half of 84,false,false,Abyss,1,100.0,21,,,,134.3,,
3028,Life,Bottom half of 84,false,false,Fracture,1,0.0,24,51.0,1,22,138.4,-87.4,true
3028,Life,Bottom half of 84,false,false,Pearl,1,100.0,24,120.1,3,59,136.9,-16.8,false
31828,Francis,Bottom half of 84,false,false,Breeze,8,50.0,172,153.4,8,167,138.9,14.5,false
31828,Francis,Bottom half of 84,false,false,Haven,6,50.0,129,143.5,14,283,138.3,5.3,false
31828,Francis,Bottom half of 84,false,false,Split,6,33.3,145,133.5,11,240,138.8,-5.3,false
31828,Francis,Bottom half of 84,false,false,Lotus,5,40.0,116,119.4,3,60,142.8,-23.5,false
31828,Francis,Bottom half of 84,false,false,Ascent,3,0.0,64,142.3,6,125,140.6,1.7,false
31828,Francis,Bottom half of 84,false,false,Summit,3,66.7,52,102.0,2,44,136.6,-34.6,true
31828,Francis,Bottom half of 84,false,false,Bind,2,50.0,50,165.8,4,82,136.0,29.8,false
31828,Francis,Bottom half of 84,false,false,Corrode,2,0.0,47,133.1,5,115,139.2,-6.1,false
31828,Francis,Bottom half of 84,false,false,Sunset,2,50.0,47,119.1,5,115,137.6,-18.5,false
31828,Francis,Bottom half of 84,false,false,Abyss,1,100.0,21,149.3,7,146,134.3,14.9,false
31828,Francis,Bottom half of 84,false,false,Fracture,1,0.0,24,144.5,3,77,138.4,6.0,false
31828,Francis,Bottom half of 84,false,false,Pearl,1,100.0,24,145.1,3,63,136.9,8.2,false
11332,ara,Bottom half of 84,false,false,Breeze,8,50.0,172,115.4,5,105,138.9,-23.5,false
11332,ara,Bottom half of 84,false,false,Haven,6,50.0,129,139.9,7,142,138.3,1.6,false
11332,ara,Bottom half of 84,false,false,Split,6,33.3,145,127.8,8,168,138.8,-11.0,false
11332,ara,Bottom half of 84,false,false,Lotus,5,40.0,116,155.1,2,38,142.8,12.2,true
11332,ara,Bottom half of 84,false,false,Ascent,3,0.0,64,154.1,5,110,140.6,13.5,false
11332,ara,Bottom half of 84,false,false,Summit,3,66.7,52,125.0,1,22,136.6,-11.6,true
11332,ara,Bottom half of 84,false,false,Bind,2,50.0,50,117.9,4,99,136.0,-18.0,false
11332,ara,Bottom half of 84,false,false,Corrode,2,0.0,47,,,,139.2,,
11332,ara,Bottom half of 84,false,false,Sunset,2,50.0,47,143.0,3,64,137.6,5.3,false
11332,ara,Bottom half of 84,false,false,Abyss,1,100.0,21,132.2,3,57,134.3,-2.1,false
11332,ara,Bottom half of 84,false,false,Fracture,1,0.0,24,,,,138.4,,
11332,ara,Bottom half of 84,false,false,Pearl,1,100.0,24,115.2,4,84,136.9,-21.7,false
21659,Sato,Bottom half of 84,false,false,Breeze,8,50.0,172,107.4,6,133,138.9,-31.5,false
21659,Sato,Bottom half of 84,false,false,Haven,6,50.0,129,158.4,9,193,138.3,20.2,false
21659,Sato,Bottom half of 84,false,false,Split,6,33.3,145,161.4,18,373,138.8,22.6,false
21659,Sato,Bottom half of 84,false,false,Lotus,5,40.0,116,127.7,7,131,142.8,-15.1,false
21659,Sato,Bottom half of 84,false,false,Ascent,3,0.0,64,159.8,7,138,140.6,19.2,false
21659,Sato,Bottom half of 84,false,false,Summit,3,66.7,52,96.4,4,85,136.6,-40.2,false
21659,Sato,Bottom half of 84,false,false,Bind,2,50.0,50,135.7,7,142,136.0,-0.3,false
21659,Sato,Bottom half of 84,false,false,Corrode,2,0.0,47,166.0,1,23,139.2,26.8,true
21659,Sato,Bottom half of 84,false,false,Sunset,2,50.0,47,158.1,4,72,137.6,20.4,false
21659,Sato,Bottom half of 84,false,false,Abyss,1,100.0,21,177.1,2,42,134.3,42.8,true
21659,Sato,Bottom half of 84,false,false,Fracture,1,0.0,24,151.7,5,99,138.4,13.2,false
21659,Sato,Bottom half of 84,false,false,Pearl,1,100.0,24,144.8,9,177,136.9,8.0,false
13788,JitBoyS,Bottom half of 84,false,false,Breeze,8,50.0,172,122.6,5,101,138.9,-16.2,false
13788,JitBoyS,Bottom half of 84,false,false,Haven,6,50.0,129,115.9,8,164,138.3,-22.3,false
13788,JitBoyS,Bottom half of 84,false,false,Split,6,33.3,145,150.2,11,244,138.8,11.4,false
13788,JitBoyS,Bottom half of 84,false,false,Lotus,5,40.0,116,143.6,7,153,142.8,0.7,false
13788,JitBoyS,Bottom half of 84,false,false,Ascent,3,0.0,64,159.5,3,58,140.6,18.9,false
13788,JitBoyS,Bottom half of 84,false,false,Summit,3,66.7,52,93.5,4,72,136.6,-43.1,false
13788,JitBoyS,Bottom half of 84,false,false,Bind,2,50.0,50,98.4,3,56,136.0,-37.6,false
13788,JitBoyS,Bottom half of 84,false,false,Corrode,2,0.0,47,88.1,2,33,139.2,-51.1,true
13788,JitBoyS,Bottom half of 84,false,false,Sunset,2,50.0,47,138.7,5,110,137.6,1.1,false
13788,JitBoyS,Bottom half of 84,false,false,Abyss,1,100.0,21,109.0,1,22,134.3,-25.3,true
13788,JitBoyS,Bottom half of 84,false,false,Fracture,1,0.0,24,115.9,5,94,138.4,-22.5,false
13788,JitBoyS,Bottom half of 84,false,false,Pearl,1,100.0,24,136.4,8,166,136.9,-0.5,false
52904,Akeman,Bottom half of 84,false,false,Breeze,8,50.0,172,94.3,2,44,138.9,-44.6,true
52904,Akeman,Bottom half of 84,false,false,Haven,6,50.0,129,,,,138.3,,
52904,Akeman,Bottom half of 84,false,false,Split,6,33.3,145,153.1,3,62,138.8,14.3,false
52904,Akeman,Bottom half of 84,false,false,Lotus,5,40.0,116,,,,142.8,,
52904,Akeman,Bottom half of 84,false,false,Ascent,3,0.0,64,180.0,1,15,140.6,39.4,true
52904,Akeman,Bottom half of 84,false,false,Summit,3,66.7,52,163.0,1,30,136.6,26.4,true
52904,Akeman,Bottom half of 84,false,false,Bind,2,50.0,50,136.0,1,28,136.0,0.0,true
52904,Akeman,Bottom half of 84,false,false,Corrode,2,0.0,47,121.0,4,84,139.2,-18.2,false
52904,Akeman,Bottom half of 84,false,false,Sunset,2,50.0,47,118.6,2,44,137.6,-19.0,true
52904,Akeman,Bottom half of 84,false,false,Abyss,1,100.0,21,88.9,3,62,134.3,-45.5,false
52904,Akeman,Bottom half of 84,false,false,Fracture,1,0.0,24,,,,138.4,,
52904,Akeman,Bottom half of 84,false,false,Pearl,1,100.0,24,131.4,2,34,136.9,-5.5,true
4881,Spitfires,Bottom half of 84,false,false,Breeze,8,50.0,172,126.3,6,152,138.9,-12.6,false
4881,Spitfires,Bottom half of 84,false,false,Haven,6,50.0,129,121.7,3,69,138.3,-16.5,false
4881,Spitfires,Bottom half of 84,false,false,Split,6,33.3,145,146.4,4,97,138.8,7.6,false
4881,Spitfires,Bottom half of 84,false,false,Lotus,5,40.0,116,167.5,2,40,142.8,24.7,true
4881,Spitfires,Bottom half of 84,false,false,Ascent,3,0.0,64,183.0,1,20,140.6,42.4,true
4881,Spitfires,Bottom half of 84,false,false,Summit,3,66.7,52,92.0,1,26,136.6,-44.6,true
4881,Spitfires,Bottom half of 84,false,false,Bind,2,50.0,50,100.0,1,21,136.0,-36.0,true
4881,Spitfires,Bottom half of 84,false,false,Corrode,2,0.0,47,,,,139.2,,
4881,Spitfires,Bottom half of 84,false,false,Sunset,2,50.0,47,113.2,2,35,137.6,-24.4,true
4881,Spitfires,Bottom half of 84,false,false,Abyss,1,100.0,21,,,,134.3,,
4881,Spitfires,Bottom half of 84,false,false,Fracture,1,0.0,24,123.9,6,125,138.4,-14.5,false
4881,Spitfires,Bottom half of 84,false,false,Pearl,1,100.0,24,91.0,1,21,136.9,-45.9,true
5564,DeadInk,Bottom half of 84,false,false,Breeze,8,50.0,172,,,,138.9,,
5564,DeadInk,Bottom half of 84,false,false,Haven,6,50.0,129,88.0,1,23,138.3,-50.3,true
5564,DeadInk,Bottom half of 84,false,false,Split,6,33.3,145,115.4,4,84,138.8,-23.4,false
5564,DeadInk,Bottom half of 84,false,false,Lotus,5,40.0,116,130.7,3,72,142.8,-12.1,false
5564,DeadInk,Bottom half of 84,false,false,Ascent,3,0.0,64,114.6,2,46,140.6,-26.0,true
5564,DeadInk,Bottom half of 84,false,false,Summit,3,66.7,52,116.7,3,64,136.6,-19.9,false
5564,DeadInk,Bottom half of 84,false,false,Bind,2,50.0,50,,,,136.0,,
5564,DeadInk,Bottom half of 84,false,false,Corrode,2,0.0,47,,,,139.2,,
5564,DeadInk,Bottom half of 84,false,false,Sunset,2,50.0,47,138.0,1,15,137.6,0.4,true
5564,DeadInk,Bottom half of 84,false,false,Abyss,1,100.0,21,113.5,2,48,134.3,-20.8,true
5564,DeadInk,Bottom half of 84,false,false,Fracture,1,0.0,24,,,,138.4,,
5564,DeadInk,Bottom half of 84,false,false,Pearl,1,100.0,24,,,,136.9,,
42235,Dynamite,Bottom half of 84,false,false,Breeze,8,50.0,172,132.3,9,220,138.9,-6.5,false
42235,Dynamite,Bottom half of 84,false,false,Haven,6,50.0,129,126.6,7,153,138.3,-11.6,false
42235,Dynamite,Bottom half of 84,false,false,Split,6,33.3,145,139.5,7,164,138.8,0.8,false
42235,Dynamite,Bottom half of 84,false,false,Lotus,5,40.0,116,119.0,2,40,142.8,-23.8,true
42235,Dynamite,Bottom half of 84,false,false,Ascent,3,0.0,64,143.3,4,75,140.6,2.7,false
42235,Dynamite,Bottom half of 84,false,false,Summit,3,66.7,52,141.5,5,124,136.6,4.9,false
42235,Dynamite,Bottom half of 84,false,false,Bind,2,50.0,50,131.3,3,59,136.0,-4.7,false
42235,Dynamite,Bottom half of 84,false,false,Corrode,2,0.0,47,123.0,1,23,139.2,-16.2,true
42235,Dynamite,Bottom half of 84,false,false,Sunset,2,50.0,47,128.7,7,140,137.6,-9.0,false
42235,Dynamite,Bottom half of 84,false,false,Abyss,1,100.0,21,,0,,134.3,,true
42235,Dynamite,Bottom half of 84,false,false,Fracture,1,0.0,24,138.9,6,125,138.4,0.4,false
42235,Dynamite,Bottom half of 84,false,false,Pearl,1,100.0,24,230.0,1,21,136.9,93.1,true
48025,alym,Bottom half of 84,false,false,Breeze,8,50.0,172,133.0,8,160,138.9,-5.9,false
48025,alym,Bottom half of 84,false,false,Haven,6,50.0,129,133.1,8,177,138.3,-5.2,false
48025,alym,Bottom half of 84,false,false,Split,6,33.3,145,113.2,7,133,138.8,-25.6,false
48025,alym,Bottom half of 84,false,false,Lotus,5,40.0,116,108.3,3,57,142.8,-34.5,false
48025,alym,Bottom half of 84,false,false,Ascent,3,0.0,64,,,,140.6,,
48025,alym,Bottom half of 84,false,false,Summit,3,66.7,52,,,,136.6,,
48025,alym,Bottom half of 84,false,false,Bind,2,50.0,50,78.8,2,40,136.0,-57.2,true
48025,alym,Bottom half of 84,false,false,Corrode,2,0.0,47,,,,139.2,,
48025,alym,Bottom half of 84,false,false,Sunset,2,50.0,47,,,,137.6,,
48025,alym,Bottom half of 84,false,false,Abyss,1,100.0,21,138.4,4,83,134.3,4.1,false
48025,alym,Bottom half of 84,false,false,Fracture,1,0.0,24,,,,138.4,,
48025,alym,Bottom half of 84,false,false,Pearl,1,100.0,24,147.8,5,97,136.9,10.9,false
10338,Lime,Bottom half of 84,false,false,Breeze,8,50.0,172,,,,138.9,,
10338,Lime,Bottom half of 84,false,false,Haven,6,50.0,129,121.3,2,47,138.3,-16.9,true
10338,Lime,Bottom half of 84,false,false,Split,6,33.3,145,129.5,2,46,138.8,-9.3,true
10338,Lime,Bottom half of 84,false,false,Lotus,5,40.0,116,115.3,6,116,142.8,-27.6,false
10338,Lime,Bottom half of 84,false,false,Ascent,3,0.0,64,,,,140.6,,
10338,Lime,Bottom half of 84,false,false,Summit,3,66.7,52,120.3,2,41,136.6,-16.3,true
10338,Lime,Bottom half of 84,false,false,Bind,2,50.0,50,,,,136.0,,
10338,Lime,Bottom half of 84,false,false,Corrode,2,0.0,47,,,,139.2,,
10338,Lime,Bottom half of 84,false,false,Sunset,2,50.0,47,,,,137.6,,
10338,Lime,Bottom half of 84,false,false,Abyss,1,100.0,21,135.7,3,72,134.3,1.4,false
10338,Lime,Bottom half of 84,false,false,Fracture,1,0.0,24,,,,138.4,,
10338,Lime,Bottom half of 84,false,false,Pearl,1,100.0,24,,,,136.9,,
11917,ExiT,Bottom half of 84,false,false,Breeze,8,50.0,172,113.6,2,40,138.9,-25.3,true
11917,ExiT,Bottom half of 84,false,false,Haven,6,50.0,129,143.6,3,68,138.3,5.4,false
11917,ExiT,Bottom half of 84,false,false,Split,6,33.3,145,148.2,3,61,138.8,9.4,false
11917,ExiT,Bottom half of 84,false,false,Lotus,5,40.0,116,,,,142.8,,
11917,ExiT,Bottom half of 84,false,false,Ascent,3,0.0,64,131.1,4,96,140.6,-9.5,false
11917,ExiT,Bottom half of 84,false,false,Summit,3,66.7,52,121.7,2,46,136.6,-14.9,true
11917,ExiT,Bottom half of 84,false,false,Bind,2,50.0,50,,,,136.0,,
11917,ExiT,Bottom half of 84,false,false,Corrode,2,0.0,47,,,,139.2,,
11917,ExiT,Bottom half of 84,false,false,Sunset,2,50.0,47,139.9,4,89,137.6,2.3,false
11917,ExiT,Bottom half of 84,false,false,Abyss,1,100.0,21,,,,134.3,,
11917,ExiT,Bottom half of 84,false,false,Fracture,1,0.0,24,,,,138.4,,
11917,ExiT,Bottom half of 84,false,false,Pearl,1,100.0,24,,,,136.9,,
41224,tkzin,Bottom half of 84,false,false,Breeze,8,50.0,172,143.6,2,52,138.9,4.8,true
41224,tkzin,Bottom half of 84,false,false,Haven,6,50.0,129,143.8,5,105,138.3,5.5,false
41224,tkzin,Bottom half of 84,false,false,Split,6,33.3,145,97.0,1,20,138.8,-41.8,true
41224,tkzin,Bottom half of 84,false,false,Lotus,5,40.0,116,136.2,6,112,142.8,-6.6,false
41224,tkzin,Bottom half of 84,false,false,Ascent,3,0.0,64,134.3,2,46,140.6,-6.2,true
41224,tkzin,Bottom half of 84,false,false,Summit,3,66.7,52,133.5,6,119,136.6,-3.1,false
41224,tkzin,Bottom half of 84,false,false,Bind,2,50.0,50,,,,136.0,,
41224,tkzin,Bottom half of 84,false,false,Corrode,2,0.0,47,,,,139.2,,
41224,tkzin,Bottom half of 84,false,false,Sunset,2,50.0,47,152.1,6,134,137.6,14.5,false
41224,tkzin,Bottom half of 84,false,false,Abyss,1,100.0,21,134.0,3,63,134.3,-0.3,false
41224,tkzin,Bottom half of 84,false,false,Fracture,1,0.0,24,,,,138.4,,
41224,tkzin,Bottom half of 84,false,false,Pearl,1,100.0,24,,,,136.9,,
11737,Xan,Bottom half of 84,false,false,Breeze,8,50.0,172,116.3,3,63,138.9,-22.6,false
11737,Xan,Bottom half of 84,false,false,Haven,6,50.0,129,162.9,4,88,138.3,24.6,false
11737,Xan,Bottom half of 84,false,false,Split,6,33.3,145,,,,138.8,,
11737,Xan,Bottom half of 84,false,false,Lotus,5,40.0,116,101.0,1,20,142.8,-41.8,true
11737,Xan,Bottom half of 84,false,false,Ascent,3,0.0,64,87.0,1,17,140.6,-53.6,true
11737,Xan,Bottom half of 84,false,false,Summit,3,66.7,52,131.2,3,63,136.6,-5.4,false
11737,Xan,Bottom half of 84,false,false,Bind,2,50.0,50,,,,136.0,,
11737,Xan,Bottom half of 84,false,false,Corrode,2,0.0,47,,,,139.2,,
11737,Xan,Bottom half of 84,false,false,Sunset,2,50.0,47,119.2,5,101,137.6,-18.4,false
11737,Xan,Bottom half of 84,false,false,Abyss,1,100.0,21,,,,134.3,,
11737,Xan,Bottom half of 84,false,false,Fracture,1,0.0,24,,,,138.4,,
11737,Xan,Bottom half of 84,false,false,Pearl,1,100.0,24,,,,136.9,,
7716,penny,Bottom half of 84,false,false,Breeze,8,50.0,172,124.9,4,89,138.9,-13.9,false
7716,penny,Bottom half of 84,false,false,Haven,6,50.0,129,117.8,3,60,138.3,-20.4,false
7716,penny,Bottom half of 84,false,false,Split,6,33.3,145,140.9,5,119,138.8,2.1,false
7716,penny,Bottom half of 84,false,false,Lotus,5,40.0,116,,,,142.8,,
7716,penny,Bottom half of 84,false,false,Ascent,3,0.0,64,,,,140.6,,
7716,penny,Bottom half of 84,false,false,Summit,3,66.7,52,,,,136.6,,
7716,penny,Bottom half of 84,false,false,Bind,2,50.0,50,119.9,2,40,136.0,-16.1,true
7716,penny,Bottom half of 84,false,false,Corrode,2,0.0,47,168.0,1,24,139.2,28.8,true
7716,penny,Bottom half of 84,false,false,Sunset,2,50.0,47,,,,137.6,,
7716,penny,Bottom half of 84,false,false,Abyss,1,100.0,21,115.6,2,39,134.3,-18.7,true
7716,penny,Bottom half of 84,false,false,Fracture,1,0.0,24,,,,138.4,,
7716,penny,Bottom half of 84,false,false,Pearl,1,100.0,24,117.9,6,132,136.9,-19.0,false
3722,koalanoob,Bottom half of 84,false,false,Breeze,8,50.0,172,140.6,13,266,138.9,1.8,false
3722,koalanoob,Bottom half of 84,false,false,Haven,6,50.0,129,114.5,15,338,138.3,-23.7,false
3722,koalanoob,Bottom half of 84,false,false,Split,6,33.3,145,144.8,10,200,138.8,6.0,false
3722,koalanoob,Bottom half of 84,false,false,Lotus,5,40.0,116,111.1,3,57,142.8,-31.7,false
3722,koalanoob,Bottom half of 84,false,false,Ascent,3,0.0,64,81.0,2,43,140.6,-59.5,true
3722,koalanoob,Bottom half of 84,false,false,Summit,3,66.7,52,101.5,3,66,136.6,-35.1,false
3722,koalanoob,Bottom half of 84,false,false,Bind,2,50.0,50,123.1,2,40,136.0,-12.9,true
3722,koalanoob,Bottom half of 84,false,false,Corrode,2,0.0,47,,,,139.2,,
3722,koalanoob,Bottom half of 84,false,false,Sunset,2,50.0,47,131.9,5,102,137.6,-5.7,false
3722,koalanoob,Bottom half of 84,false,false,Abyss,1,100.0,21,142.3,5,101,134.3,8.0,false
3722,koalanoob,Bottom half of 84,false,false,Fracture,1,0.0,24,,,,138.4,,
3722,koalanoob,Bottom half of 84,false,false,Pearl,1,100.0,24,144.4,5,97,136.9,7.5,false
63107,ra1ny,Bottom half of 84,false,false,Breeze,8,50.0,172,102.0,1,22,138.9,-36.9,true
63107,ra1ny,Bottom half of 84,false,false,Haven,6,50.0,129,177.6,2,40,138.3,39.3,true
63107,ra1ny,Bottom half of 84,false,false,Split,6,33.3,145,174.0,1,24,138.8,35.2,true
63107,ra1ny,Bottom half of 84,false,false,Lotus,5,40.0,116,,,,142.8,,
63107,ra1ny,Bottom half of 84,false,false,Ascent,3,0.0,64,132.3,3,55,140.6,-8.3,false
63107,ra1ny,Bottom half of 84,false,false,Summit,3,66.7,52,148.3,4,98,136.6,11.7,false
63107,ra1ny,Bottom half of 84,false,false,Bind,2,50.0,50,,,,136.0,,
63107,ra1ny,Bottom half of 84,false,false,Corrode,2,0.0,47,,,,139.2,,
63107,ra1ny,Bottom half of 84,false,false,Sunset,2,50.0,47,159.0,5,105,137.6,21.4,false
63107,ra1ny,Bottom half of 84,false,false,Abyss,1,100.0,21,,,,134.3,,
63107,ra1ny,Bottom half of 84,false,false,Fracture,1,0.0,24,,,,138.4,,
63107,ra1ny,Bottom half of 84,false,false,Pearl,1,100.0,24,,,,136.9,,
8376,seven,Bottom half of 84,false,false,Breeze,8,50.0,172,170.6,2,44,138.9,31.8,true
8376,seven,Bottom half of 84,false,false,Haven,6,50.0,129,135.4,3,62,138.3,-2.9,false
8376,seven,Bottom half of 84,false,false,Split,6,33.3,145,132.8,11,230,138.8,-6.0,false
8376,seven,Bottom half of 84,false,false,Lotus,5,40.0,116,132.6,5,108,142.8,-10.3,false
8376,seven,Bottom half of 84,false,false,Ascent,3,0.0,64,103.4,5,96,140.6,-37.2,false
8376,seven,Bottom half of 84,false,false,Summit,3,66.7,52,161.3,2,44,136.6,24.7,true
8376,seven,Bottom half of 84,false,false,Bind,2,50.0,50,149.0,1,26,136.0,13.0,true
8376,seven,Bottom half of 84,false,false,Corrode,2,0.0,47,,,,139.2,,
8376,seven,Bottom half of 84,false,false,Sunset,2,50.0,47,116.4,3,58,137.6,-21.2,false
8376,seven,Bottom half of 84,false,false,Abyss,1,100.0,21,162.5,3,62,134.3,28.2,false
8376,seven,Bottom half of 84,false,false,Fracture,1,0.0,24,151.0,1,24,138.4,12.6,true
8376,seven,Bottom half of 84,false,false,Pearl,1,100.0,24,99.0,2,43,136.9,-37.9,true
12793,xeus,Bottom half of 84,false,false,Breeze,8,50.0,172,153.2,2,36,138.9,14.3,true
12793,xeus,Bottom half of 84,false,false,Haven,6,50.0,129,143.4,14,319,138.3,5.1,false
12793,xeus,Bottom half of 84,false,false,Split,6,33.3,145,133.3,13,272,138.8,-5.5,false
12793,xeus,Bottom half of 84,false,false,Lotus,5,40.0,116,134.3,12,271,142.8,-8.5,false
12793,xeus,Bottom half of 84,false,false,Ascent,3,0.0,64,125.1,10,188,140.6,-15.5,false
12793,xeus,Bottom half of 84,false,false,Summit,3,66.7,52,100.8,2,45,136.6,-35.8,true
12793,xeus,Bottom half of 84,false,false,Bind,2,50.0,50,125.3,3,64,136.0,-10.7,false
12793,xeus,Bottom half of 84,false,false,Corrode,2,0.0,47,173.0,1,34,139.2,33.8,true
12793,xeus,Bottom half of 84,false,false,Sunset,2,50.0,47,152.7,3,69,137.6,15.1,false
12793,xeus,Bottom half of 84,false,false,Abyss,1,100.0,21,126.9,2,37,134.3,-7.5,true
12793,xeus,Bottom half of 84,false,false,Fracture,1,0.0,24,138.7,5,103,138.4,0.3,false
12793,xeus,Bottom half of 84,false,false,Pearl,1,100.0,24,128.0,6,143,136.9,-8.9,false
50025,Setrod,Bottom half of 84,false,false,Breeze,8,50.0,172,112.2,3,66,138.9,-26.6,false
50025,Setrod,Bottom half of 84,false,false,Haven,6,50.0,129,149.0,1,20,138.3,10.7,true
50025,Setrod,Bottom half of 84,false,false,Split,6,33.3,145,107.4,5,100,138.8,-31.4,false
50025,Setrod,Bottom half of 84,false,false,Lotus,5,40.0,116,126.8,5,107,142.8,-16.1,false
50025,Setrod,Bottom half of 84,false,false,Ascent,3,0.0,64,177.1,3,62,140.6,36.5,false
50025,Setrod,Bottom half of 84,false,false,Summit,3,66.7,52,156.3,2,35,136.6,19.8,true
50025,Setrod,Bottom half of 84,false,false,Bind,2,50.0,50,138.8,3,66,136.0,2.9,false
50025,Setrod,Bottom half of 84,false,false,Corrode,2,0.0,47,,,,139.2,,
50025,Setrod,Bottom half of 84,false,false,Sunset,2,50.0,47,145.1,5,104,137.6,7.5,false
50025,Setrod,Bottom half of 84,false,false,Abyss,1,100.0,21,,,,134.3,,
50025,Setrod,Bottom half of 84,false,false,Fracture,1,0.0,24,113.6,2,37,138.4,-24.8,true
50025,Setrod,Bottom half of 84,false,false,Pearl,1,100.0,24,120.9,6,118,136.9,-16.0,false
573,cNed,Bottom half of 84,false,false,Breeze,8,50.0,172,102.5,2,44,138.9,-36.3,true
573,cNed,Bottom half of 84,false,false,Haven,6,50.0,129,125.5,2,43,138.3,-12.8,true
573,cNed,Bottom half of 84,false,false,Split,6,33.3,145,116.0,7,147,138.8,-22.7,false
573,cNed,Bottom half of 84,false,false,Lotus,5,40.0,116,130.7,2,41,142.8,-12.2,true
573,cNed,Bottom half of 84,false,false,Ascent,3,0.0,64,,,,140.6,,
573,cNed,Bottom half of 84,false,false,Summit,3,66.7,52,,,,136.6,,
573,cNed,Bottom half of 84,false,false,Bind,2,50.0,50,121.0,1,26,136.0,-15.0,true
573,cNed,Bottom half of 84,false,false,Corrode,2,0.0,47,,,,139.2,,
573,cNed,Bottom half of 84,false,false,Sunset,2,50.0,47,,,,137.6,,
573,cNed,Bottom half of 84,false,false,Abyss,1,100.0,21,89.6,3,62,134.3,-44.7,false
573,cNed,Bottom half of 84,false,false,Fracture,1,0.0,24,123.0,1,24,138.4,-15.4,true
573,cNed,Bottom half of 84,false,false,Pearl,1,100.0,24,121.6,2,43,136.9,-15.3,true
18400,bipo,Bottom half of 84,false,false,Breeze,8,50.0,172,,,,138.9,,
18400,bipo,Bottom half of 84,false,false,Haven,6,50.0,129,117.8,9,214,138.3,-20.5,false
18400,bipo,Bottom half of 84,false,false,Split,6,33.3,145,120.8,8,148,138.8,-17.9,false
18400,bipo,Bottom half of 84,false,false,Lotus,5,40.0,116,106.5,5,111,142.8,-36.4,false
18400,bipo,Bottom half of 84,false,false,Ascent,3,0.0,64,116.4,5,98,140.6,-24.2,false
18400,bipo,Bottom half of 84,false,false,Summit,3,66.7,52,,,,136.6,,
18400,bipo,Bottom half of 84,false,false,Bind,2,50.0,50,117.4,6,129,136.0,-18.6,false
18400,bipo,Bottom half of 84,false,false,Corrode,2,0.0,47,109.4,3,72,139.2,-29.8,false
18400,bipo,Bottom half of 84,false,false,Sunset,2,50.0,47,81.7,4,86,137.6,-55.9,false
18400,bipo,Bottom half of 84,false,false,Abyss,1,100.0,21,147.7,4,92,134.3,13.4,false
18400,bipo,Bottom half of 84,false,false,Fracture,1,0.0,24,106.5,3,54,138.4,-31.9,false
18400,bipo,Bottom half of 84,false,false,Pearl,1,100.0,24,117.7,8,183,136.9,-19.1,false
37532,Zexy,Bottom half of 84,false,false,Breeze,8,50.0,172,149.2,2,45,138.9,10.4,true
37532,Zexy,Bottom half of 84,false,false,Haven,6,50.0,129,102.3,9,205,138.3,-36.0,false
37532,Zexy,Bottom half of 84,false,false,Split,6,33.3,145,128.5,8,191,138.8,-10.2,false
37532,Zexy,Bottom half of 84,false,false,Lotus,5,40.0,116,154.2,5,115,142.8,11.3,false
37532,Zexy,Bottom half of 84,false,false,Ascent,3,0.0,64,145.0,1,16,140.6,4.4,true
37532,Zexy,Bottom half of 84,false,false,Summit,3,66.7,52,101.1,3,61,136.6,-35.5,false
37532,Zexy,Bottom half of 84,false,false,Bind,2,50.0,50,136.3,3,65,136.0,0.3,false
37532,Zexy,Bottom half of 84,false,false,Corrode,2,0.0,47,144.0,1,23,139.2,4.8,true
37532,Zexy,Bottom half of 84,false,false,Sunset,2,50.0,47,121.5,3,68,137.6,-16.1,false
37532,Zexy,Bottom half of 84,false,false,Abyss,1,100.0,21,224.0,1,20,134.3,89.7,true
37532,Zexy,Bottom half of 84,false,false,Fracture,1,0.0,24,140.5,2,44,138.4,2.1,true
37532,Zexy,Bottom half of 84,false,false,Pearl,1,100.0,24,122.1,2,55,136.9,-14.8,true
11527,NoMan,Bottom half of 84,false,false,Breeze,8,50.0,172,110.4,11,230,138.9,-28.5,false
11527,NoMan,Bottom half of 84,false,false,Haven,6,50.0,129,111.4,12,242,138.3,-26.9,false
11527,NoMan,Bottom half of 84,false,false,Split,6,33.3,145,128.8,14,290,138.8,-10.0,false
11527,NoMan,Bottom half of 84,false,false,Lotus,5,40.0,116,115.1,17,332,142.8,-27.8,false
11527,NoMan,Bottom half of 84,false,false,Ascent,3,0.0,64,155.4,2,37,140.6,14.8,true
11527,NoMan,Bottom half of 84,false,false,Summit,3,66.7,52,95.0,1,26,136.6,-41.6,true
11527,NoMan,Bottom half of 84,false,false,Bind,2,50.0,50,114.6,7,149,136.0,-21.4,false
11527,NoMan,Bottom half of 84,false,false,Corrode,2,0.0,47,,,,139.2,,
11527,NoMan,Bottom half of 84,false,false,Sunset,2,50.0,47,180.0,1,23,137.6,42.4,true
11527,NoMan,Bottom half of 84,false,false,Abyss,1,100.0,21,106.8,5,112,134.3,-27.5,false
11527,NoMan,Bottom half of 84,false,false,Fracture,1,0.0,24,128.9,3,64,138.4,-9.5,false
11527,NoMan,Bottom half of 84,false,false,Pearl,1,100.0,24,118.0,6,115,136.9,-18.9,false
10160,Izzy,Bottom half of 84,false,false,Breeze,8,50.0,172,119.0,2,49,138.9,-19.9,true
10160,Izzy,Bottom half of 84,false,false,Haven,6,50.0,129,,,,138.3,,
10160,Izzy,Bottom half of 84,false,false,Split,6,33.3,145,88.2,5,112,138.8,-50.6,false
10160,Izzy,Bottom half of 84,false,false,Lotus,5,40.0,116,139.2,8,165,142.8,-3.6,false
10160,Izzy,Bottom half of 84,false,false,Ascent,3,0.0,64,150.0,3,58,140.6,9.4,false
10160,Izzy,Bottom half of 84,false,false,Summit,3,66.7,52,,,,136.6,,
10160,Izzy,Bottom half of 84,false,false,Bind,2,50.0,50,134.6,2,56,136.0,-1.4,true
10160,Izzy,Bottom half of 84,false,false,Corrode,2,0.0,47,,,,139.2,,
10160,Izzy,Bottom half of 84,false,false,Sunset,2,50.0,47,134.0,1,19,137.6,-3.6,true
10160,Izzy,Bottom half of 84,false,false,Abyss,1,100.0,21,,,,134.3,,
10160,Izzy,Bottom half of 84,false,false,Fracture,1,0.0,24,107.9,3,67,138.4,-30.5,false
10160,Izzy,Bottom half of 84,false,false,Pearl,1,100.0,24,140.7,3,58,136.9,3.8,false
41135,Dantedeu5,Bottom half of 84,false,false,Breeze,8,50.0,172,124.4,9,191,138.9,-14.5,false
41135,Dantedeu5,Bottom half of 84,false,false,Haven,6,50.0,129,111.8,5,108,138.3,-26.4,false
41135,Dantedeu5,Bottom half of 84,false,false,Split,6,33.3,145,99.7,4,71,138.8,-39.1,false
41135,Dantedeu5,Bottom half of 84,false,false,Lotus,5,40.0,116,119.8,9,197,142.8,-23.0,false
41135,Dantedeu5,Bottom half of 84,false,false,Ascent,3,0.0,64,130.9,3,67,140.6,-9.7,false
41135,Dantedeu5,Bottom half of 84,false,false,Summit,3,66.7,52,112.5,3,54,136.6,-24.1,false
41135,Dantedeu5,Bottom half of 84,false,false,Bind,2,50.0,50,123.3,2,36,136.0,-12.7,true
41135,Dantedeu5,Bottom half of 84,false,false,Corrode,2,0.0,47,,,,139.2,,
41135,Dantedeu5,Bottom half of 84,false,false,Sunset,2,50.0,47,107.2,5,90,137.6,-30.4,false
41135,Dantedeu5,Bottom half of 84,false,false,Abyss,1,100.0,21,,,,134.3,,
41135,Dantedeu5,Bottom half of 84,false,false,Fracture,1,0.0,24,,,,138.4,,
41135,Dantedeu5,Bottom half of 84,false,false,Pearl,1,100.0,24,,,,136.9,,
51099,ZynX,Bottom half of 84,false,false,Breeze,8,50.0,172,157.6,4,87,138.9,18.7,false
51099,ZynX,Bottom half of 84,false,false,Haven,6,50.0,129,134.7,4,100,138.3,-3.5,false
51099,ZynX,Bottom half of 84,false,false,Split,6,33.3,145,75.0,1,17,138.8,-63.8,true
51099,ZynX,Bottom half of 84,false,false,Lotus,5,40.0,116,144.0,1,16,142.8,1.2,true
51099,ZynX,Bottom half of 84,false,false,Ascent,3,0.0,64,,,,140.6,,
51099,ZynX,Bottom half of 84,false,false,Summit,3,66.7,52,,,,136.6,,
51099,ZynX,Bottom half of 84,false,false,Bind,2,50.0,50,91.5,2,42,136.0,-44.5,true
51099,ZynX,Bottom half of 84,false,false,Corrode,2,0.0,47,,,,139.2,,
51099,ZynX,Bottom half of 84,false,false,Sunset,2,50.0,47,,,,137.6,,
51099,ZynX,Bottom half of 84,false,false,Abyss,1,100.0,21,101.1,2,45,134.3,-33.3,true
51099,ZynX,Bottom half of 84,false,false,Fracture,1,0.0,24,95.0,1,16,138.4,-43.4,true
51099,ZynX,Bottom half of 84,false,false,Pearl,1,100.0,24,139.6,3,82,136.9,2.7,false
25017,Ash,Bottom half of 84,false,false,Breeze,8,50.0,172,113.9,6,128,138.9,-25.0,false
25017,Ash,Bottom half of 84,false,false,Haven,6,50.0,129,119.8,7,153,138.3,-18.4,false
25017,Ash,Bottom half of 84,false,false,Split,6,33.3,145,133.3,4,96,138.8,-5.5,false
25017,Ash,Bottom half of 84,false,false,Lotus,5,40.0,116,130.0,5,115,142.8,-12.8,false
25017,Ash,Bottom half of 84,false,false,Ascent,3,0.0,64,128.2,3,61,140.6,-12.4,false
25017,Ash,Bottom half of 84,false,false,Summit,3,66.7,52,152.5,3,70,136.6,15.9,false
25017,Ash,Bottom half of 84,false,false,Bind,2,50.0,50,112.0,1,21,136.0,-24.0,true
25017,Ash,Bottom half of 84,false,false,Corrode,2,0.0,47,,,,139.2,,
25017,Ash,Bottom half of 84,false,false,Sunset,2,50.0,47,133.3,5,121,137.6,-4.3,false
25017,Ash,Bottom half of 84,false,false,Abyss,1,100.0,21,130.9,2,45,134.3,-3.4,true
25017,Ash,Bottom half of 84,false,false,Fracture,1,0.0,24,112.0,1,16,138.4,-26.4,true
25017,Ash,Bottom half of 84,false,false,Pearl,1,100.0,24,103.1,4,105,136.9,-33.8,false
3983,Virtyy,Bottom half of 84,false,false,Breeze,8,50.0,172,124.4,5,113,138.9,-14.4,false
3983,Virtyy,Bottom half of 84,false,false,Haven,6,50.0,129,114.1,5,106,138.3,-24.1,false
3983,Virtyy,Bottom half of 84,false,false,Split,6,33.3,145,88.6,3,55,138.8,-50.2,false
3983,Virtyy,Bottom half of 84,false,false,Lotus,5,40.0,116,130.0,2,36,142.8,-12.8,true
3983,Virtyy,Bottom half of 84,false,false,Ascent,3,0.0,64,,,,140.6,,
3983,Virtyy,Bottom half of 84,false,false,Summit,3,66.7,52,,,,136.6,,
3983,Virtyy,Bottom half of 84,false,false,Bind,2,50.0,50,142.0,2,35,136.0,6.0,true
3983,Virtyy,Bottom half of 84,false,false,Corrode,2,0.0,47,,,,139.2,,
3983,Virtyy,Bottom half of 84,false,false,Sunset,2,50.0,47,,,,137.6,,
3983,Virtyy,Bottom half of 84,false,false,Abyss,1,100.0,21,111.4,2,50,134.3,-22.9,true
3983,Virtyy,Bottom half of 84,false,false,Fracture,1,0.0,24,,,,138.4,,
3983,Virtyy,Bottom half of 84,false,false,Pearl,1,100.0,24,99.2,3,62,136.9,-37.7,false
39697,cb,Bottom half of 84,false,false,Breeze,8,50.0,172,83.6,2,34,138.9,-55.3,true
39697,cb,Bottom half of 84,false,false,Haven,6,50.0,129,115.5,5,114,138.3,-22.8,false
39697,cb,Bottom half of 84,false,false,Split,6,33.3,145,130.7,7,143,138.8,-8.1,false
39697,cb,Bottom half of 84,false,false,Lotus,5,40.0,116,138.0,4,83,142.8,-4.8,false
39697,cb,Bottom half of 84,false,false,Ascent,3,0.0,64,143.0,1,20,140.6,2.4,true
39697,cb,Bottom half of 84,false,false,Summit,3,66.7,52,116.1,4,93,136.6,-20.5,false
39697,cb,Bottom half of 84,false,false,Bind,2,50.0,50,121.6,3,56,136.0,-14.4,false
39697,cb,Bottom half of 84,false,false,Corrode,2,0.0,47,145.7,2,39,139.2,6.5,true
39697,cb,Bottom half of 84,false,false,Sunset,2,50.0,47,156.0,3,69,137.6,18.4,false
39697,cb,Bottom half of 84,false,false,Abyss,1,100.0,21,130.0,3,61,134.3,-4.3,false
39697,cb,Bottom half of 84,false,false,Fracture,1,0.0,24,,,,138.4,,
39697,cb,Bottom half of 84,false,false,Pearl,1,100.0,24,139.7,4,76,136.9,2.8,false
34776,Absol,Bottom half of 84,false,false,Breeze,8,50.0,172,137.4,4,90,138.9,-1.5,false
34776,Absol,Bottom half of 84,false,false,Haven,6,50.0,129,124.5,9,189,138.3,-13.7,false
34776,Absol,Bottom half of 84,false,false,Split,6,33.3,145,130.4,9,184,138.8,-8.4,false
34776,Absol,Bottom half of 84,false,false,Lotus,5,40.0,116,151.9,3,64,142.8,9.1,false
34776,Absol,Bottom half of 84,false,false,Ascent,3,0.0,64,101.2,2,37,140.6,-39.3,true
34776,Absol,Bottom half of 84,false,false,Summit,3,66.7,52,,,,136.6,,
34776,Absol,Bottom half of 84,false,false,Bind,2,50.0,50,152.0,4,83,136.0,16.0,false
34776,Absol,Bottom half of 84,false,false,Corrode,2,0.0,47,119.0,1,17,139.2,-20.2,true
34776,Absol,Bottom half of 84,false,false,Sunset,2,50.0,47,170.8,5,122,137.6,33.2,false
34776,Absol,Bottom half of 84,false,false,Abyss,1,100.0,21,91.8,2,46,134.3,-42.5,true
34776,Absol,Bottom half of 84,false,false,Fracture,1,0.0,24,148.9,3,60,138.4,10.5,false
34776,Absol,Bottom half of 84,false,false,Pearl,1,100.0,24,119.0,1,18,136.9,-17.9,true
64029,FT,Bottom half of 84,false,false,Breeze,8,50.0,172,,0,,138.9,,true
64029,FT,Bottom half of 84,false,false,Haven,6,50.0,129,121.8,3,69,138.3,-16.4,false
64029,FT,Bottom half of 84,false,false,Split,6,33.3,145,102.2,5,113,138.8,-36.5,false
64029,FT,Bottom half of 84,false,false,Lotus,5,40.0,116,136.7,5,103,142.8,-6.1,false
64029,FT,Bottom half of 84,false,false,Ascent,3,0.0,64,,0,,140.6,,true
64029,FT,Bottom half of 84,false,false,Summit,3,66.7,52,108.2,3,63,136.6,-28.4,false
64029,FT,Bottom half of 84,false,false,Bind,2,50.0,50,,,,136.0,,
64029,FT,Bottom half of 84,false,false,Corrode,2,0.0,47,,,,139.2,,
64029,FT,Bottom half of 84,false,false,Sunset,2,50.0,47,98.2,3,78,137.6,-39.4,false
64029,FT,Bottom half of 84,false,false,Abyss,1,100.0,21,,,,134.3,,
64029,FT,Bottom half of 84,false,false,Fracture,1,0.0,24,,,,138.4,,
64029,FT,Bottom half of 84,false,false,Pearl,1,100.0,24,,,,136.9,,
41798,nightz,Bottom half of 84,false,false,Breeze,8,50.0,172,119.2,2,41,138.9,-19.7,true
41798,nightz,Bottom half of 84,false,false,Haven,6,50.0,129,128.0,4,92,138.3,-10.2,false
41798,nightz,Bottom half of 84,false,false,Split,6,33.3,145,112.0,3,59,138.8,-26.8,false
41798,nightz,Bottom half of 84,false,false,Lotus,5,40.0,116,81.0,1,19,142.8,-61.8,true
41798,nightz,Bottom half of 84,false,false,Ascent,3,0.0,64,158.1,6,125,140.6,17.5,false
41798,nightz,Bottom half of 84,false,false,Summit,3,66.7,52,172.9,2,37,136.6,36.4,true
41798,nightz,Bottom half of 84,false,false,Bind,2,50.0,50,,,,136.0,,
41798,nightz,Bottom half of 84,false,false,Corrode,2,0.0,47,,,,139.2,,
41798,nightz,Bottom half of 84,false,false,Sunset,2,50.0,47,160.3,3,56,137.6,22.7,false
41798,nightz,Bottom half of 84,false,false,Abyss,1,100.0,21,,,,134.3,,
41798,nightz,Bottom half of 84,false,false,Fracture,1,0.0,24,,,,138.4,,
41798,nightz,Bottom half of 84,false,false,Pearl,1,100.0,24,,,,136.9,,
46040,Youze,Bottom half of 84,false,false,Breeze,8,50.0,172,87.0,1,19,138.9,-51.9,true
46040,Youze,Bottom half of 84,false,false,Haven,6,50.0,129,109.7,2,45,138.3,-28.6,true
46040,Youze,Bottom half of 84,false,false,Split,6,33.3,145,116.0,1,21,138.8,-22.8,true
46040,Youze,Bottom half of 84,false,false,Lotus,5,40.0,116,111.7,4,78,142.8,-31.1,false
46040,Youze,Bottom half of 84,false,false,Ascent,3,0.0,64,,,,140.6,,
46040,Youze,Bottom half of 84,false,false,Summit,3,66.7,52,,,,136.6,,
46040,Youze,Bottom half of 84,false,false,Bind,2,50.0,50,110.4,3,56,136.0,-25.6,false
46040,Youze,Bottom half of 84,false,false,Corrode,2,0.0,47,,,,139.2,,
46040,Youze,Bottom half of 84,false,false,Sunset,2,50.0,47,,,,137.6,,
46040,Youze,Bottom half of 84,false,false,Abyss,1,100.0,21,,,,134.3,,
46040,Youze,Bottom half of 84,false,false,Fracture,1,0.0,24,78.0,1,20,138.4,-60.4,true
46040,Youze,Bottom half of 84,false,false,Pearl,1,100.0,24,155.0,1,16,136.9,18.1,true
35302,Eggsterr,Bottom half of 84,false,false,Breeze,8,50.0,172,81.5,3,64,138.9,-57.4,false
35302,Eggsterr,Bottom half of 84,false,false,Haven,6,50.0,129,116.5,3,53,138.3,-21.7,false
35302,Eggsterr,Bottom half of 84,false,false,Split,6,33.3,145,116.0,2,48,138.8,-22.8,true
35302,Eggsterr,Bottom half of 84,false,false,Lotus,5,40.0,116,109.9,2,41,142.8,-32.9,true
35302,Eggsterr,Bottom half of 84,false,false,Ascent,3,0.0,64,,,,140.6,,
35302,Eggsterr,Bottom half of 84,false,false,Summit,3,66.7,52,,,,136.6,,
35302,Eggsterr,Bottom half of 84,false,false,Bind,2,50.0,50,141.1,3,55,136.0,5.1,false
35302,Eggsterr,Bottom half of 84,false,false,Corrode,2,0.0,47,124.0,3,65,139.2,-15.2,false
35302,Eggsterr,Bottom half of 84,false,false,Sunset,2,50.0,47,,,,137.6,,
35302,Eggsterr,Bottom half of 84,false,false,Abyss,1,100.0,21,89.3,3,64,134.3,-45.0,false
35302,Eggsterr,Bottom half of 84,false,false,Fracture,1,0.0,24,112.0,1,17,138.4,-26.4,true
35302,Eggsterr,Bottom half of 84,false,false,Pearl,1,100.0,24,117.8,5,128,136.9,-19.0,false
