role,metric,weight
duelist,adr,0.25
duelist,fkpr,0.20
duelist,opening_win_pct,0.20
duelist,kast_pct,0.15
duelist,dpr,0.10
duelist,cv_adr,0.10
initiator,adr,0.20
initiator,apr,0.20
initiator,kast_pct,0.25
initiator,opening_win_pct,0.10
initiator,dpr,0.10
initiator,cv_adr,0.15
controller,adr,0.15
controller,apr,0.25
controller,kast_pct,0.30
controller,dpr,0.15
controller,cv_adr,0.15
sentinel,adr,0.20
sentinel,apr,0.15
sentinel,kast_pct,0.25
sentinel,dpr,0.20
sentinel,cv_adr,0.20
Flex,adr,0.20
Flex,apr,0.15
Flex,kast_pct,0.20
Flex,dpr,0.15
Flex,fkpr,0.10
Flex,opening_win_pct,0.10
Flex,cv_adr,0.10
