player_id,player_name,career_prize_usd,source,as_of,label,note
6672,Meiy,3988.73,https://www.esportsearnings.com/players/93463-meiy-,2026-09-29,"prize money, not salary",player page (accessed date)
45492,swagzor,,https://www.esportsearnings.com/games/646-valorant/top-players,2026-09-29,"prize money, not salary",no Esports Earnings page found; < 78796 (outside top 100)
5022,Derke,295483,https://www.esportsearnings.com/games/646-valorant/top-players,2026-07-12,"prize money, not salary",top-100 list #11
3520,ZmjjKK,305234,https://www.esportsearnings.com/games/646-valorant/top-players,2026-07-12,"prize money, not salary",top-100 list #6
25255,primmie,9118.11,https://www.esportsearnings.com/players/108385-primmie-,2026-09-29,"prize money, not salary",player page (accessed date)
804,BuZz,185715,https://www.esportsearnings.com/games/646-valorant/top-players,2026-07-12,"prize money, not salary",top-100 list #37
8873,dgzin,17079.41,https://www.esportsearnings.com/players/77058-dgz-douglas-silva,2026-09-29,"prize money, not salary",VALORANT only; page total 143079.41 includes CrossFire
18796,OXY,8229.98,https://www.esportsearnings.com/players/128944-oxy-francis-hoang,2026-09-29,"prize money, not salary",player page (accessed date)
21328,Wo0t,255633,https://www.esportsearnings.com/games/646-valorant/top-players,2026-07-12,"prize money, not salary",top-100 list #20
29893,Timotino,120000,https://www.esportsearnings.com/games/646-valorant/top-players,2026-07-12,"prize money, not salary",top-100 list #68
