match_id,event,scheduled,listing_status,url
753444,Valorant Champions 2026,2026-09-24,TBD,https://www.vlr.gg/753444/100-thieves-vs-t1-valorant-champions-2026-opening-a
753463,Valorant Champions 2026,2026-09-24,TBD,https://www.vlr.gg/753463/tbd-valorant-champions-2026-decider-d
753446,Valorant Champions 2026,2026-09-24,TBD,https://www.vlr.gg/753446/tbd-valorant-champions-2026-winners-a
753447,Valorant Champions 2026,2026-09-24,TBD,https://www.vlr.gg/753447/tbd-valorant-champions-2026-elim-a
753448,Valorant Champions 2026,2026-09-24,TBD,https://www.vlr.gg/753448/tbd-valorant-champions-2026-decider-a
753449,Valorant Champions 2026,2026-09-24,TBD,https://www.vlr.gg/753449/global-esports-vs-team-vitality-valorant-champions-2026-opening-b
753450,Valorant Champions 2026,2026-09-24,TBD,https://www.vlr.gg/753450/loud-vs-edward-gaming-valorant-champions-2026-opening-b
753451,Valorant Champions 2026,2026-09-24,TBD,https://www.vlr.gg/753451/tbd-valorant-champions-2026-winners-b
753452,Valorant Champions 2026,2026-09-24,TBD,https://www.vlr.gg/753452/tbd-valorant-champions-2026-elim-b
753445,Valorant Champions 2026,2026-09-24,TBD,https://www.vlr.gg/753445/jd-gaming-vs-fut-esports-valorant-champions-2026-opening-a
753454,Valorant Champions 2026,2026-09-24,TBD,https://www.vlr.gg/753454/tyloo-vs-g2-esports-valorant-champions-2026-opening-c
753455,Valorant Champions 2026,2026-09-24,TBD,https://www.vlr.gg/753455/team-liquid-vs-paper-rex-valorant-champions-2026-opening-c
753456,Valorant Champions 2026,2026-09-24,TBD,https://www.vlr.gg/753456/tbd-valorant-champions-2026-winners-c
753457,Valorant Champions 2026,2026-09-24,TBD,https://www.vlr.gg/753457/tbd-valorant-champions-2026-elim-c
753458,Valorant Champions 2026,2026-09-24,TBD,https://www.vlr.gg/753458/tbd-valorant-champions-2026-decider-c
753459,Valorant Champions 2026,2026-09-24,TBD,https://www.vlr.gg/753459/karmine-corp-vs-xi-lai-gaming-valorant-champions-2026-opening-d
753460,Valorant Champions 2026,2026-09-24,TBD,https://www.vlr.gg/753460/nongshim-redforce-vs-nrg-valorant-champions-2026-opening-d
753461,Valorant Champions 2026,2026-09-24,TBD,https://www.vlr.gg/753461/tbd-valorant-champions-2026-winners-d
753462,Valorant Champions 2026,2026-09-24,TBD,https://www.vlr.gg/753462/tbd-valorant-champions-2026-elim-d
753453,Valorant Champions 2026,2026-09-24,TBD,https://www.vlr.gg/753453/tbd-valorant-champions-2026-decider-b
754730,Valorant Champions 2026,2026-10-07,Upcoming,https://www.vlr.gg/754730/tbd-valorant-champions-2026-ubqf
754731,Valorant Champions 2026,2026-10-07,Upcoming,https://www.vlr.gg/754731/tbd-valorant-champions-2026-ubqf
754732,Valorant Champions 2026,2026-10-08,Upcoming,https://www.vlr.gg/754732/tbd-valorant-champions-2026-ubqf
754733,Valorant Champions 2026,2026-10-08,Upcoming,https://www.vlr.gg/754733/tbd-valorant-champions-2026-ubqf
754738,Valorant Champions 2026,2026-10-09,Upcoming,https://www.vlr.gg/754738/tbd-valorant-champions-2026-lr1
754739,Valorant Champions 2026,2026-10-09,Upcoming,https://www.vlr.gg/754739/tbd-valorant-champions-2026-lr1
754734,Valorant Champions 2026,2026-10-10,Upcoming,https://www.vlr.gg/754734/tbd-valorant-champions-2026-ubsf
754735,Valorant Champions 2026,2026-10-10,Upcoming,https://www.vlr.gg/754735/tbd-valorant-champions-2026-ubsf
754740,Valorant Champions 2026,2026-10-11,Upcoming,https://www.vlr.gg/754740/tbd-valorant-champions-2026-lr2
754741,Valorant Champions 2026,2026-10-11,Upcoming,https://www.vlr.gg/754741/tbd-valorant-champions-2026-lr2
754742,Valorant Champions 2026,2026-10-16,Upcoming,https://www.vlr.gg/754742/tbd-valorant-champions-2026-lr3
754736,Valorant Champions 2026,2026-10-16,Upcoming,https://www.vlr.gg/754736/tbd-valorant-champions-2026-ubf
754743,Valorant Champions 2026,2026-10-17,Upcoming,https://www.vlr.gg/754743/tbd-valorant-champions-2026-lbf
754737,Valorant Champions 2026,2026-10-18,Upcoming,https://www.vlr.gg/754737/tbd-valorant-champions-2026-gf
