player_name,role,maps,first_map,last_map
Jerrwin,duelist,30,2026-04-19,2026-08-22
JonahP,initiator,32,2026-04-10,2026-08-22
Kyu,initiator,8,2026-01-18,2026-02-07
Marved,controller,3,2026-07-17,2026-07-17
N4RRATE,duelist,7,2026-01-18,2026-02-07
N4RRATE,sentinel,1,2026-02-07,2026-02-07
Reduxx,duelist,23,2026-01-18,2026-08-22
Reduxx,controller,17,2026-01-25,2026-08-22
Victor,duelist,2,2026-04-10,2026-04-10
cortezia,controller,21,2026-01-18,2026-08-20
cortezia,sentinel,19,2026-01-24,2026-08-22
johnqt,controller,27,2026-01-18,2026-08-22
johnqt,sentinel,5,2026-04-19,2026-08-08
johnqt,duelist,3,2026-08-20,2026-08-22
johnqt,initiator,2,2026-01-24,2026-01-25
