player_name,teams,region,maps,rounds,adr_maps,duelist_share,eligible,adr,kast_pct,kpr,fk_per_100r,fd_per_100r
Kachoww,Fire Flux Esports,EMEA,16,352,16,0.75,true,167.0,75.6,0.929,18.18,11.65
kozzy,Enterprise Esports,EMEA,15,322,15,1.0,true,162.0,69.5,0.863,15.53,14.29
primmie,FULL SENSE,Pacific,62,1273,62,0.87,true,161.4,73.3,0.902,16.5,12.57
marteen,Gentle Mates,EMEA,59,1274,59,0.95,true,160.4,74.5,0.872,14.29,11.54
splash,TYLOO,China,71,1508,63,1.0,true,157.9,72.1,0.851,17.08,15.41
swagzor,Nova Esports,China,33,701,27,0.97,true,154.0,71.0,0.84,21.11,18.82
OXY,Cloud9,Americas,43,900,43,0.88,true,153.8,69.9,0.879,20.22,18.78
Meiy,DetonatioN FocusMe,Pacific,55,1182,53,1.0,true,153.0,73.1,0.875,17.43,13.11
ZmjjKK,EDward Gaming,China,85,1763,77,0.91,true,152.5,70.3,0.842,19.4,16.5
ra1ny,Wuxi Titan Esports Club,China,20,433,16,1.0,true,151.2,65.7,0.753,16.84,21.68
HYUNMIN,KIWOOM DRX,Pacific,61,1298,61,1.0,true,150.4,71.9,0.79,11.56,11.94
whzy,Guangzhou Huadu Bilibili Gaming,China,60,1284,52,0.92,true,148.5,71.3,0.806,16.47,14.4
kamo,Team Liquid,EMEA,72,1528,72,0.85,true,147.9,73.3,0.782,12.3,11.13
dgzin,Evil Geniuses,Americas,45,967,45,0.93,true,147.6,68.5,0.845,19.34,16.13
Zeus,Team Secret,Pacific,23,485,23,1.0,true,147.5,73.9,0.786,18.97,20.41
Derke,Team Vitality,EMEA,71,1488,71,1.0,true,147.4,71.7,0.792,17.0,14.45
t3xture,Gen.G,Pacific,43,969,43,0.65,true,146.9,70.5,0.809,18.37,15.07
Sato,LEVIATÁN,Americas,79,1608,79,0.91,true,145.9,73.1,0.772,12.5,11.75
f4ngeer,All Gamers,China,76,1596,65,0.87,true,145.6,69.4,0.821,18.38,14.58
s0pp,FUT Esports,EMEA,65,1394,65,0.97,true,145.4,71.3,0.791,20.01,15.06
Jinggg,Paper Rex,Pacific,101,2155,99,0.7,true,145.0,74.1,0.765,12.25,10.39
LewN,Karmine Corp,EMEA,45,959,45,1.0,true,144.6,70.7,0.808,16.48,14.39
BuZz,T1,Pacific,69,1476,69,0.94,true,144.6,72.0,0.806,15.11,13.01
Timotino,100 Thieves,Americas,62,1329,62,1.0,true,144.0,68.8,0.763,19.56,18.21
Favian,ULF Esports / Eternal Fire,EMEA,49,1043,49,0.67,true,143.2,68.3,0.777,11.7,11.98
aspas,MIBR,Americas,56,1173,56,1.0,true,142.4,72.4,0.778,14.49,12.11
SpiritZ1,Dragon Ranger Gaming,China,73,1530,64,1.0,true,141.8,68.1,0.762,15.77,14.4
MiniBoo,Team Liquid,EMEA,45,969,45,1.0,true,141.3,70.8,0.773,17.96,16.51
UdoTan,Global Esports,Pacific,75,1613,75,0.77,true,141.0,71.7,0.756,14.26,13.27
spike,LEVIATÁN,Americas,79,1608,79,0.8,true,140.8,72.3,0.771,16.54,14.37
Dambi,Nongshim RedForce,Pacific,71,1517,71,1.0,true,140.5,70.1,0.788,14.3,14.9
lovers rock,BBL Esports,EMEA,53,1136,53,1.0,true,140.3,70.9,0.783,17.52,11.71
Wo0t,Team Heretics,EMEA,69,1436,69,0.75,true,140.1,72.6,0.753,14.97,12.67
Francis,Nongshim RedForce,Pacific,71,1517,71,0.73,true,140.0,71.3,0.75,13.78,13.71
nightz,ENVY,Americas,21,429,21,0.67,true,139.7,70.2,0.699,10.49,8.86
tkzin,LOUD,Americas,31,651,31,1.0,true,139.2,69.4,0.74,14.29,17.97
zhe,JD Gaming,China,73,1521,61,0.86,true,139.0,72.8,0.773,14.79,14.71
Jemkin,Rex Regum Qeon,Pacific,53,1159,53,0.64,true,138.6,71.4,0.789,16.57,13.2
Kai,Trace Esports,China,63,1359,52,1.0,true,138.4,69.2,0.757,16.16,14.42
kaajak,FNATIC,EMEA,55,1236,55,1.0,true,137.7,66.8,0.769,16.26,16.59
something,Paper Rex,Pacific,101,2155,99,0.87,true,137.2,71.2,0.765,13.97,11.88
Rarga,Xi Lai Gaming,China,89,1834,79,0.85,true,137.1,70.9,0.762,16.68,14.65
zekken,MIBR,Americas,56,1173,56,0.77,true,136.6,72.3,0.736,13.38,12.79
Absol,ZETA DIVISION,Pacific,43,910,43,1.0,true,136.4,66.7,0.737,14.18,16.48
glacier,Wolves Esports,China,36,772,30,1.0,true,136.4,67.8,0.737,18.95,21.78
Dynamite,Wuxi Titan Esports Club,China,62,1358,52,0.98,true,135.7,69.7,0.698,13.0,15.6
Lar0k,BBL Esports,EMEA,53,1136,53,0.81,true,135.4,70.1,0.735,12.5,11.88
xeus,FUT Esports,EMEA,73,1581,73,0.95,true,135.2,67.9,0.738,12.21,12.08
ExiT,Natus Vincere,EMEA,18,400,18,1.0,true,135.0,67.8,0.728,14.25,20.0
koshmaras,Team Heretics,EMEA,52,1085,52,0.9,true,135.0,71.6,0.712,15.48,15.48
jawgemo,G2 Esports,Americas,92,1941,92,0.99,true,134.9,69.5,0.717,14.79,16.69
ComeBack,Natus Vincere / Team Heretics,EMEA,24,503,24,0.79,true,133.9,66.8,0.728,17.69,13.52
keznit,ENVY,Americas,46,964,46,0.96,true,133.8,69.1,0.714,16.08,15.15
seven,PCIFIC Esports,EMEA,38,797,38,0.68,true,133.4,68.8,0.657,12.17,17.82
stew,JD Gaming,China,39,795,33,0.62,true,133.4,72.9,0.747,10.91,9.73
mada,NRG,Americas,87,1835,87,0.89,true,132.1,70.6,0.74,18.04,17.06
ara,GIANTX,EMEA,42,889,42,1.0,true,131.7,67.6,0.736,15.97,15.86
Xlele,FunPlus Phoenix / Trace Esports,China,40,844,35,0.85,true,131.5,71.1,0.713,12.31,11.64
Setrod,FunPlus Phoenix,China,41,841,35,0.68,true,131.3,70.5,0.718,15.38,13.99
Filu,Natus Vincere,EMEA,25,542,25,0.68,true,130.5,67.9,0.673,12.18,13.47
JitBoyS,FULL SENSE,Pacific,62,1273,62,0.69,true,130.1,69.5,0.694,13.9,14.61
Life,Dragon Ranger Gaming / FunPlus Phoenix,China,66,1380,55,0.97,true,130.0,67.9,0.701,16.07,17.16
Xan,Rex Regum Qeon,Pacific,17,352,17,1.0,true,129.2,67.7,0.71,13.64,14.49
cb,EDward Gaming / Nova Esports,China,47,975,38,0.83,true,128.9,69.1,0.693,10.37,12.3
Spitfires,Wuxi Titan Esports Club,China,30,670,27,0.9,true,128.7,67.3,0.673,13.04,15.35
ZynX,Gen.G,Pacific,18,405,18,0.83,true,128.7,65.9,0.699,11.11,12.84
koalanoob,FURIA,Americas,63,1310,63,0.78,true,128.5,67.6,0.704,15.19,16.64
Zexy,VARREL,Pacific,40,908,40,1.0,true,128.0,65.8,0.695,16.08,16.52
alym,FURIA,Americas,37,747,37,0.97,true,127.2,67.9,0.705,16.87,18.47
Jerrwin,Sentinels,Americas,30,658,30,1.0,true,127.0,65.8,0.675,19.15,17.93
penny,Cloud9,Americas,23,503,23,0.61,true,126.9,69.3,0.684,10.54,13.92
Akeman,Dragon Ranger Gaming / KeepBest Gaming,China,19,403,19,1.0,true,125.1,66.2,0.658,17.12,19.35
Izzy,Eternal Fire,EMEA,27,584,27,1.0,true,124.8,69.4,0.707,16.1,17.47
Ash,Gen.G,Pacific,41,931,41,0.61,true,124.7,70.6,0.682,11.82,13.21
Lime,Enterprise Esports,EMEA,15,322,15,1.0,true,123.4,71.1,0.655,13.98,12.11
NoMan,Xi Lai Gaming,China,87,1787,79,0.69,true,118.0,68.1,0.641,12.02,13.93
DeadInk,Fire Flux Esports,EMEA,16,352,16,0.81,true,117.6,70.8,0.682,15.06,7.39
Dantedeu5,KRÜ Esports,Americas,40,814,40,1.0,true,117.2,68.4,0.625,13.51,18.06
bipo,Gentle Mates,EMEA,55,1187,55,0.76,true,115.6,67.7,0.635,10.87,13.98
Virtyy,LOUD,Americas,22,457,22,1.0,true,114.7,66.3,0.621,12.69,16.85
cNed,PCIFIC Esports,EMEA,20,430,20,0.95,true,114.4,64.4,0.626,12.09,16.05
FT,Guangzhou Huadu Bilibili Gaming,China,27,591,19,0.63,true,113.9,65.4,0.616,8.35,10.28
Eggsterr,ENVY,Americas,25,535,25,0.72,true,112.1,68.1,0.611,11.59,12.71
Youze,All Gamers,China,15,293,13,0.93,true,109.7,62.5,0.594,11.76,17.65
endoist,Xipto Esports,Pacific,5,113,5,1.0,false,167.2,73.4,0.832,15.93,10.62
Boni,M80,Americas,4,88,4,1.0,false,165.4,65.8,0.841,17.05,15.91
Palla,Fluxo W7M,Americas,5,99,5,1.0,false,155.1,67.8,0.838,15.15,21.21
Xiesta,ONSIDE GAMING,Pacific,11,234,11,1.0,false,152.1,71.8,0.808,15.38,14.53
Pa1ze,Joblife,EMEA,13,289,13,1.0,false,151.1,70.2,0.782,24.57,18.34
Jamelinho213,Eintracht Frankfurt,EMEA,12,243,12,1.0,false,149.1,69.5,0.798,21.4,18.93
runneR,Joblife,EMEA,13,289,13,0.77,false,148.5,70.3,0.751,10.73,10.38
Zanatsu,Fluxo W7M,Americas,5,99,5,0.6,false,141.5,63.6,0.687,13.13,18.18
Kadoom,Sharper Esports,Pacific,12,253,12,1.0,false,137.5,67.3,0.708,16.6,20.16
yilai,Guangzhou Huadu Bilibili Gaming,China,13,258,13,0.77,false,137.3,69.8,0.764,12.79,15.89
doffy,Xipto Esports,Pacific,5,113,5,1.0,false,137.1,66.5,0.752,14.16,13.27
Tacolilla,BESTIA,Americas,7,132,7,1.0,false,135.8,69.8,0.803,15.15,20.45
Spear,Eternal Fire,EMEA,13,284,13,0.92,false,135.1,65.6,0.673,12.68,13.38
infiltrator,KRÜ Esports,Americas,8,164,8,0.88,false,133.5,67.7,0.701,14.02,18.9
Pkm,QT DIG∞,Pacific,6,126,6,1.0,false,129.6,60.3,0.69,15.08,13.49
Folykiki,A Team,China,5,118,5,1.0,false,128.7,64.3,0.669,16.1,13.56
gobera,2Game Esports,Americas,5,111,5,1.0,false,127.4,66.6,0.64,18.02,12.61
Ben1Ley,FunPlus Phoenix,China,13,262,12,1.0,false,126.6,66.9,0.649,11.02,15.25
Loss,BESTIA,Americas,7,132,7,0.71,false,126.3,64.2,0.682,14.39,11.36
qck,2Game Esports,Americas,5,111,5,0.8,false,122.9,69.4,0.586,12.61,14.41
Victor,Sentinels,Americas,2,43,2,1.0,false,121.2,55.6,0.651,23.26,20.93
yuran,QT DIG∞,Pacific,6,126,6,1.0,false,117.6,57.9,0.571,8.73,16.67
mta,KRÜ Esports,Americas,8,164,8,0.75,false,114.8,69.6,0.659,10.98,10.37
thyy,FULL SENSE,Pacific,12,237,12,1.0,false,114.8,70.0,0.574,8.02,11.39
d3mur,ULF Esports,EMEA,9,175,9,1.0,false,114.7,63.6,0.64,11.43,21.71
Kolosha,Natus Vincere,EMEA,9,201,9,1.0,false,113.1,62.9,0.542,11.94,18.91
Rimuru,Team Secret,Pacific,6,141,6,1.0,false,111.2,58.9,0.582,19.15,31.91
TenTen,Team Secret,Pacific,7,133,7,1.0,false,108.9,63.8,0.602,13.53,19.55
Flicker,KIWOOM DRX,Pacific,10,196,10,1.0,false,104.2,64.9,0.5,10.2,14.8
Sharks,Xi Lai Gaming,China,2,47,0,1.0,false,,69.9,0.723,21.28,21.28
