game_id,player_name,stat,vlr,snapshot,match
278640,BerLIN,acs_all,129.0,129.0,True
278640,BerLIN,adr_all,86.0,86.0,True
278640,BerLIN,assists_all,4.0,4.0,True
278640,BerLIN,deaths_all,11.0,11.0,True
278640,BerLIN,fd_all,1.0,1.0,True
278640,BerLIN,fk_all,1.0,1.0,True
278640,BerLIN,hs_pct_all,21.0,21.0,True
278640,BerLIN,kast_all,79.0,79.0,True
278640,BerLIN,kills_all,8.0,8.0,True
278640,BerLIN,rating_all,0.86,0.86,True
278640,Erv,acs_all,175.0,175.0,True
278640,Erv,adr_all,118.0,118.0,True
278640,Erv,assists_all,10.0,10.0,True
278640,Erv,deaths_all,15.0,15.0,True
278640,Erv,fd_all,2.0,2.0,True
278640,Erv,fk_all,0.0,0.0,True
278640,Erv,hs_pct_all,29.0,29.0,True
278640,Erv,kast_all,74.0,74.0,True
278640,Erv,kills_all,10.0,10.0,True
278640,Erv,rating_all,0.83,0.83,True
278640,Scales,acs_all,157.0,157.0,True
278640,Scales,adr_all,97.0,97.0,True
278640,Scales,assists_all,1.0,1.0,True
278640,Scales,deaths_all,15.0,15.0,True
278640,Scales,fd_all,3.0,3.0,True
278640,Scales,fk_all,1.0,1.0,True
278640,Scales,hs_pct_all,55.0,55.0,True
278640,Scales,kast_all,58.0,58.0,True
278640,Scales,kills_all,12.0,12.0,True
278640,Scales,rating_all,0.75,0.75,True
278640,SiuFatBB,acs_all,129.0,129.0,True
278640,SiuFatBB,adr_all,89.0,89.0,True
278640,SiuFatBB,assists_all,2.0,2.0,True
278640,SiuFatBB,deaths_all,15.0,15.0,True
278640,SiuFatBB,fd_all,0.0,0.0,True
278640,SiuFatBB,fk_all,1.0,1.0,True
278640,SiuFatBB,hs_pct_all,15.0,15.0,True
278640,SiuFatBB,kast_all,68.0,68.0,True
278640,SiuFatBB,kills_all,9.0,9.0,True
278640,SiuFatBB,rating_all,0.73,0.73,True
278640,Yuicaw,acs_all,316.0,316.0,True
278640,Yuicaw,adr_all,203.0,203.0,True
278640,Yuicaw,assists_all,6.0,6.0,True
278640,Yuicaw,deaths_all,14.0,14.0,True
278640,Yuicaw,fd_all,2.0,2.0,True
278640,Yuicaw,fk_all,4.0,4.0,True
278640,Yuicaw,hs_pct_all,38.0,38.0,True
278640,Yuicaw,kast_all,84.0,84.0,True
278640,Yuicaw,kills_all,21.0,21.0,True
278640,Yuicaw,rating_all,1.3,1.3,True
278640,crownfisher,acs_all,142.0,142.0,True
278640,crownfisher,adr_all,100.0,100.0,True
278640,crownfisher,assists_all,11.0,11.0,True
278640,crownfisher,deaths_all,13.0,13.0,True
278640,crownfisher,fd_all,1.0,1.0,True
278640,crownfisher,fk_all,1.0,1.0,True
278640,crownfisher,hs_pct_all,42.0,42.0,True
278640,crownfisher,kast_all,79.0,79.0,True
278640,crownfisher,kills_all,10.0,10.0,True
278640,crownfisher,rating_all,0.85,0.85,True
278640,jkuro,acs_all,247.0,247.0,True
278640,jkuro,adr_all,164.0,164.0,True
278640,jkuro,assists_all,2.0,2.0,True
278640,jkuro,deaths_all,10.0,10.0,True
278640,jkuro,fd_all,2.0,2.0,True
278640,jkuro,fk_all,2.0,2.0,True
278640,jkuro,hs_pct_all,46.0,46.0,True
278640,jkuro,kast_all,89.0,89.0,True
278640,jkuro,kills_all,20.0,20.0,True
278640,jkuro,rating_all,1.44,1.44,True
278640,slowly,acs_all,213.0,213.0,True
278640,slowly,adr_all,144.0,144.0,True
278640,slowly,assists_all,2.0,2.0,True
278640,slowly,deaths_all,17.0,17.0,True
278640,slowly,fd_all,2.0,2.0,True
278640,slowly,fk_all,2.0,2.0,True
278640,slowly,hs_pct_all,39.0,39.0,True
278640,slowly,kast_all,74.0,74.0,True
278640,slowly,kills_all,14.0,14.0,True
278640,slowly,rating_all,0.79,0.79,True
278640,splash,acs_all,203.0,203.0,True
278640,splash,adr_all,135.0,135.0,True
278640,splash,assists_all,3.0,3.0,True
278640,splash,deaths_all,15.0,15.0,True
278640,splash,fd_all,4.0,4.0,True
278640,splash,fk_all,4.0,4.0,True
278640,splash,hs_pct_all,39.0,39.0,True
278640,splash,kast_all,68.0,68.0,True
278640,splash,kills_all,13.0,13.0,True
278640,splash,rating_all,0.93,0.93,True
278640,zhe,acs_all,254.0,254.0,True
278640,zhe,adr_all,175.0,175.0,True
278640,zhe,assists_all,3.0,3.0,True
278640,zhe,deaths_all,10.0,10.0,True
278640,zhe,fd_all,2.0,2.0,True
278640,zhe,fk_all,3.0,3.0,True
278640,zhe,hs_pct_all,31.0,31.0,True
278640,zhe,kast_all,68.0,68.0,True
278640,zhe,kills_all,18.0,18.0,True
278640,zhe,rating_all,1.43,1.43,True
278641,BerLIN,acs_all,213.0,213.0,True
278641,BerLIN,adr_all,132.0,132.0,True
278641,BerLIN,assists_all,4.0,4.0,True
278641,BerLIN,deaths_all,16.0,16.0,True
278641,BerLIN,fd_all,2.0,2.0,True
278641,BerLIN,fk_all,2.0,2.0,True
278641,BerLIN,hs_pct_all,39.0,39.0,True
278641,BerLIN,kast_all,75.0,75.0,True
278641,BerLIN,kills_all,16.0,16.0,True
278641,BerLIN,rating_all,1.04,1.04,True
278641,Erv,acs_all,199.0,199.0,True
278641,Erv,adr_all,125.0,125.0,True
278641,Erv,assists_all,7.0,7.0,True
278641,Erv,deaths_all,12.0,12.0,True
278641,Erv,fd_all,0.0,0.0,True
278641,Erv,fk_all,0.0,0.0,True
278641,Erv,hs_pct_all,29.0,29.0,True
278641,Erv,kast_all,100.0,100.0,True
278641,Erv,kills_all,16.0,16.0,True
278641,Erv,rating_all,1.2,1.2,True
278641,Scales,acs_all,228.0,228.0,True
278641,Scales,adr_all,145.0,145.0,True
278641,Scales,assists_all,7.0,7.0,True
278641,Scales,deaths_all,9.0,9.0,True
278641,Scales,fd_all,1.0,1.0,True
278641,Scales,fk_all,3.0,3.0,True
278641,Scales,hs_pct_all,30.0,30.0,True
278641,Scales,kast_all,80.0,80.0,True
278641,Scales,kills_all,16.0,16.0,True
278641,Scales,rating_all,1.47,1.47,True
278641,SiuFatBB,acs_all,222.0,222.0,True
278641,SiuFatBB,adr_all,150.0,150.0,True
278641,SiuFatBB,assists_all,7.0,7.0,True
278641,SiuFatBB,deaths_all,12.0,12.0,True
278641,SiuFatBB,fd_all,2.0,2.0,True
278641,SiuFatBB,fk_all,3.0,3.0,True
278641,SiuFatBB,hs_pct_all,31.0,31.0,True
278641,SiuFatBB,kast_all,90.0,90.0,True
278641,SiuFatBB,kills_all,17.0,17.0,True
278641,SiuFatBB,rating_all,1.29,1.29,True
278641,Yuicaw,acs_all,228.0,228.0,True
278641,Yuicaw,adr_all,169.0,169.0,True
278641,Yuicaw,assists_all,4.0,4.0,True
278641,Yuicaw,deaths_all,16.0,16.0,True
278641,Yuicaw,fd_all,1.0,1.0,True
278641,Yuicaw,fk_all,2.0,2.0,True
278641,Yuicaw,hs_pct_all,32.0,32.0,True
278641,Yuicaw,kast_all,75.0,75.0,True
278641,Yuicaw,kills_all,15.0,15.0,True
278641,Yuicaw,rating_all,0.96,0.96,True
278641,crownfisher,acs_all,124.0,124.0,True
278641,crownfisher,adr_all,75.0,75.0,True
278641,crownfisher,assists_all,7.0,7.0,True
278641,crownfisher,deaths_all,15.0,15.0,True
278641,crownfisher,fd_all,0.0,0.0,True
278641,crownfisher,fk_all,1.0,1.0,True
278641,crownfisher,hs_pct_all,36.0,36.0,True
278641,crownfisher,kast_all,60.0,60.0,True
278641,crownfisher,kills_all,9.0,9.0,True
278641,crownfisher,rating_all,0.64,0.64,True
278641,jkuro,acs_all,146.0,146.0,True
278641,jkuro,adr_all,92.0,92.0,True
278641,jkuro,assists_all,2.0,2.0,True
278641,jkuro,deaths_all,16.0,16.0,True
278641,jkuro,fd_all,5.0,5.0,True
278641,jkuro,fk_all,1.0,1.0,True
278641,jkuro,hs_pct_all,35.0,35.0,True
278641,jkuro,kast_all,60.0,60.0,True
278641,jkuro,kills_all,11.0,11.0,True
278641,jkuro,rating_all,0.61,0.61,True
278641,slowly,acs_all,233.0,233.0,True
278641,slowly,adr_all,160.0,160.0,True
278641,slowly,assists_all,3.0,3.0,True
278641,slowly,deaths_all,16.0,16.0,True
278641,slowly,fd_all,3.0,3.0,True
278641,slowly,fk_all,4.0,4.0,True
278641,slowly,hs_pct_all,29.0,29.0,True
278641,slowly,kast_all,70.0,70.0,True
278641,slowly,kills_all,16.0,16.0,True
278641,slowly,rating_all,1.01,1.01,True
278641,splash,acs_all,237.0,237.0,True
278641,splash,adr_all,162.0,162.0,True
278641,splash,assists_all,4.0,4.0,True
278641,splash,deaths_all,12.0,12.0,True
278641,splash,fd_all,2.0,2.0,True
278641,splash,fk_all,2.0,2.0,True
278641,splash,hs_pct_all,30.0,30.0,True
278641,splash,kast_all,85.0,85.0,True
278641,splash,kills_all,17.0,17.0,True
278641,splash,rating_all,1.28,1.28,True
278641,zhe,acs_all,162.0,162.0,True
278641,zhe,adr_all,105.0,105.0,True
278641,zhe,assists_all,3.0,3.0,True
278641,zhe,deaths_all,19.0,19.0,True
278641,zhe,fd_all,4.0,4.0,True
278641,zhe,fk_all,2.0,2.0,True
278641,zhe,hs_pct_all,14.0,14.0,True
278641,zhe,kast_all,55.0,55.0,True
278641,zhe,kills_all,10.0,10.0,True
278641,zhe,rating_all,0.43,0.43,True
278642,BerLIN,acs_all,217.0,217.0,True
278642,BerLIN,adr_all,148.0,148.0,True
278642,BerLIN,assists_all,5.0,5.0,True
278642,BerLIN,deaths_all,17.0,17.0,True
278642,BerLIN,fd_all,2.0,2.0,True
278642,BerLIN,fk_all,3.0,3.0,True
278642,BerLIN,hs_pct_all,32.0,32.0,True
278642,BerLIN,kast_all,61.0,61.0,True
278642,BerLIN,kills_all,15.0,15.0,True
278642,BerLIN,rating_all,1.1,1.1,True
278642,Erv,acs_all,181.0,181.0,True
278642,Erv,adr_all,111.0,111.0,True
278642,Erv,assists_all,12.0,12.0,True
278642,Erv,deaths_all,12.0,12.0,True
278642,Erv,fd_all,1.0,1.0,True
278642,Erv,fk_all,2.0,2.0,True
278642,Erv,hs_pct_all,37.0,37.0,True
278642,Erv,kast_all,70.0,70.0,True
278642,Erv,kills_all,14.0,14.0,True
278642,Erv,rating_all,1.09,1.09,True
278642,Scales,acs_all,242.0,242.0,True
278642,Scales,adr_all,165.0,165.0,True
278642,Scales,assists_all,12.0,12.0,True
278642,Scales,deaths_all,16.0,16.0,True
278642,Scales,fd_all,3.0,3.0,True
278642,Scales,fk_all,2.0,2.0,True
278642,Scales,hs_pct_all,23.0,23.0,True
278642,Scales,kast_all,74.0,74.0,True
278642,Scales,kills_all,18.0,18.0,True
278642,Scales,rating_all,1.11,1.11,True
278642,SiuFatBB,acs_all,188.0,188.0,True
278642,SiuFatBB,adr_all,110.0,110.0,True
278642,SiuFatBB,assists_all,5.0,5.0,True
278642,SiuFatBB,deaths_all,13.0,13.0,True
278642,SiuFatBB,fd_all,1.0,1.0,True
278642,SiuFatBB,fk_all,3.0,3.0,True
278642,SiuFatBB,hs_pct_all,40.0,40.0,True
278642,SiuFatBB,kast_all,83.0,83.0,True
278642,SiuFatBB,kills_all,17.0,17.0,True
278642,SiuFatBB,rating_all,1.1,1.1,True
278642,Yuicaw,acs_all,114.0,114.0,True
278642,Yuicaw,adr_all,81.0,81.0,True
278642,Yuicaw,assists_all,8.0,8.0,True
278642,Yuicaw,deaths_all,16.0,16.0,True
278642,Yuicaw,fd_all,2.0,2.0,True
278642,Yuicaw,fk_all,1.0,1.0,True
278642,Yuicaw,hs_pct_all,19.0,19.0,True
278642,Yuicaw,kast_all,52.0,52.0,True
278642,Yuicaw,kills_all,8.0,8.0,True
278642,Yuicaw,rating_all,0.77,0.77,True
278642,crownfisher,acs_all,155.0,155.0,True
278642,crownfisher,adr_all,109.0,109.0,True
278642,crownfisher,assists_all,8.0,8.0,True
278642,crownfisher,deaths_all,19.0,19.0,True
278642,crownfisher,fd_all,1.0,1.0,True
278642,crownfisher,fk_all,0.0,0.0,True
278642,crownfisher,hs_pct_all,30.0,30.0,True
278642,crownfisher,kast_all,57.0,57.0,True
278642,crownfisher,kills_all,11.0,11.0,True
278642,crownfisher,rating_all,0.77,0.77,True
278642,jkuro,acs_all,189.0,189.0,True
278642,jkuro,adr_all,116.0,116.0,True
278642,jkuro,assists_all,0.0,0.0,True
278642,jkuro,deaths_all,17.0,17.0,True
278642,jkuro,fd_all,4.0,4.0,True
278642,jkuro,fk_all,4.0,4.0,True
278642,jkuro,hs_pct_all,41.0,41.0,True
278642,jkuro,kast_all,61.0,61.0,True
278642,jkuro,kills_all,17.0,17.0,True
278642,jkuro,rating_all,0.9,0.9,True
278642,slowly,acs_all,243.0,243.0,True
278642,slowly,adr_all,150.0,150.0,True
278642,slowly,assists_all,4.0,4.0,True
278642,slowly,deaths_all,12.0,12.0,True
278642,slowly,fd_all,2.0,2.0,True
278642,slowly,fk_all,1.0,1.0,True
278642,slowly,hs_pct_all,29.0,29.0,True
278642,slowly,kast_all,78.0,78.0,True
278642,slowly,kills_all,20.0,20.0,True
278642,slowly,rating_all,1.22,1.22,True
278642,splash,acs_all,187.0,187.0,True
278642,splash,adr_all,118.0,118.0,True
278642,splash,assists_all,1.0,1.0,True
278642,splash,deaths_all,14.0,14.0,True
278642,splash,fd_all,3.0,3.0,True
278642,splash,fk_all,5.0,5.0,True
278642,splash,hs_pct_all,24.0,24.0,True
278642,splash,kast_all,61.0,61.0,True
278642,splash,kills_all,16.0,16.0,True
278642,splash,rating_all,0.93,0.93,True
278642,zhe,acs_all,178.0,178.0,True
278642,zhe,adr_all,116.0,116.0,True
278642,zhe,assists_all,3.0,3.0,True
278642,zhe,deaths_all,16.0,16.0,True
278642,zhe,fd_all,4.0,4.0,True
278642,zhe,fk_all,2.0,2.0,True
278642,zhe,hs_pct_all,26.0,26.0,True
278642,zhe,kast_all,61.0,61.0,True
278642,zhe,kills_all,16.0,16.0,True
278642,zhe,rating_all,0.95,0.95,True
278643,BerLIN,acs_all,201.0,201.0,True
278643,BerLIN,adr_all,131.0,131.0,True
278643,BerLIN,assists_all,2.0,2.0,True
278643,BerLIN,deaths_all,12.0,12.0,True
278643,BerLIN,fd_all,1.0,1.0,True
278643,BerLIN,fk_all,2.0,2.0,True
278643,BerLIN,hs_pct_all,26.0,26.0,True
278643,BerLIN,kast_all,67.0,67.0,True
278643,BerLIN,kills_all,10.0,10.0,True
278643,BerLIN,rating_all,1.02,1.02,True
278643,Erv,acs_all,173.0,173.0,True
278643,Erv,adr_all,92.0,92.0,True
278643,Erv,assists_all,11.0,11.0,True
278643,Erv,deaths_all,7.0,7.0,True
278643,Erv,fd_all,2.0,2.0,True
278643,Erv,fk_all,0.0,0.0,True
278643,Erv,hs_pct_all,44.0,44.0,True
278643,Erv,kast_all,87.0,87.0,True
278643,Erv,kills_all,11.0,11.0,True
278643,Erv,rating_all,1.19,1.19,True
278643,Scales,acs_all,197.0,197.0,True
278643,Scales,adr_all,135.0,135.0,True
278643,Scales,assists_all,2.0,2.0,True
278643,Scales,deaths_all,8.0,8.0,True
278643,Scales,fd_all,1.0,1.0,True
278643,Scales,fk_all,2.0,2.0,True
278643,Scales,hs_pct_all,40.0,40.0,True
278643,Scales,kast_all,73.0,73.0,True
278643,Scales,kills_all,13.0,13.0,True
278643,Scales,rating_all,1.13,1.13,True
278643,SiuFatBB,acs_all,167.0,167.0,True
278643,SiuFatBB,adr_all,111.0,111.0,True
278643,SiuFatBB,assists_all,11.0,11.0,True
278643,SiuFatBB,deaths_all,5.0,5.0,True
278643,SiuFatBB,fd_all,0.0,0.0,True
278643,SiuFatBB,fk_all,0.0,0.0,True
278643,SiuFatBB,hs_pct_all,28.0,28.0,True
278643,SiuFatBB,kast_all,87.0,87.0,True
278643,SiuFatBB,kills_all,8.0,8.0,True
278643,SiuFatBB,rating_all,1.42,1.42,True
278643,Yuicaw,acs_all,184.0,184.0,True
278643,Yuicaw,adr_all,122.0,122.0,True
278643,Yuicaw,assists_all,1.0,1.0,True
278643,Yuicaw,deaths_all,13.0,13.0,True
278643,Yuicaw,fd_all,0.0,0.0,True
278643,Yuicaw,fk_all,2.0,2.0,True
278643,Yuicaw,hs_pct_all,43.0,43.0,True
278643,Yuicaw,kast_all,80.0,80.0,True
278643,Yuicaw,kills_all,11.0,11.0,True
278643,Yuicaw,rating_all,0.96,0.96,True
278643,crownfisher,acs_all,103.0,103.0,True
278643,crownfisher,adr_all,66.0,66.0,True
278643,crownfisher,assists_all,6.0,6.0,True
278643,crownfisher,deaths_all,13.0,13.0,True
278643,crownfisher,fd_all,3.0,3.0,True
278643,crownfisher,fk_all,1.0,1.0,True
278643,crownfisher,hs_pct_all,31.0,31.0,True
278643,crownfisher,kast_all,60.0,60.0,True
278643,crownfisher,kills_all,4.0,4.0,True
278643,crownfisher,rating_all,0.34,0.34,True
278643,jkuro,acs_all,99.0,99.0,True
278643,jkuro,adr_all,87.0,87.0,True
278643,jkuro,assists_all,6.0,6.0,True
278643,jkuro,deaths_all,14.0,14.0,True
278643,jkuro,fd_all,1.0,1.0,True
278643,jkuro,fk_all,0.0,0.0,True
278643,jkuro,hs_pct_all,8.0,8.0,True
278643,jkuro,kast_all,33.0,33.0,True
278643,jkuro,kills_all,2.0,2.0,True
278643,jkuro,rating_all,0.13,0.13,True
278643,slowly,acs_all,279.0,279.0,True
278643,slowly,adr_all,180.0,180.0,True
278643,slowly,assists_all,4.0,4.0,True
278643,slowly,deaths_all,7.0,7.0,True
278643,slowly,fd_all,2.0,2.0,True
278643,slowly,fk_all,3.0,3.0,True
278643,slowly,hs_pct_all,25.0,25.0,True
278643,slowly,kast_all,73.0,73.0,True
278643,slowly,kills_all,16.0,16.0,True
278643,slowly,rating_all,1.51,1.51,True
278643,splash,acs_all,312.0,312.0,True
278643,splash,adr_all,206.0,206.0,True
278643,splash,assists_all,8.0,8.0,True
278643,splash,deaths_all,9.0,9.0,True
278643,splash,fd_all,1.0,1.0,True
278643,splash,fk_all,4.0,4.0,True
278643,splash,hs_pct_all,38.0,38.0,True
278643,splash,kast_all,93.0,93.0,True
278643,splash,kills_all,15.0,15.0,True
278643,splash,rating_all,1.5,1.5,True
278643,zhe,acs_all,205.0,205.0,True
278643,zhe,adr_all,148.0,148.0,True
278643,zhe,assists_all,5.0,5.0,True
278643,zhe,deaths_all,11.0,11.0,True
278643,zhe,fd_all,4.0,4.0,True
278643,zhe,fk_all,1.0,1.0,True
278643,zhe,hs_pct_all,28.0,28.0,True
278643,zhe,kast_all,73.0,73.0,True
278643,zhe,kills_all,9.0,9.0,True
278643,zhe,rating_all,0.98,0.98,True
279007,Dantedeu5,acs_all,214.0,214.0,True
279007,Dantedeu5,adr_all,153.0,153.0,True
279007,Dantedeu5,assists_all,8.0,8.0,True
279007,Dantedeu5,deaths_all,14.0,14.0,True
279007,Dantedeu5,fd_all,3.0,3.0,True
279007,Dantedeu5,fk_all,2.0,2.0,True
279007,Dantedeu5,hs_pct_all,33.0,33.0,True
279007,Dantedeu5,kast_all,75.0,75.0,True
279007,Dantedeu5,kills_all,17.0,17.0,True
279007,Dantedeu5,rating_all,1.06,1.06,True
279007,Jerrwin,acs_all,93.0,93.0,True
279007,Jerrwin,adr_all,57.0,57.0,True
279007,Jerrwin,assists_all,2.0,2.0,True
279007,Jerrwin,deaths_all,17.0,17.0,True
279007,Jerrwin,fd_all,4.0,4.0,True
279007,Jerrwin,fk_all,1.0,1.0,True
279007,Jerrwin,hs_pct_all,15.0,15.0,True
279007,Jerrwin,kast_all,50.0,50.0,True
279007,Jerrwin,kills_all,7.0,7.0,True
279007,Jerrwin,rating_all,0.39,0.39,True
279007,JonahP,acs_all,129.0,129.0,True
279007,JonahP,adr_all,93.0,93.0,True
279007,JonahP,assists_all,7.0,7.0,True
279007,JonahP,deaths_all,17.0,17.0,True
279007,JonahP,fd_all,2.0,2.0,True
279007,JonahP,fk_all,0.0,0.0,True
279007,JonahP,hs_pct_all,18.0,18.0,True
279007,JonahP,kast_all,65.0,65.0,True
279007,JonahP,kills_all,7.0,7.0,True
279007,JonahP,rating_all,0.47,0.47,True
279007,Less,acs_all,254.0,254.0,True
279007,Less,adr_all,169.0,169.0,True
279007,Less,assists_all,13.0,13.0,True
279007,Less,deaths_all,12.0,12.0,True
279007,Less,fd_all,0.0,0.0,True
279007,Less,fk_all,2.0,2.0,True
279007,Less,hs_pct_all,39.0,39.0,True
279007,Less,kast_all,70.0,70.0,True
279007,Less,kills_all,19.0,19.0,True
279007,Less,rating_all,1.42,1.42,True
279007,Reduxx,acs_all,311.0,311.0,True
279007,Reduxx,adr_all,191.0,191.0,True
279007,Reduxx,assists_all,5.0,5.0,True
279007,Reduxx,deaths_all,17.0,17.0,True
279007,Reduxx,fd_all,4.0,4.0,True
279007,Reduxx,fk_all,3.0,3.0,True
279007,Reduxx,hs_pct_all,23.0,23.0,True
279007,Reduxx,kast_all,75.0,75.0,True
279007,Reduxx,kills_all,21.0,21.0,True
279007,Reduxx,rating_all,1.27,1.27,True
279007,cortezia,acs_all,107.0,107.0,True
279007,cortezia,adr_all,72.0,72.0,True
279007,cortezia,assists_all,5.0,5.0,True
279007,cortezia,deaths_all,13.0,13.0,True
279007,cortezia,fd_all,2.0,2.0,True
279007,cortezia,fk_all,1.0,1.0,True
279007,cortezia,hs_pct_all,33.0,33.0,True
279007,cortezia,kast_all,60.0,60.0,True
279007,cortezia,kills_all,7.0,7.0,True
279007,cortezia,rating_all,0.64,0.64,True
279007,heat,acs_all,182.0,182.0,True
279007,heat,adr_all,122.0,122.0,True
279007,heat,assists_all,0.0,0.0,True
279007,heat,deaths_all,10.0,10.0,True
279007,heat,fd_all,2.0,2.0,True
279007,heat,fk_all,3.0,3.0,True
279007,heat,hs_pct_all,30.0,30.0,True
279007,heat,kast_all,75.0,75.0,True
279007,heat,kills_all,15.0,15.0,True
279007,heat,rating_all,1.2,1.2,True
279007,johnqt,acs_all,231.0,231.0,True
279007,johnqt,adr_all,145.0,145.0,True
279007,johnqt,assists_all,7.0,7.0,True
279007,johnqt,deaths_all,15.0,15.0,True
279007,johnqt,fd_all,1.0,1.0,True
279007,johnqt,fk_all,2.0,2.0,True
279007,johnqt,hs_pct_all,28.0,28.0,True
279007,johnqt,kast_all,80.0,80.0,True
279007,johnqt,kills_all,18.0,18.0,True
279007,johnqt,rating_all,1.32,1.32,True
279007,mwzera,acs_all,251.0,251.0,True
279007,mwzera,adr_all,160.0,160.0,True
279007,mwzera,assists_all,9.0,9.0,True
279007,mwzera,deaths_all,10.0,10.0,True
279007,mwzera,fd_all,0.0,0.0,True
279007,mwzera,fk_all,1.0,1.0,True
279007,mwzera,hs_pct_all,17.0,17.0,True
279007,mwzera,kast_all,95.0,95.0,True
279007,mwzera,kills_all,18.0,18.0,True
279007,mwzera,rating_all,1.41,1.41,True
279007,saadhak,acs_all,168.0,168.0,True
279007,saadhak,adr_all,111.0,111.0,True
279007,saadhak,assists_all,13.0,13.0,True
279007,saadhak,deaths_all,14.0,14.0,True
279007,saadhak,fd_all,2.0,2.0,True
279007,saadhak,fk_all,5.0,5.0,True
279007,saadhak,hs_pct_all,20.0,20.0,True
279007,saadhak,kast_all,80.0,80.0,True
279007,saadhak,kills_all,10.0,10.0,True
279007,saadhak,rating_all,0.99,0.99,True
279008,Dantedeu5,acs_all,158.0,158.0,True
279008,Dantedeu5,adr_all,117.0,117.0,True
279008,Dantedeu5,assists_all,9.0,9.0,True
279008,Dantedeu5,deaths_all,13.0,13.0,True
279008,Dantedeu5,fd_all,6.0,6.0,True
279008,Dantedeu5,fk_all,2.0,2.0,True
279008,Dantedeu5,hs_pct_all,27.0,27.0,True
279008,Dantedeu5,kast_all,81.0,81.0,True
279008,Dantedeu5,kills_all,13.0,13.0,True
279008,Dantedeu5,rating_all,0.91,0.91,True
279008,Jerrwin,acs_all,157.0,157.0,True
279008,Jerrwin,adr_all,98.0,98.0,True
279008,Jerrwin,assists_all,6.0,6.0,True
279008,Jerrwin,deaths_all,20.0,20.0,True
279008,Jerrwin,fd_all,6.0,6.0,True
279008,Jerrwin,fk_all,5.0,5.0,True
279008,Jerrwin,hs_pct_all,18.0,18.0,True
279008,Jerrwin,kast_all,71.0,71.0,True
279008,Jerrwin,kills_all,12.0,12.0,True
279008,Jerrwin,rating_all,0.57,0.57,True
279008,JonahP,acs_all,174.0,174.0,True
279008,JonahP,adr_all,114.0,114.0,True
279008,JonahP,assists_all,8.0,8.0,True
279008,JonahP,deaths_all,15.0,15.0,True
279008,JonahP,fd_all,1.0,1.0,True
279008,JonahP,fk_all,0.0,0.0,True
279008,JonahP,hs_pct_all,11.0,11.0,True
279008,JonahP,kast_all,62.0,62.0,True
279008,JonahP,kills_all,12.0,12.0,True
279008,JonahP,rating_all,0.83,0.83,True
279008,Less,acs_all,293.0,293.0,True
279008,Less,adr_all,193.0,193.0,True
279008,Less,assists_all,14.0,14.0,True
279008,Less,deaths_all,13.0,13.0,True
279008,Less,fd_all,2.0,2.0,True
279008,Less,fk_all,3.0,3.0,True
279008,Less,hs_pct_all,23.0,23.0,True
279008,Less,kast_all,81.0,81.0,True
279008,Less,kills_all,21.0,21.0,True
279008,Less,rating_all,1.53,1.53,True
279008,Reduxx,acs_all,203.0,203.0,True
279008,Reduxx,adr_all,140.0,140.0,True
279008,Reduxx,assists_all,7.0,7.0,True
279008,Reduxx,deaths_all,17.0,17.0,True
279008,Reduxx,fd_all,2.0,2.0,True
279008,Reduxx,fk_all,4.0,4.0,True
279008,Reduxx,hs_pct_all,33.0,33.0,True
279008,Reduxx,kast_all,86.0,86.0,True
279008,Reduxx,kills_all,14.0,14.0,True
279008,Reduxx,rating_all,0.96,0.96,True
279008,cortezia,acs_all,245.0,245.0,True
279008,cortezia,adr_all,168.0,168.0,True
279008,cortezia,assists_all,1.0,1.0,True
279008,cortezia,deaths_all,16.0,16.0,True
279008,cortezia,fd_all,1.0,1.0,True
279008,cortezia,fk_all,2.0,2.0,True
279008,cortezia,hs_pct_all,41.0,41.0,True
279008,cortezia,kast_all,62.0,62.0,True
279008,cortezia,kills_all,18.0,18.0,True
279008,cortezia,rating_all,1.06,1.06,True
279008,heat,acs_all,156.0,156.0,True
279008,heat,adr_all,114.0,114.0,True
279008,heat,assists_all,7.0,7.0,True
279008,heat,deaths_all,13.0,13.0,True
279008,heat,fd_all,2.0,2.0,True
279008,heat,fk_all,2.0,2.0,True
279008,heat,hs_pct_all,30.0,30.0,True
279008,heat,kast_all,76.0,76.0,True
279008,heat,kills_all,13.0,13.0,True
279008,heat,rating_all,0.98,0.98,True
279008,johnqt,acs_all,178.0,178.0,True
279008,johnqt,adr_all,121.0,121.0,True
279008,johnqt,assists_all,12.0,12.0,True
279008,johnqt,deaths_all,16.0,16.0,True
279008,johnqt,fd_all,0.0,0.0,True
279008,johnqt,fk_all,0.0,0.0,True
279008,johnqt,hs_pct_all,8.0,8.0,True
279008,johnqt,kast_all,90.0,90.0,True
279008,johnqt,kills_all,11.0,11.0,True
279008,johnqt,rating_all,0.9,0.9,True
279008,mwzera,acs_all,245.0,245.0,True
279008,mwzera,adr_all,158.0,158.0,True
279008,mwzera,assists_all,7.0,7.0,True
279008,mwzera,deaths_all,15.0,15.0,True
279008,mwzera,fd_all,1.0,1.0,True
279008,mwzera,fk_all,1.0,1.0,True
279008,mwzera,hs_pct_all,15.0,15.0,True
279008,mwzera,kast_all,71.0,71.0,True
279008,mwzera,kills_all,17.0,17.0,True
279008,mwzera,rating_all,1.02,1.02,True
279008,saadhak,acs_all,250.0,250.0,True
279008,saadhak,adr_all,153.0,153.0,True
279008,saadhak,assists_all,11.0,11.0,True
279008,saadhak,deaths_all,13.0,13.0,True
279008,saadhak,fd_all,0.0,0.0,True
279008,saadhak,fk_all,2.0,2.0,True
279008,saadhak,hs_pct_all,26.0,26.0,True
279008,saadhak,kast_all,86.0,86.0,True
279008,saadhak,kills_all,20.0,20.0,True
279008,saadhak,rating_all,1.43,1.43,True
